timestamp,requestID,sequence,phase,sampleKind,elapsedMs,activeMlxBytes,cachedMlxBytes,processFootprintBytes,processCompressedBytes,systemSwapUsedBytes,processLifetimePeakMlxBytes,treeSnapshotBytes,treeLeasedBytes,treeLeaseCount,recurrentRewindStateBytes,outcome
2026-09-12T20:34:58Z,5EB46333-6357-4164-9E33-466BCC80235D,1,preparing,observation,0.025,16693606447,0,17283607304,6455590912,3221487616,23742003491,,,,,
2026-09-12T20:34:58Z,5EB46333-6357-4164-9E33-466BCC80235D,2,preparing,observation,0.123,16693606447,0,17283623688,6455590912,3221487616,23742003491,,,,,
2026-09-12T20:34:58Z,5EB46333-6357-4164-9E33-466BCC80235D,3,preparing,observation,1.294,16693606447,0,17283623688,6455525376,3221487616,23742003491,,,,,
2026-09-12T20:34:59Z,5EB46333-6357-4164-9E33-466BCC80235D,4,preparing,phaseEnd,879.400,17027064639,32768,17617529728,6441615360,3221487616,23742003491,,,,,
2026-09-12T20:34:59Z,5EB46333-6357-4164-9E33-466BCC80235D,5,restoring,phaseBegin,879.476,17027064639,32768,17617529728,6441615360,3221487616,23742003491,333185024,0,0,,
2026-09-12T20:34:59Z,5EB46333-6357-4164-9E33-466BCC80235D,6,restoring,observation,879.542,17027064639,32768,17617529728,6441615360,3221487616,23742003491,333185024,0,0,,
2026-09-12T20:34:59Z,5EB46333-6357-4164-9E33-466BCC80235D,7,restoring,phaseEnd,964.763,17360511807,33440,17953500032,6439747584,3221487616,23742003491,333185024,0,0,,
2026-09-12T20:34:59Z,5EB46333-6357-4164-9E33-466BCC80235D,8,restored,phaseBegin,964.876,17360511807,33440,17953500032,6439747584,3221487616,23742003491,333185024,0,0,0,
2026-09-12T20:34:59Z,5EB46333-6357-4164-9E33-466BCC80235D,9,restored,phaseEnd,967.336,17360511807,33440,17953500032,6439747584,3221487616,23742003491,333185024,0,0,0,
2026-09-12T20:34:59Z,5EB46333-6357-4164-9E33-466BCC80235D,10,prefilling,phaseBegin,967.406,17360511807,33440,17953500032,6439747584,3221487616,23742003491,333185024,0,0,0,
2026-09-12T20:34:59Z,5EB46333-6357-4164-9E33-466BCC80235D,11,prefilling,phaseEnd,967.503,17360511807,33440,17953500032,6439747584,3221487616,23742003491,333185024,0,0,0,
2026-09-12T20:34:59Z,5EB46333-6357-4164-9E33-466BCC80235D,12,dflashPreparing,phaseBegin,967.557,17360511807,33440,17953500032,6439747584,3221487616,23742003491,333185024,0,0,0,
2026-09-12T20:34:59Z,5EB46333-6357-4164-9E33-466BCC80235D,13,dflashPreparing,periodic,1012.573,17390092603,32912,17954286464,6438764544,3221487616,23742003491,333185024,0,0,0,
2026-09-12T20:35:00Z,5EB46333-6357-4164-9E33-466BCC80235D,14,dflashPreparing,periodic,2013.315,17489640141,237346682,18306263912,6437208064,3221487616,23742003491,333185024,0,0,0,
2026-09-12T20:35:01Z,5EB46333-6357-4164-9E33-466BCC80235D,15,dflashPreparing,periodic,3113.520,17391358314,93308700,18094107496,6431309824,3221487616,23742003491,333185024,0,0,0,
2026-09-12T20:35:02Z,5EB46333-6357-4164-9E33-466BCC80235D,16,dflashPreparing,phaseEnd,3758.024,17524497855,103796687,18235812712,6430834688,3221487616,23742003491,333185024,0,0,0,
2026-09-12T20:35:02Z,5EB46333-6357-4164-9E33-466BCC80235D,17,prefilled,phaseBegin,3758.172,17524497855,103796687,18235812712,6430834688,3221487616,23742003491,333185024,0,0,0,
2026-09-12T20:35:02Z,5EB46333-6357-4164-9E33-466BCC80235D,18,prefilled,phaseEnd,3762.812,17514601903,113692639,18237582184,6430834688,3221487616,23742003491,333185024,0,0,0,
2026-09-12T20:35:02Z,5EB46333-6357-4164-9E33-466BCC80235D,19,decoding,phaseBegin,3762.925,17514601903,113692639,18237582184,6430834688,3221487616,23742003491,333185024,0,0,0,
2026-09-12T20:35:02Z,5EB46333-6357-4164-9E33-466BCC80235D,20,decoding,observation,3763.182,17514590959,113703583,18237647720,6430834688,3221487616,23742003491,333185024,0,0,0,
2026-09-12T20:35:02Z,5EB46333-6357-4164-9E33-466BCC80235D,21,decoding,periodic,4213.719,17480941595,296366323,18398751592,6430425088,3221487616,23742003491,333185024,0,0,0,
2026-09-12T20:35:03Z,B10A62E0-CB89-4C2A-85C5-EFA95CA1D117,1,preparing,observation,0.018,17378176699,0,18737360272,6429687808,3221487616,23742003491,,,,,
2026-09-12T20:35:03Z,B10A62E0-CB89-4C2A-85C5-EFA95CA1D117,2,preparing,observation,0.083,17378176699,0,18737360272,6429687808,3221487616,23742003491,,,,,
2026-09-12T20:35:03Z,B10A62E0-CB89-4C2A-85C5-EFA95CA1D117,3,preparing,observation,0.983,17378176699,0,18737343888,6429687808,3221487616,23742003491,,,,,
2026-09-12T20:35:03Z,B10A62E0-CB89-4C2A-85C5-EFA95CA1D117,4,preparing,phaseEnd,19.217,17378188371,32768,18681802128,6429392896,3221487616,23742003491,,,,,
2026-09-12T20:35:03Z,B10A62E0-CB89-4C2A-85C5-EFA95CA1D117,5,restoring,phaseBegin,19.279,17378188371,32768,18681802128,6429392896,3221487616,23742003491,670892032,0,0,,
2026-09-12T20:35:03Z,B10A62E0-CB89-4C2A-85C5-EFA95CA1D117,6,restoring,observation,19.334,17378188371,32768,18681802128,6429392896,3221487616,23742003491,670892032,0,0,,
2026-09-12T20:35:03Z,B10A62E0-CB89-4C2A-85C5-EFA95CA1D117,7,restoring,phaseEnd,23.503,17532329043,33248,18835942800,6429392896,3221487616,23742003491,670892032,0,0,,
2026-09-12T20:35:03Z,B10A62E0-CB89-4C2A-85C5-EFA95CA1D117,8,restored,phaseBegin,23.561,17532329043,33248,18835942800,6429392896,3221487616,23742003491,670892032,0,0,153944064,
2026-09-12T20:35:03Z,B10A62E0-CB89-4C2A-85C5-EFA95CA1D117,9,restored,phaseEnd,27.889,17532329043,33248,18835991952,6429392896,3221487616,23742003491,670892032,0,0,153944064,
2026-09-12T20:35:03Z,B10A62E0-CB89-4C2A-85C5-EFA95CA1D117,10,prefilling,phaseBegin,27.965,17532329043,33248,18835991952,6429392896,3221487616,23742003491,670892032,0,0,153944064,
2026-09-12T20:35:03Z,B10A62E0-CB89-4C2A-85C5-EFA95CA1D117,11,prefilling,phaseEnd,28.041,17532329043,33248,18835991952,6429392896,3221487616,23742003491,670892032,0,0,153944064,
2026-09-12T20:35:03Z,B10A62E0-CB89-4C2A-85C5-EFA95CA1D117,12,dflashPreparing,phaseBegin,28.097,17532329043,33248,18835991952,6429392896,3221487616,23742003491,670892032,0,0,153944064,
2026-09-12T20:35:03Z,5EB46333-6357-4164-9E33-466BCC80235D,22,decoding,phaseEnd,5070.802,17378176699,908276739,18909621096,6429917184,3221487616,23742003491,333185024,0,0,0,
2026-09-12T20:35:03Z,5EB46333-6357-4164-9E33-466BCC80235D,23,generationQuiescent,phaseBegin,5070.923,17378176699,908276739,18909621096,6429917184,3221487616,23742003491,333185024,0,0,0,
2026-09-12T20:35:03Z,5EB46333-6357-4164-9E33-466BCC80235D,24,generationQuiescent,phaseEnd,5071.060,17378176699,908276739,18909621096,6429900800,3221487616,23742003491,333185024,0,0,0,
2026-09-12T20:35:03Z,5EB46333-6357-4164-9E33-466BCC80235D,25,admittingCheckpoints,phaseBegin,5071.143,17378176699,908276739,18909621096,6429900800,3221487616,23742003491,333185024,0,0,0,
2026-09-12T20:35:03Z,5EB46333-6357-4164-9E33-466BCC80235D,26,admittingCheckpoints,phaseEnd,5077.359,17378176699,908276739,18909686632,6429900800,3221487616,23742003491,333185024,0,0,0,
2026-09-12T20:35:03Z,5EB46333-6357-4164-9E33-466BCC80235D,27,storingLeaf,phaseBegin,5077.469,17378176699,908276739,18909686632,6429900800,3221487616,23742003491,333185024,0,0,0,
2026-09-12T20:35:03Z,5EB46333-6357-4164-9E33-466BCC80235D,28,storingLeaf,phaseEnd,5078.719,17378176699,908276739,18909686632,6429900800,3221487616,23742003491,333185024,0,0,0,
2026-09-12T20:35:03Z,5EB46333-6357-4164-9E33-466BCC80235D,29,capturingLeaf,phaseBegin,5078.802,17378176699,908276739,18909686632,6429900800,3221487616,23742003491,333185024,0,0,0,
2026-09-12T20:35:03Z,5EB46333-6357-4164-9E33-466BCC80235D,30,capturingLeaf,phaseEnd,5079.109,17378176699,908276739,18909686632,6429900800,3221487616,23742003491,333185024,0,0,0,
2026-09-12T20:35:03Z,5EB46333-6357-4164-9E33-466BCC80235D,31,preparingPayload,phaseBegin,5079.188,17378176699,908276739,18909686632,6429900800,3221487616,23742003491,333185024,0,0,0,
2026-09-12T20:35:03Z,5EB46333-6357-4164-9E33-466BCC80235D,32,preparingPayload,phaseEnd,5079.291,17378176699,908276739,18909686632,6429900800,3221487616,23742003491,333185024,0,0,0,
2026-09-12T20:35:03Z,5EB46333-6357-4164-9E33-466BCC80235D,33,admittingLeaf,phaseBegin,5079.377,17378176699,908276739,18909686632,6429900800,3221487616,23742003491,333185024,0,0,0,
2026-09-12T20:35:03Z,5EB46333-6357-4164-9E33-466BCC80235D,34,admittingLeaf,observation,5079.460,17378176699,908276739,18909686632,6429900800,3221487616,23742003491,333185024,0,0,0,
2026-09-12T20:35:03Z,5EB46333-6357-4164-9E33-466BCC80235D,35,admittingLeaf,phaseEnd,5087.227,17378176699,0,18869906280,6429884416,3221487616,23742003491,333185024,0,0,0,
2026-09-12T20:35:03Z,5EB46333-6357-4164-9E33-466BCC80235D,36,recordingRequest,phaseBegin,5087.326,17378176699,0,18869119848,6429884416,3221487616,23742003491,333185024,0,0,0,
2026-09-12T20:35:03Z,5EB46333-6357-4164-9E33-466BCC80235D,37,recordingRequest,phaseEnd,5109.761,17378176699,0,18059373416,6429884416,3221487616,23742003491,333185024,0,0,0,
2026-09-12T20:35:03Z,5EB46333-6357-4164-9E33-466BCC80235D,38,finishingStream,phaseBegin,5109.855,17378176699,0,18059373416,6429884416,3221487616,23742003491,670892032,0,0,0,
2026-09-12T20:35:03Z,5EB46333-6357-4164-9E33-466BCC80235D,39,finishingStream,cancelSignal,5109.943,17378176699,0,18060176232,6429884416,3221487616,23742003491,670892032,0,0,0,
2026-09-12T20:35:03Z,5EB46333-6357-4164-9E33-466BCC80235D,40,finishingStream,phaseEnd,5110.038,17378176699,0,18062125928,6429884416,3221487616,23742003491,670892032,0,0,0,
2026-09-12T20:35:03Z,5EB46333-6357-4164-9E33-466BCC80235D,41,releasingRequest,phaseBegin,5110.115,17378176699,0,18062732136,6429868032,3221487616,23742003491,670892032,0,0,0,
2026-09-12T20:35:03Z,5EB46333-6357-4164-9E33-466BCC80235D,42,releasingRequest,observation,5110.215,17378176699,0,18062732136,6429868032,3221487616,23742003491,670892032,0,0,0,
2026-09-12T20:35:03Z,5EB46333-6357-4164-9E33-466BCC80235D,43,releasingRequest,phaseEnd,5110.303,17378176699,0,18062732136,6429851648,3221487616,23742003491,670892032,0,0,0,completed
2026-09-12T20:35:03Z,5EB46333-6357-4164-9E33-466BCC80235D,44,finished,terminal,5110.384,17378176699,0,18063076200,6429851648,3221487616,23742003491,670892032,0,0,0,completed
2026-09-12T20:35:04Z,B10A62E0-CB89-4C2A-85C5-EFA95CA1D117,13,dflashPreparing,phaseEnd,728.522,17678966887,129042689,18697071728,6429327360,3221487616,23742003491,670892032,0,0,153944064,
2026-09-12T20:35:04Z,B10A62E0-CB89-4C2A-85C5-EFA95CA1D117,14,prefilled,phaseBegin,728.672,17678966887,129042689,18697071728,6429327360,3221487616,23742003491,670892032,0,0,153944064,
2026-09-12T20:35:04Z,B10A62E0-CB89-4C2A-85C5-EFA95CA1D117,15,prefilled,phaseEnd,755.543,17615413267,192596309,18954873968,6428753920,3221487616,23742003491,670892032,0,0,153944064,
2026-09-12T20:35:04Z,B10A62E0-CB89-4C2A-85C5-EFA95CA1D117,16,decoding,phaseBegin,755.638,17615413267,192596309,18954873968,6428753920,3221487616,23742003491,670892032,0,0,153944064,
2026-09-12T20:35:04Z,B10A62E0-CB89-4C2A-85C5-EFA95CA1D117,17,decoding,observation,755.786,17615401611,192607965,18954873968,6428721152,3221487616,23742003491,670892032,0,0,153944064,
2026-09-12T20:35:04Z,B10A62E0-CB89-4C2A-85C5-EFA95CA1D117,18,decoding,periodic,1017.742,18142886859,319745795,19616377968,6428459008,3221487616,23742003491,670892032,0,0,153944064,
2026-09-12T20:35:04Z,5EB46333-6357-4164-9E33-466BCC80235D,45,settled,afterRelease,6111.689,18039535395,422956587,19616214128,6428508160,3221487616,23742003491,670892032,0,0,0,completed
2026-09-12T20:35:05Z,B10A62E0-CB89-4C2A-85C5-EFA95CA1D117,19,decoding,periodic,2040.726,18201197547,387396463,19744173168,6428065792,3221487616,23742003491,670892032,0,0,153944064,
2026-09-12T20:35:05Z,B10A62E0-CB89-4C2A-85C5-EFA95CA1D117,20,decoding,phaseEnd,2322.846,17537560251,1164279967,19857075312,6427869184,3221487616,23742003491,670892032,0,0,153944064,
2026-09-12T20:35:05Z,B10A62E0-CB89-4C2A-85C5-EFA95CA1D117,21,generationQuiescent,phaseBegin,2322.956,17537560251,1164279967,19857075312,6427869184,3221487616,23742003491,670892032,0,0,153944064,
2026-09-12T20:35:05Z,B10A62E0-CB89-4C2A-85C5-EFA95CA1D117,22,generationQuiescent,phaseEnd,2323.067,17537560251,1164279967,19857075312,6427869184,3221487616,23742003491,670892032,0,0,153944064,
2026-09-12T20:35:05Z,B10A62E0-CB89-4C2A-85C5-EFA95CA1D117,23,admittingCheckpoints,phaseBegin,2323.147,17537560251,1164279967,19857075312,6427869184,3221487616,23742003491,670892032,0,0,153944064,
2026-09-12T20:35:05Z,B10A62E0-CB89-4C2A-85C5-EFA95CA1D117,24,admittingCheckpoints,phaseEnd,2328.920,17537560251,1164279967,19857124464,6427869184,3221487616,23742003491,670892032,0,0,153944064,
2026-09-12T20:35:05Z,B10A62E0-CB89-4C2A-85C5-EFA95CA1D117,25,storingLeaf,phaseBegin,2329.007,17537560251,1164279967,19857124464,6427869184,3221487616,23742003491,670892032,337707008,1,153944064,
2026-09-12T20:35:05Z,B10A62E0-CB89-4C2A-85C5-EFA95CA1D117,26,storingLeaf,phaseEnd,2330.248,17537560251,1164279967,19857157232,6427836416,3221487616,23742003491,670892032,337707008,1,153944064,
2026-09-12T20:35:05Z,B10A62E0-CB89-4C2A-85C5-EFA95CA1D117,27,capturingLeaf,phaseBegin,2330.337,17537560251,1164279967,19857157232,6427836416,3221487616,23742003491,670892032,337707008,1,153944064,
2026-09-12T20:35:05Z,B10A62E0-CB89-4C2A-85C5-EFA95CA1D117,28,capturingLeaf,phaseEnd,2330.608,17537560251,1164279967,19857157232,6427836416,3221487616,23742003491,670892032,337707008,1,153944064,
2026-09-12T20:35:05Z,B10A62E0-CB89-4C2A-85C5-EFA95CA1D117,29,preparingPayload,phaseBegin,2330.688,17537560251,1164279967,19857157232,6427836416,3221487616,23742003491,670892032,337707008,1,153944064,
2026-09-12T20:35:05Z,B10A62E0-CB89-4C2A-85C5-EFA95CA1D117,30,preparingPayload,phaseEnd,2332.989,17705217725,1009320189,19869887600,6427836416,3221487616,23742003491,670892032,337707008,1,153944064,
2026-09-12T20:35:05Z,B10A62E0-CB89-4C2A-85C5-EFA95CA1D117,31,admittingLeaf,phaseBegin,2333.073,17705217723,1009320191,19869887600,6427836416,3221487616,23742003491,670892032,337707008,1,153944064,
2026-09-12T20:35:05Z,B10A62E0-CB89-4C2A-85C5-EFA95CA1D117,32,admittingLeaf,observation,2336.823,17551077051,1163460863,19876424840,6427820032,3221487616,23742003491,670892032,337707008,1,0,
2026-09-12T20:35:05Z,B10A62E0-CB89-4C2A-85C5-EFA95CA1D117,33,admittingLeaf,phaseEnd,2347.987,17547849403,3227648,19380006024,6427820032,3221487616,23742003491,670892032,337707008,1,0,
2026-09-12T20:35:05Z,B10A62E0-CB89-4C2A-85C5-EFA95CA1D117,34,recordingRequest,phaseBegin,2348.075,17547849403,3227648,19375893640,6427820032,3221487616,23742003491,670892032,337707008,1,0,
2026-09-12T20:35:05Z,B10A62E0-CB89-4C2A-85C5-EFA95CA1D117,35,recordingRequest,phaseEnd,2348.344,17544621755,6455296,19359345800,6427820032,3221487616,23742003491,670892032,337707008,1,0,
2026-09-12T20:35:05Z,B10A62E0-CB89-4C2A-85C5-EFA95CA1D117,36,finishingStream,phaseBegin,2348.424,17544621755,6455296,19356347528,6427820032,3221487616,23742003491,683540480,0,0,0,
2026-09-12T20:35:05Z,B10A62E0-CB89-4C2A-85C5-EFA95CA1D117,37,finishingStream,cancelSignal,2348.500,17544621755,6455296,19353791624,6427820032,3221487616,23742003491,683540480,0,0,0,
2026-09-12T20:35:05Z,B10A62E0-CB89-4C2A-85C5-EFA95CA1D117,38,finishingStream,phaseEnd,2348.587,17544621755,6455296,19350645896,6427820032,3221487616,23742003491,683540480,0,0,0,
2026-09-12T20:35:05Z,B10A62E0-CB89-4C2A-85C5-EFA95CA1D117,39,releasingRequest,phaseBegin,2348.675,17541394107,9682944,19344387232,6427820032,3221487616,23742003491,683540480,0,0,0,
2026-09-12T20:35:05Z,B10A62E0-CB89-4C2A-85C5-EFA95CA1D117,40,releasingRequest,observation,2348.791,17540574907,10502144,19338849440,6427820032,3221487616,23742003491,683540480,0,0,0,
2026-09-12T20:35:05Z,B10A62E0-CB89-4C2A-85C5-EFA95CA1D117,41,releasingRequest,phaseEnd,2348.879,17540574907,10502144,19332672672,6427820032,3221487616,23742003491,683540480,0,0,0,completed
2026-09-12T20:35:05Z,B10A62E0-CB89-4C2A-85C5-EFA95CA1D117,42,finished,terminal,2348.953,17540574907,10502144,19326381216,6427820032,3221487616,23742003491,683540480,0,0,0,completed
2026-09-12T20:35:06Z,B10A62E0-CB89-4C2A-85C5-EFA95CA1D117,43,settled,afterRelease,3355.130,17383419579,167657472,18937261240,6427721728,3221487616,23742003491,683540480,0,0,0,completed
2026-09-12T20:36:19Z,4B8B60F5-D7B9-4BE4-81C6-9F16111DEA05,1,preparing,observation,0.014,17383386815,860797080,19635055824,6347194368,3221487616,23742003491,,,,,
2026-09-12T20:36:19Z,4B8B60F5-D7B9-4BE4-81C6-9F16111DEA05,2,preparing,observation,0.088,17383386815,860797080,19635055824,6347194368,3221487616,23742003491,,,,,
2026-09-12T20:36:19Z,4B8B60F5-D7B9-4BE4-81C6-9F16111DEA05,3,preparing,observation,1.006,17383386815,860797080,19635055824,6347194368,3221487616,23742003491,,,,,
2026-09-12T20:36:19Z,4B8B60F5-D7B9-4BE4-81C6-9F16111DEA05,4,preparing,phaseEnd,11.493,17383401699,860782196,19634957520,6346915840,3221487616,23742003491,,,,,
2026-09-12T20:36:19Z,4B8B60F5-D7B9-4BE4-81C6-9F16111DEA05,5,restoring,phaseBegin,11.540,17383401699,860782196,19634957520,6346915840,3221487616,23742003491,683540480,0,0,,
2026-09-12T20:36:19Z,4B8B60F5-D7B9-4BE4-81C6-9F16111DEA05,6,restoring,observation,11.589,17383401699,860782196,19634957520,6346915840,3221487616,23742003491,683540480,0,0,,
2026-09-12T20:36:19Z,4B8B60F5-D7B9-4BE4-81C6-9F16111DEA05,7,restoring,phaseEnd,15.559,17537919299,706264620,19634957520,6346915840,3221487616,23742003491,683540480,0,0,,
2026-09-12T20:36:19Z,4B8B60F5-D7B9-4BE4-81C6-9F16111DEA05,8,restored,phaseBegin,15.645,17537919203,706264716,19634957520,6346915840,3221487616,23742003491,683540480,0,0,153944064,
2026-09-12T20:36:19Z,4B8B60F5-D7B9-4BE4-81C6-9F16111DEA05,9,restored,phaseEnd,22.749,17537919203,706264716,19635006672,6346915840,3221487616,23742003491,683540480,0,0,153944064,
2026-09-12T20:36:19Z,4B8B60F5-D7B9-4BE4-81C6-9F16111DEA05,10,prefilling,phaseBegin,22.849,17537919203,706264716,19635006672,6346915840,3221487616,23742003491,683540480,0,0,153944064,
2026-09-12T20:36:19Z,4B8B60F5-D7B9-4BE4-81C6-9F16111DEA05,11,prefilling,phaseEnd,22.942,17537919203,706264716,19635006672,6346915840,3221487616,23742003491,683540480,0,0,153944064,
2026-09-12T20:36:19Z,4B8B60F5-D7B9-4BE4-81C6-9F16111DEA05,12,dflashPreparing,phaseBegin,23.007,17537919203,706264716,19635006672,6346915840,3221487616,23742003491,683540480,0,0,153944064,
2026-09-12T20:36:19Z,4B8B60F5-D7B9-4BE4-81C6-9F16111DEA05,13,dflashPreparing,phaseEnd,475.339,17684442359,112562945,19185052856,6346915840,3221487616,23742003491,683540480,0,0,153944064,
2026-09-12T20:36:19Z,4B8B60F5-D7B9-4BE4-81C6-9F16111DEA05,14,prefilled,phaseBegin,475.512,17684442359,112562945,19185052856,6346915840,3221487616,23742003491,683540480,0,0,153944064,
2026-09-12T20:36:19Z,4B8B60F5-D7B9-4BE4-81C6-9F16111DEA05,15,prefilled,phaseEnd,480.332,17661439191,135566113,19185052856,6346915840,3221487616,23742003491,683540480,0,0,153944064,
2026-09-12T20:36:19Z,4B8B60F5-D7B9-4BE4-81C6-9F16111DEA05,16,decoding,phaseBegin,480.444,17661439191,135566113,19185052856,6346915840,3221487616,23742003491,683540480,0,0,153944064,
2026-09-12T20:36:19Z,4B8B60F5-D7B9-4BE4-81C6-9F16111DEA05,17,decoding,observation,480.598,17661424315,135580989,19185052856,6346915840,3221487616,23742003491,683540480,0,0,153944064,
2026-09-12T20:36:20Z,225B02AC-1796-4DD7-BFA7-FAC3E5388E71,1,preparing,observation,0.015,17400164031,161923072,19194277072,6346391552,3221487616,23742003491,,,,,
2026-09-12T20:36:20Z,225B02AC-1796-4DD7-BFA7-FAC3E5388E71,2,preparing,observation,0.072,17400164031,161923072,19194277072,6346391552,3221487616,23742003491,,,,,
2026-09-12T20:36:20Z,225B02AC-1796-4DD7-BFA7-FAC3E5388E71,3,preparing,observation,0.968,17400164031,161923072,19194260688,6346391552,3221487616,23742003491,,,,,
2026-09-12T20:36:20Z,225B02AC-1796-4DD7-BFA7-FAC3E5388E71,4,preparing,phaseEnd,150.262,17400245951,162004992,18957118672,6346194944,3221487616,23742003491,,,,,
2026-09-12T20:36:20Z,225B02AC-1796-4DD7-BFA7-FAC3E5388E71,5,restoring,phaseBegin,150.331,17400245951,162004992,18957118672,6346194944,3221487616,23742003491,690618368,0,0,,
2026-09-12T20:36:20Z,225B02AC-1796-4DD7-BFA7-FAC3E5388E71,6,restoring,observation,150.379,17400245951,162004992,18957118672,6346194944,3221487616,23742003491,690618368,0,0,,
2026-09-12T20:36:20Z,225B02AC-1796-4DD7-BFA7-FAC3E5388E71,7,restoring,phaseEnd,152.306,17554812697,7504262,18957216976,6346194944,3221487616,23742003491,690618368,0,0,,
2026-09-12T20:36:20Z,225B02AC-1796-4DD7-BFA7-FAC3E5388E71,8,restored,phaseBegin,152.361,17554812607,7504352,18957216976,6346194944,3221487616,23742003491,690618368,0,0,153944064,
2026-09-12T20:36:20Z,225B02AC-1796-4DD7-BFA7-FAC3E5388E71,9,restored,phaseEnd,159.427,17554812607,7504352,18957610192,6346194944,3221487616,23742003491,690618368,0,0,153944064,
2026-09-12T20:36:20Z,225B02AC-1796-4DD7-BFA7-FAC3E5388E71,10,prefilling,phaseBegin,159.490,17554812607,7504352,18957610192,6346194944,3221487616,23742003491,690618368,0,0,153944064,
2026-09-12T20:36:20Z,4B8B60F5-D7B9-4BE4-81C6-9F16111DEA05,18,decoding,periodic,1004.277,18164661199,559711543,20113910968,6346833920,3221487616,23742003491,683540480,0,0,153944064,
2026-09-12T20:36:20Z,4B8B60F5-D7B9-4BE4-81C6-9F16111DEA05,19,decoding,phaseEnd,1473.564,17554681535,1169711431,20113894584,6346801152,3221487616,23742003491,683540480,0,0,153944064,
2026-09-12T20:36:20Z,4B8B60F5-D7B9-4BE4-81C6-9F16111DEA05,20,generationQuiescent,phaseBegin,1473.725,17554681535,1169711431,20113894584,6346801152,3221487616,23742003491,683540480,0,0,153944064,
2026-09-12T20:36:20Z,4B8B60F5-D7B9-4BE4-81C6-9F16111DEA05,21,generationQuiescent,phaseEnd,1473.888,17554681535,1169711431,20113894584,6346801152,3221487616,23742003491,683540480,0,0,153944064,
2026-09-12T20:36:20Z,4B8B60F5-D7B9-4BE4-81C6-9F16111DEA05,22,admittingCheckpoints,phaseBegin,1473.998,17554681535,1169711431,20113894584,6346801152,3221487616,23742003491,683540480,0,0,153944064,
2026-09-12T20:36:20Z,4B8B60F5-D7B9-4BE4-81C6-9F16111DEA05,23,admittingCheckpoints,phaseEnd,1476.196,17554681535,1169711431,20113943736,6346801152,3221487616,23742003491,683540480,0,0,153944064,
2026-09-12T20:36:20Z,4B8B60F5-D7B9-4BE4-81C6-9F16111DEA05,24,storingLeaf,phaseBegin,1476.293,17554681535,1169711431,20113943736,6346801152,3221487616,23742003491,683540480,350355456,1,153944064,
2026-09-12T20:36:20Z,4B8B60F5-D7B9-4BE4-81C6-9F16111DEA05,25,storingLeaf,phaseEnd,1485.250,17554681535,1169711431,20113992888,6346801152,3221487616,23742003491,683540480,350355456,1,153944064,
2026-09-12T20:36:20Z,4B8B60F5-D7B9-4BE4-81C6-9F16111DEA05,26,capturingLeaf,phaseBegin,1485.352,17554681535,1169711431,20113992888,6346801152,3221487616,23742003491,683540480,350355456,1,153944064,
2026-09-12T20:36:20Z,4B8B60F5-D7B9-4BE4-81C6-9F16111DEA05,27,capturingLeaf,phaseEnd,1485.642,17554681535,1169711431,20113992888,6346801152,3221487616,23742003491,683540480,350355456,1,153944064,
2026-09-12T20:36:20Z,4B8B60F5-D7B9-4BE4-81C6-9F16111DEA05,28,preparingPayload,phaseBegin,1485.741,17554681535,1169711431,20113992888,6346801152,3221487616,23742003491,683540480,350355456,1,153944064,
2026-09-12T20:36:20Z,4B8B60F5-D7B9-4BE4-81C6-9F16111DEA05,29,preparingPayload,phaseEnd,1487.979,17716604609,1007788445,20114009272,6346801152,3221487616,23742003491,683540480,350355456,1,153944064,
2026-09-12T20:36:20Z,4B8B60F5-D7B9-4BE4-81C6-9F16111DEA05,30,admittingLeaf,phaseBegin,1488.071,17716604607,1007788447,20114009272,6346801152,3221487616,23742003491,683540480,350355456,1,153944064,
2026-09-12T20:36:20Z,4B8B60F5-D7B9-4BE4-81C6-9F16111DEA05,31,admittingLeaf,observation,1488.288,17562087103,1162305951,20114009272,6346801152,3221487616,23742003491,683540480,350355456,1,0,
2026-09-12T20:36:20Z,4B8B60F5-D7B9-4BE4-81C6-9F16111DEA05,32,admittingLeaf,phaseEnd,1498.604,17562087103,0,19847949472,6346407936,3221487616,23742003491,683540480,350355456,1,0,
2026-09-12T20:36:20Z,4B8B60F5-D7B9-4BE4-81C6-9F16111DEA05,33,recordingRequest,phaseBegin,1498.700,17562087103,0,19845164192,6346407936,3221487616,23742003491,683540480,350355456,1,0,
2026-09-12T20:36:20Z,4B8B60F5-D7B9-4BE4-81C6-9F16111DEA05,34,recordingRequest,phaseEnd,1499.027,17558859455,3227648,19835694240,6346407936,3221487616,23742003491,683540480,350355456,1,0,
2026-09-12T20:36:20Z,4B8B60F5-D7B9-4BE4-81C6-9F16111DEA05,35,finishingStream,phaseBegin,1499.120,17558859455,3227648,19833187488,6346407936,3221487616,23742003491,690618368,0,0,0,
2026-09-12T20:36:20Z,4B8B60F5-D7B9-4BE4-81C6-9F16111DEA05,36,finishingStream,cancelSignal,1499.211,17558859455,3227648,19830680736,6346407936,3221487616,23742003491,690618368,0,0,0,
2026-09-12T20:36:20Z,4B8B60F5-D7B9-4BE4-81C6-9F16111DEA05,37,finishingStream,phaseEnd,1499.317,17555631807,6455296,19827911840,6346407936,3221487616,23742003491,690618368,0,0,0,
2026-09-12T20:36:20Z,4B8B60F5-D7B9-4BE4-81C6-9F16111DEA05,38,releasingRequest,phaseBegin,1499.423,17555631807,6455296,19825683616,6346407936,3221487616,23742003491,690618368,0,0,0,
2026-09-12T20:36:20Z,4B8B60F5-D7B9-4BE4-81C6-9F16111DEA05,39,releasingRequest,observation,1499.571,17555631807,6455296,19821784224,6346407936,3221487616,23742003491,690618368,0,0,0,
2026-09-12T20:36:20Z,4B8B60F5-D7B9-4BE4-81C6-9F16111DEA05,40,releasingRequest,phaseEnd,1499.689,17551945407,10141696,19818720416,6346407936,3221487616,23742003491,690618368,0,0,0,completed
2026-09-12T20:36:20Z,4B8B60F5-D7B9-4BE4-81C6-9F16111DEA05,41,finished,terminal,1499.793,17551945407,10141696,19815378080,6346407936,3221487616,23742003491,690618368,0,0,0,completed
2026-09-12T20:36:21Z,225B02AC-1796-4DD7-BFA7-FAC3E5388E71,11,prefilling,periodic,1021.176,18003702643,644550896,20044229864,6346063872,3221487616,23742003491,690618368,0,0,153944064,
2026-09-12T20:36:21Z,4B8B60F5-D7B9-4BE4-81C6-9F16111DEA05,42,settled,afterRelease,2507.728,18003702659,644550880,20044295400,6346063872,3221487616,23742003491,690618368,0,0,0,completed
2026-09-12T20:36:22Z,225B02AC-1796-4DD7-BFA7-FAC3E5388E71,12,prefilling,periodic,2059.900,18037912119,678105644,19846638824,6346063872,3221487616,23742003491,690618368,0,0,153944064,
2026-09-12T20:36:23Z,225B02AC-1796-4DD7-BFA7-FAC3E5388E71,13,prefilling,periodic,3069.844,18042368283,724472648,19897265384,6346063872,3221487616,23742003491,690618368,0,0,153944064,
2026-09-12T20:36:24Z,225B02AC-1796-4DD7-BFA7-FAC3E5388E71,14,prefilling,periodic,4170.125,18395672563,438932592,19964996840,6346063872,3221487616,23742003491,690618368,0,0,153944064,
2026-09-12T20:36:26Z,225B02AC-1796-4DD7-BFA7-FAC3E5388E71,15,prefilling,periodic,5270.338,18462618647,950505576,20543778000,6346063872,3221487616,23742003491,690618368,0,0,153944064,
2026-09-12T20:36:27Z,225B02AC-1796-4DD7-BFA7-FAC3E5388E71,16,prefilling,periodic,6370.572,18082312919,1394217384,20606921936,6346063872,3221487616,23742003491,690618368,0,0,153944064,
2026-09-12T20:36:28Z,225B02AC-1796-4DD7-BFA7-FAC3E5388E71,17,prefilling,periodic,7392.790,18491978159,1069093584,20691463376,6346063872,3221487616,23742003491,690618368,0,0,153944064,
2026-09-12T20:36:29Z,225B02AC-1796-4DD7-BFA7-FAC3E5388E71,18,prefilling,periodic,8493.106,18099908711,1524569112,20754869456,6346063872,3221487616,23742003491,690618368,0,0,153944064,
2026-09-12T20:36:30Z,225B02AC-1796-4DD7-BFA7-FAC3E5388E71,19,prefilling,periodic,9552.559,18334773027,1374246236,20839410896,6346063872,3221487616,23742003491,690618368,0,0,153944064,
2026-09-12T20:36:31Z,225B02AC-1796-4DD7-BFA7-FAC3E5388E71,20,prefilling,periodic,10652.798,18642973539,1563758852,21337369808,6346063872,3221487616,23742003491,690618368,0,0,153944064,
2026-09-12T20:36:32Z,225B02AC-1796-4DD7-BFA7-FAC3E5388E71,21,prefilling,periodic,11753.023,18157810211,1916785212,21205200080,6346063872,3221487616,23742003491,690618368,0,0,153944064,
2026-09-12T20:36:33Z,225B02AC-1796-4DD7-BFA7-FAC3E5388E71,22,prefilling,periodic,12755.115,18672333051,1503581028,21306272976,6346063872,3221487616,23742003491,690618368,0,0,153944064,
2026-09-12T20:36:34Z,225B02AC-1796-4DD7-BFA7-FAC3E5388E71,23,prefilling,periodic,13793.338,18187169739,2064733332,21382261968,6346063872,3221487616,23742003491,690618368,0,0,153944064,
2026-09-12T20:36:35Z,225B02AC-1796-4DD7-BFA7-FAC3E5388E71,24,prefilling,periodic,14891.852,18228294643,2113032332,21471882448,6346063872,3221487616,23742003491,690618368,0,0,153944064,
2026-09-12T20:36:36Z,225B02AC-1796-4DD7-BFA7-FAC3E5388E71,25,prefilling,periodic,15992.085,18240877255,1935741368,21307174096,6346063872,3221487616,23742003491,690618368,0,0,153944064,
2026-09-12T20:36:37Z,225B02AC-1796-4DD7-BFA7-FAC3E5388E71,26,prefilling,periodic,17091.852,18233307527,2061406968,21425024208,6346063872,3221487616,23742003491,690618368,0,0,153944064,
2026-09-12T20:36:38Z,225B02AC-1796-4DD7-BFA7-FAC3E5388E71,27,prefilling,periodic,18188.705,18852687951,1479709708,21462969552,6346063872,3221487616,23742003491,690618368,0,0,153944064,
2026-09-12T20:36:40Z,225B02AC-1796-4DD7-BFA7-FAC3E5388E71,28,prefilling,periodic,19227.781,18873855815,1451906308,21456350416,6346063872,3221487616,23742003491,690618368,0,0,153944064,
2026-09-12T20:36:41Z,225B02AC-1796-4DD7-BFA7-FAC3E5388E71,29,prefilling,periodic,20294.041,18257654647,2098254076,21732846800,6346031104,3221487616,23742003491,690618368,0,0,153944064,
2026-09-12T20:36:42Z,225B02AC-1796-4DD7-BFA7-FAC3E5388E71,30,prefilling,periodic,21304.943,18907214427,1456755192,21494574288,6346031104,3221487616,23742003491,690618368,0,0,153944064,
2026-09-12T20:36:43Z,225B02AC-1796-4DD7-BFA7-FAC3E5388E71,31,prefilling,periodic,22405.195,18304610603,2072023806,21507239120,6346031104,3221487616,23742003491,690618368,0,0,153944064,
2026-09-12T20:36:44Z,225B02AC-1796-4DD7-BFA7-FAC3E5388E71,32,prefilling,periodic,23505.455,18997391351,1084183564,21212179664,6346031104,3221487616,23742003491,690618368,0,0,153944064,
2026-09-12T20:36:45Z,225B02AC-1796-4DD7-BFA7-FAC3E5388E71,33,prefilling,periodic,24605.702,18333971511,1848758316,21313334480,6346031104,3221487616,23742003491,690618368,0,0,153944064,
2026-09-12T20:36:46Z,225B02AC-1796-4DD7-BFA7-FAC3E5388E71,34,prefilling,periodic,25705.949,19163067151,1258230060,21551901904,6346031104,3221487616,23742003491,690618368,0,0,153944064,
2026-09-12T20:36:47Z,225B02AC-1796-4DD7-BFA7-FAC3E5388E71,35,prefilling,periodic,26727.221,19215184367,915739208,21261626576,6346031104,3221487616,23742003491,690618368,0,0,153944064,
2026-09-12T20:36:48Z,225B02AC-1796-4DD7-BFA7-FAC3E5388E71,36,prefilling,periodic,27762.218,18381385947,1863275356,21375167696,6346031104,3221487616,23742003491,690618368,0,0,153944064,
2026-09-12T20:36:49Z,225B02AC-1796-4DD7-BFA7-FAC3E5388E71,37,prefilling,periodic,28795.510,18388496335,1969902696,21489003728,6346031104,3221487616,23742003491,690618368,0,0,153944064,
2026-09-12T20:36:50Z,225B02AC-1796-4DD7-BFA7-FAC3E5388E71,38,prefilling,periodic,29895.731,18391954467,1696960576,21219765456,6346031104,3221487616,23742003491,690618368,0,0,153944064,
2026-09-12T20:36:51Z,225B02AC-1796-4DD7-BFA7-FAC3E5388E71,39,prefilling,periodic,30913.598,18404537115,1830670664,21345021136,6346031104,3221487616,23742003491,690618368,0,0,153944064,
2026-09-12T20:36:52Z,225B02AC-1796-4DD7-BFA7-FAC3E5388E71,40,prefilling,periodic,31928.269,18410746387,1929728592,21471096016,6346031104,3221487616,23742003491,690618368,0,0,153944064,
2026-09-12T20:36:53Z,225B02AC-1796-4DD7-BFA7-FAC3E5388E71,41,prefilling,periodic,32941.677,18421231887,2045563732,21597416656,6346031104,3221487616,23742003491,690618368,0,0,153944064,
2026-09-12T20:36:54Z,225B02AC-1796-4DD7-BFA7-FAC3E5388E71,42,prefilling,periodic,34029.369,18442285059,1717277792,21290183888,6346031104,3221487616,23742003491,690618368,0,0,153944064,
2026-09-12T20:36:55Z,225B02AC-1796-4DD7-BFA7-FAC3E5388E71,43,prefilling,periodic,35096.645,18459062011,1826821480,21416504528,6346031104,3221487616,23742003491,690618368,0,0,153944064,
2026-09-12T20:36:56Z,225B02AC-1796-4DD7-BFA7-FAC3E5388E71,44,prefilling,periodic,36166.414,19512898383,936136980,21579869392,6346031104,3221487616,23742003491,690618368,0,0,153944064,
2026-09-12T20:36:57Z,225B02AC-1796-4DD7-BFA7-FAC3E5388E71,45,prefilling,periodic,37188.688,19469251167,613749240,21213834448,6346031104,3221487616,23742003491,690618368,0,0,153944064,
2026-09-12T20:36:59Z,225B02AC-1796-4DD7-BFA7-FAC3E5388E71,46,prefilling,periodic,38275.006,19538063679,683840280,21352738000,6346031104,3221487616,23742003491,690618368,0,0,153944064,
2026-09-12T20:37:00Z,225B02AC-1796-4DD7-BFA7-FAC3E5388E71,47,prefilling,periodic,39323.814,19494416463,866391048,21491592400,6346031104,3221487616,23742003491,690618368,0,0,153944064,
2026-09-12T20:37:01Z,225B02AC-1796-4DD7-BFA7-FAC3E5388E71,48,prefilling,periodic,40424.066,18555449123,1944261940,21632855248,6345916416,3221487616,23742003491,690618368,0,0,153944064,
2026-09-12T20:37:02Z,225B02AC-1796-4DD7-BFA7-FAC3E5388E71,49,prefilling,periodic,41519.533,18528187271,1549963482,21209246928,6345916416,3221487616,23742003491,690618368,0,0,153944064,
2026-09-12T20:37:03Z,225B02AC-1796-4DD7-BFA7-FAC3E5388E71,50,prefilling,periodic,42545.550,18538672771,1690964446,21360733392,6345916416,3221487616,23742003491,690618368,0,0,153944064,
2026-09-12T20:37:04Z,225B02AC-1796-4DD7-BFA7-FAC3E5388E71,51,prefilling,periodic,43645.758,18553352567,1827771114,21511892176,6345916416,3221487616,23742003491,690618368,0,0,153944064,
2026-09-12T20:37:05Z,225B02AC-1796-4DD7-BFA7-FAC3E5388E71,52,prefilling,periodic,44695.526,18565935215,1966674930,21663034576,6345916416,3221487616,23742003491,690618368,0,0,153944064,
2026-09-12T20:37:06Z,225B02AC-1796-4DD7-BFA7-FAC3E5388E71,53,prefilling,periodic,45745.559,18578517863,2084521194,21793713360,6345916416,3221487616,23742003491,690618368,0,0,153944064,
2026-09-12T20:37:07Z,225B02AC-1796-4DD7-BFA7-FAC3E5388E71,54,prefilling,periodic,46795.523,18589004751,1614811260,21580115152,6345916416,3221487616,23742003491,690618368,0,0,153944064,
2026-09-12T20:37:08Z,225B02AC-1796-4DD7-BFA7-FAC3E5388E71,55,prefilling,periodic,47845.529,18619183827,1748701560,21502717136,6345916416,3221487616,23742003491,690618368,0,0,153944064,
2026-09-12T20:37:09Z,225B02AC-1796-4DD7-BFA7-FAC3E5388E71,56,prefilling,periodic,48887.236,18631766475,1900188288,21662379216,6345916416,3221487616,23742003491,690618368,0,0,153944064,
2026-09-12T20:37:10Z,225B02AC-1796-4DD7-BFA7-FAC3E5388E71,57,prefilling,periodic,49897.063,18644349139,2051675000,21826645200,6345916416,3221487616,23742003491,690618368,0,0,153944064,
2026-09-12T20:37:11Z,225B02AC-1796-4DD7-BFA7-FAC3E5388E71,58,prefilling,periodic,50947.145,18656931787,2075018200,21862624464,6345916416,3221487616,23742003491,690618368,0,0,153944064,
2026-09-12T20:37:12Z,225B02AC-1796-4DD7-BFA7-FAC3E5388E71,59,prefilling,periodic,51991.383,18669515827,2081116192,21881302224,6345916416,3221487616,23742003491,690618368,0,0,153944064,
2026-09-12T20:37:13Z,225B02AC-1796-4DD7-BFA7-FAC3E5388E71,60,prefilling,periodic,53016.386,18666599211,1831145758,21628415184,6345916416,3221487616,23742003491,690618368,0,0,153944064,
2026-09-12T20:37:14Z,225B02AC-1796-4DD7-BFA7-FAC3E5388E71,61,prefilling,periodic,54019.030,18694681139,1979716118,21804821712,6345916416,3221487616,23742003491,690618368,0,0,153944064,
2026-09-12T20:37:15Z,225B02AC-1796-4DD7-BFA7-FAC3E5388E71,62,prefilling,periodic,55040.345,18731610415,2061222666,21923507408,6345916416,3221487616,23742003491,690618368,0,0,153944064,
2026-09-12T20:37:16Z,225B02AC-1796-4DD7-BFA7-FAC3E5388E71,63,prefilling,periodic,56059.534,20010315851,741737170,21882744016,6345916416,3221487616,23742003491,690618368,0,0,153944064,
2026-09-12T20:37:17Z,225B02AC-1796-4DD7-BFA7-FAC3E5388E71,64,prefilling,periodic,57108.037,20022898499,760693448,21914283216,6345916416,3221487616,23742003491,690618368,0,0,153944064,
2026-09-12T20:37:18Z,225B02AC-1796-4DD7-BFA7-FAC3E5388E71,65,prefilling,periodic,58149.709,18750485403,1868730558,21749902544,6345900032,3221487616,23742003491,690618368,0,0,153944064,
2026-09-12T20:37:19Z,225B02AC-1796-4DD7-BFA7-FAC3E5388E71,66,prefilling,periodic,59159.276,20192375455,611881402,21934943440,6345900032,3221487616,23742003491,690618368,0,0,153944064,
2026-09-12T20:37:20Z,225B02AC-1796-4DD7-BFA7-FAC3E5388E71,67,prefilling,periodic,60188.668,20165505455,657523258,21953719504,6345900032,3221487616,23742003491,690618368,0,0,153944064,
2026-09-12T20:37:22Z,225B02AC-1796-4DD7-BFA7-FAC3E5388E71,68,prefilling,periodic,61237.182,20108882083,726729254,22003395792,6345900032,3221487616,23742003491,690618368,0,0,153944064,
2026-09-12T20:37:23Z,225B02AC-1796-4DD7-BFA7-FAC3E5388E71,69,prefilling,periodic,62287.166,20121464731,726729262,22015978704,6345900032,3221487616,23742003491,690618368,0,0,153944064,
2026-09-12T20:37:24Z,225B02AC-1796-4DD7-BFA7-FAC3E5388E71,70,prefilling,periodic,63337.147,19567899631,1862864988,22561467600,6345900032,3221487616,23742003491,690618368,0,0,153944064,
2026-09-12T20:37:25Z,225B02AC-1796-4DD7-BFA7-FAC3E5388E71,71,prefilling,periodic,64346.543,20320695051,546881844,21998283984,6345900032,3221487616,23742003491,690618368,0,0,153944064,
2026-09-12T20:37:26Z,225B02AC-1796-4DD7-BFA7-FAC3E5388E71,72,prefilling,periodic,65356.581,18792362507,2130346370,22040816848,6345900032,3221487616,23742003491,690618368,0,0,153944064,
2026-09-12T20:37:27Z,225B02AC-1796-4DD7-BFA7-FAC3E5388E71,73,prefilling,periodic,66403.842,18844938507,2109292932,22084938960,6345900032,3221487616,23742003491,690618368,0,0,153944064,
2026-09-12T20:37:28Z,225B02AC-1796-4DD7-BFA7-FAC3E5388E71,74,prefilling,periodic,67424.313,18838564867,2094612864,22063885520,6345900032,3221487616,23742003491,690618368,0,0,153944064,
2026-09-12T20:37:29Z,225B02AC-1796-4DD7-BFA7-FAC3E5388E71,75,prefilling,periodic,68472.503,18849050367,2069365094,22049139920,6345900032,3221487616,23742003491,690618368,0,0,153944064,
2026-09-12T20:37:30Z,225B02AC-1796-4DD7-BFA7-FAC3E5388E71,76,prefilling,periodic,69485.037,18884785011,2099331286,22079106256,6345900032,3221487616,23742003491,690618368,0,0,153944064,
2026-09-12T20:37:31Z,225B02AC-1796-4DD7-BFA7-FAC3E5388E71,77,prefilling,periodic,70533.002,18876314219,2083799264,22090837200,6345900032,3221487616,23742003491,690618368,0,0,153944064,
2026-09-12T20:37:32Z,225B02AC-1796-4DD7-BFA7-FAC3E5388E71,78,prefilling,periodic,71553.116,18904396147,2068299996,22103420112,6345900032,3221487616,23742003491,690618368,0,0,153944064,
2026-09-12T20:37:33Z,225B02AC-1796-4DD7-BFA7-FAC3E5388E71,79,prefilling,periodic,72599.674,18916978795,2055717076,22103420112,6345900032,3221487616,23742003491,690618368,0,0,153944064,
2026-09-12T20:37:34Z,225B02AC-1796-4DD7-BFA7-FAC3E5388E71,80,prefilling,periodic,73649.645,18903576419,2085503188,22119804112,6345900032,3221487616,23742003491,690618368,0,0,153944064,
2026-09-12T20:37:35Z,225B02AC-1796-4DD7-BFA7-FAC3E5388E71,81,prefilling,periodic,74699.633,19263222455,1145538216,21539482832,6345883648,3221487616,23742003491,690618368,0,0,153944064,
2026-09-12T20:37:36Z,225B02AC-1796-4DD7-BFA7-FAC3E5388E71,82,prefilling,periodic,75749.599,18889666423,2126285284,22140120272,6345883648,3221487616,23742003491,690618368,0,0,153944064,
2026-09-12T20:37:36Z,225B02AC-1796-4DD7-BFA7-FAC3E5388E71,83,prefilling,phaseEnd,75982.542,18513735363,0,20884565200,6345883648,3221487616,23742003491,690618368,0,0,153944064,
2026-09-12T20:37:36Z,225B02AC-1796-4DD7-BFA7-FAC3E5388E71,84,dflashPreparing,phaseBegin,75982.668,18513735363,0,20877356240,6345883648,3221487616,23742003491,690618368,0,0,153944064,
2026-09-12T20:37:37Z,225B02AC-1796-4DD7-BFA7-FAC3E5388E71,85,dflashPreparing,periodic,76799.644,18931299219,2124267584,22186306768,6345883648,3221487616,23742003491,690618368,0,0,153944064,
2026-09-12T20:37:38Z,225B02AC-1796-4DD7-BFA7-FAC3E5388E71,86,dflashPreparing,periodic,77869.174,18991755915,2084421696,22206917840,6345883648,3221487616,23742003491,690618368,0,0,153944064,
2026-09-12T20:37:39Z,225B02AC-1796-4DD7-BFA7-FAC3E5388E71,87,dflashPreparing,periodic,78968.601,19027767679,2058125358,22216649936,6345883648,3221487616,23742003491,690618368,0,0,153944064,
2026-09-12T20:37:40Z,225B02AC-1796-4DD7-BFA7-FAC3E5388E71,88,dflashPreparing,periodic,80068.847,20717613159,373424186,22258887888,6345883648,3221487616,23742003491,690618368,0,0,153944064,
2026-09-12T20:37:41Z,225B02AC-1796-4DD7-BFA7-FAC3E5388E71,89,dflashPreparing,periodic,81150.082,20738223967,373424182,22279498960,6345883648,3221487616,23742003491,690618368,0,0,153944064,
2026-09-12T20:37:42Z,225B02AC-1796-4DD7-BFA7-FAC3E5388E71,90,dflashPreparing,periodic,82188.726,20963406783,275562560,22369742032,6345883648,3221487616,23742003491,690618368,0,0,153944064,
2026-09-12T20:37:44Z,225B02AC-1796-4DD7-BFA7-FAC3E5388E71,91,dflashPreparing,periodic,83287.564,19093615271,2113912912,22392810704,6345883648,3221487616,23742003491,690618368,0,0,153944064,
2026-09-12T20:37:45Z,225B02AC-1796-4DD7-BFA7-FAC3E5388E71,92,dflashPreparing,periodic,84387.830,19116683679,2113912912,22415879376,6345883648,3221487616,23742003491,690618368,0,0,153944064,
2026-09-12T20:37:46Z,225B02AC-1796-4DD7-BFA7-FAC3E5388E71,93,dflashPreparing,periodic,85488.082,19155267735,2140553296,22426594512,6345883648,3221487616,23742003491,690618368,0,0,153944064,
2026-09-12T20:37:47Z,225B02AC-1796-4DD7-BFA7-FAC3E5388E71,94,dflashPreparing,periodic,86504.477,20954673079,376569888,22462016720,6345883648,3221487616,23742003491,690618368,0,0,153944064,
2026-09-12T20:37:48Z,225B02AC-1796-4DD7-BFA7-FAC3E5388E71,95,dflashPreparing,phaseEnd,87589.323,18912342727,1938191729,21933370576,6345818112,3221487616,23742003491,690618368,0,0,153944064,
2026-09-12T20:37:48Z,225B02AC-1796-4DD7-BFA7-FAC3E5388E71,96,prefilled,phaseBegin,87589.513,18912342727,1938191729,21974265040,6345818112,3221487616,23742003491,690618368,0,0,153944064,
2026-09-12T20:37:48Z,225B02AC-1796-4DD7-BFA7-FAC3E5388E71,97,prefilled,periodic,87589.616,18912342727,1938191729,21974265040,6345818112,3221487616,23742003491,690618368,0,0,153944064,
2026-09-12T20:37:48Z,225B02AC-1796-4DD7-BFA7-FAC3E5388E71,98,prefilled,phaseEnd,87607.596,18728039087,2122495369,22236015824,6345818112,3221487616,23742003491,690618368,0,0,153944064,
2026-09-12T20:37:48Z,225B02AC-1796-4DD7-BFA7-FAC3E5388E71,99,decoding,phaseBegin,87607.702,18728039087,2122495369,22236015824,6345818112,3221487616,23742003491,690618368,0,0,153944064,
2026-09-12T20:37:48Z,225B02AC-1796-4DD7-BFA7-FAC3E5388E71,100,decoding,observation,87607.848,18727957191,2122577265,22236015824,6345818112,3221487616,23742003491,690618368,0,0,153944064,
2026-09-12T20:37:49Z,225B02AC-1796-4DD7-BFA7-FAC3E5388E71,101,decoding,periodic,88590.047,19232766879,2044934567,22694112464,6345670656,3221487616,23742003491,690618368,0,0,153944064,
2026-09-12T20:37:50Z,8AAB2C55-016F-4D96-BA82-D597E6BE6BEC,1,preparing,observation,0.019,19107933891,636862464,21704650776,6345654272,3221487616,23742003491,,,,,
2026-09-12T20:37:50Z,8AAB2C55-016F-4D96-BA82-D597E6BE6BEC,2,preparing,observation,0.096,19107933891,636862464,21705420824,6345654272,3221487616,23742003491,,,,,
2026-09-12T20:37:50Z,8AAB2C55-016F-4D96-BA82-D597E6BE6BEC,3,preparing,observation,1.032,19107933891,636862464,21713416240,6345654272,3221487616,23742003491,,,,,
2026-09-12T20:37:50Z,8AAB2C55-016F-4D96-BA82-D597E6BE6BEC,4,preparing,phaseEnd,48.658,18716192451,1028882432,22105190880,6345211904,3221487616,23742003491,,,,,
2026-09-12T20:37:50Z,8AAB2C55-016F-4D96-BA82-D597E6BE6BEC,5,restoring,phaseBegin,48.749,18716192451,1028882432,22106075616,6345211904,3221487616,23742003491,1789984768,0,0,,
2026-09-12T20:37:50Z,8AAB2C55-016F-4D96-BA82-D597E6BE6BEC,6,restoring,observation,48.802,18716192451,1028882432,22106550752,6345211904,3221487616,23742003491,1789984768,0,0,,
2026-09-12T20:37:50Z,8AAB2C55-016F-4D96-BA82-D597E6BE6BEC,7,restoring,phaseEnd,51.227,18798948035,962183648,22126473696,6345211904,3221487616,23742003491,1789984768,0,0,,
2026-09-12T20:37:50Z,8AAB2C55-016F-4D96-BA82-D597E6BE6BEC,8,restored,phaseBegin,51.301,18798948035,962183648,22126473696,6345211904,3221487616,23742003491,1789984768,0,0,153944064,
2026-09-12T20:37:50Z,8AAB2C55-016F-4D96-BA82-D597E6BE6BEC,9,restored,phaseEnd,57.358,18792525507,968606176,22176117264,6345211904,3221487616,23742003491,1789984768,0,0,153944064,
2026-09-12T20:37:50Z,8AAB2C55-016F-4D96-BA82-D597E6BE6BEC,10,prefilling,phaseBegin,57.437,18792525507,968606176,22176821776,6345211904,3221487616,23742003491,1789984768,0,0,153944064,
2026-09-12T20:37:50Z,8AAB2C55-016F-4D96-BA82-D597E6BE6BEC,11,prefilling,phaseEnd,57.508,18792525507,968606176,22177427984,6345211904,3221487616,23742003491,1789984768,0,0,153944064,
2026-09-12T20:37:50Z,8AAB2C55-016F-4D96-BA82-D597E6BE6BEC,12,dflashPreparing,phaseBegin,57.577,18792525507,968606176,22178034192,6345211904,3221487616,23742003491,1789984768,0,0,153944064,
2026-09-12T20:37:50Z,225B02AC-1796-4DD7-BFA7-FAC3E5388E71,102,decoding,phaseEnd,89590.133,18645249731,2147557971,22266244304,6345670656,3221487616,23742003491,690618368,0,0,153944064,
2026-09-12T20:37:50Z,225B02AC-1796-4DD7-BFA7-FAC3E5388E71,103,generationQuiescent,phaseBegin,89590.269,18645249731,2147557971,22261050576,6345670656,3221487616,23742003491,690618368,0,0,153944064,
2026-09-12T20:37:50Z,225B02AC-1796-4DD7-BFA7-FAC3E5388E71,104,generationQuiescent,phaseEnd,89590.410,18645249731,2147557971,22254759120,6345670656,3221487616,23742003491,690618368,0,0,153944064,
2026-09-12T20:37:50Z,225B02AC-1796-4DD7-BFA7-FAC3E5388E71,105,admittingCheckpoints,phaseBegin,89590.501,18645249731,2147557971,22248467664,6345670656,3221487616,23742003491,690618368,0,0,153944064,
2026-09-12T20:37:50Z,225B02AC-1796-4DD7-BFA7-FAC3E5388E71,106,admittingCheckpoints,phaseEnd,89591.782,18645249731,2147557971,22245371088,6345670656,3221487616,23742003491,690618368,0,0,153944064,
2026-09-12T20:37:50Z,225B02AC-1796-4DD7-BFA7-FAC3E5388E71,107,storingLeaf,phaseBegin,89591.923,18645249731,2147557971,22245371088,6345670656,3221487616,23742003491,690618368,357433344,1,153944064,
2026-09-12T20:37:50Z,225B02AC-1796-4DD7-BFA7-FAC3E5388E71,108,storingLeaf,periodic,89592.313,18645249731,2147557971,22245371088,6345670656,3221487616,23742003491,690618368,357433344,1,153944064,
2026-09-12T20:37:50Z,225B02AC-1796-4DD7-BFA7-FAC3E5388E71,109,storingLeaf,phaseEnd,89601.992,18645249731,2147557971,22245436624,6345670656,3221487616,23742003491,690618368,357433344,1,153944064,
2026-09-12T20:37:50Z,225B02AC-1796-4DD7-BFA7-FAC3E5388E71,110,capturingLeaf,phaseBegin,89602.108,18645249731,2147557971,22245436624,6345670656,3221487616,23742003491,690618368,357433344,1,153944064,
2026-09-12T20:37:50Z,225B02AC-1796-4DD7-BFA7-FAC3E5388E71,111,capturingLeaf,phaseEnd,89602.408,18645249731,2147557971,22245453008,6345670656,3221487616,23742003491,690618368,357433344,1,153944064,
2026-09-12T20:37:50Z,225B02AC-1796-4DD7-BFA7-FAC3E5388E71,112,preparingPayload,phaseBegin,89602.514,18645249731,2147557971,22245453008,6345670656,3221487616,23742003491,690618368,357433344,1,153944064,
2026-09-12T20:37:50Z,225B02AC-1796-4DD7-BFA7-FAC3E5388E71,113,preparingPayload,phaseEnd,89629.224,19899363011,1988665947,23286197456,6345670656,3221487616,23742003491,690618368,357433344,1,153944064,
2026-09-12T20:37:50Z,225B02AC-1796-4DD7-BFA7-FAC3E5388E71,114,admittingLeaf,phaseBegin,89629.341,19899363011,1988665947,23286197456,6345670656,3221487616,23742003491,690618368,357433344,1,153944064,
2026-09-12T20:37:50Z,225B02AC-1796-4DD7-BFA7-FAC3E5388E71,115,admittingLeaf,observation,89629.534,19744796355,2143232603,23286197456,6345670656,3221487616,23742003491,690618368,357433344,1,0,
2026-09-12T20:37:50Z,225B02AC-1796-4DD7-BFA7-FAC3E5388E71,116,admittingLeaf,phaseEnd,89645.106,19744796355,0,21145971872,6345670656,3221487616,23742003491,690618368,357433344,1,0,
2026-09-12T20:37:50Z,225B02AC-1796-4DD7-BFA7-FAC3E5388E71,117,recordingRequest,phaseBegin,89645.203,19744796355,0,21145971872,6345670656,3221487616,23742003491,690618368,357433344,1,0,
2026-09-12T20:37:50Z,225B02AC-1796-4DD7-BFA7-FAC3E5388E71,118,recordingRequest,phaseEnd,89645.727,19738341059,6455296,21145971872,6345670656,3221487616,23742003491,690618368,357433344,1,0,
2026-09-12T20:37:50Z,225B02AC-1796-4DD7-BFA7-FAC3E5388E71,119,finishingStream,phaseBegin,89645.832,19738341059,6455296,21145971872,6345670656,3221487616,23742003491,1789984768,0,0,0,
2026-09-12T20:37:50Z,225B02AC-1796-4DD7-BFA7-FAC3E5388E71,120,finishingStream,cancelSignal,89645.909,19735113411,9682944,21145971896,6345670656,3221487616,23742003491,1789984768,0,0,0,
2026-09-12T20:37:50Z,225B02AC-1796-4DD7-BFA7-FAC3E5388E71,121,finishingStream,phaseEnd,89645.989,19735113411,9682944,21146561720,6345670656,3221487616,23742003491,1789984768,0,0,0,
2026-09-12T20:37:50Z,225B02AC-1796-4DD7-BFA7-FAC3E5388E71,122,releasingRequest,phaseBegin,89646.085,19735113411,9682944,21147249848,6345670656,3221487616,23742003491,1789984768,0,0,0,
2026-09-12T20:37:50Z,225B02AC-1796-4DD7-BFA7-FAC3E5388E71,123,releasingRequest,observation,89646.208,19735113411,9682944,21148052664,6345670656,3221487616,23742003491,1789984768,0,0,0,
2026-09-12T20:37:50Z,225B02AC-1796-4DD7-BFA7-FAC3E5388E71,124,releasingRequest,phaseEnd,89646.303,19735113411,9682944,21148855480,6345670656,3221487616,23742003491,1789984768,0,0,0,completed
2026-09-12T20:37:50Z,225B02AC-1796-4DD7-BFA7-FAC3E5388E71,125,finished,terminal,89646.387,19735113411,9682944,21149510840,6345670656,3221487616,23742003491,1789984768,0,0,0,completed
2026-09-12T20:37:51Z,8AAB2C55-016F-4D96-BA82-D597E6BE6BEC,13,dflashPreparing,periodic,1020.979,19089076975,2076412880,23633654000,6345211904,3221487616,23742003491,1789984768,0,0,153944064,
2026-09-12T20:37:51Z,225B02AC-1796-4DD7-BFA7-FAC3E5388E71,126,settled,afterRelease,90695.390,19089076991,2062814144,23627034864,6345211904,3221487616,23742003491,1789984768,0,0,0,completed
2026-09-12T20:37:52Z,8AAB2C55-016F-4D96-BA82-D597E6BE6BEC,14,dflashPreparing,periodic,2026.004,20333654383,904200876,23441109064,6345211904,3221487616,23742003491,1789984768,0,0,153944064,
2026-09-12T20:37:53Z,8AAB2C55-016F-4D96-BA82-D597E6BE6BEC,15,dflashPreparing,periodic,3075.972,19111768011,2121728716,23436750920,6345211904,3221487616,23742003491,1789984768,0,0,153944064,
2026-09-12T20:37:54Z,8AAB2C55-016F-4D96-BA82-D597E6BE6BEC,16,dflashPreparing,phaseEnd,3913.567,18807222995,309297107,22607148064,6345211904,3221487616,23742003491,1789984768,0,0,153944064,
2026-09-12T20:37:54Z,8AAB2C55-016F-4D96-BA82-D597E6BE6BEC,17,prefilled,phaseBegin,3913.705,18807222995,309297107,22607148064,6345211904,3221487616,23742003491,1789984768,0,0,153944064,
2026-09-12T20:37:54Z,8AAB2C55-016F-4D96-BA82-D597E6BE6BEC,18,prefilled,phaseEnd,3931.471,18772685487,343834615,22853383200,6345211904,3221487616,23742003491,1789984768,0,0,153944064,
2026-09-12T20:37:54Z,8AAB2C55-016F-4D96-BA82-D597E6BE6BEC,19,decoding,phaseBegin,3931.585,18772685487,343834615,22853383200,6345211904,3221487616,23742003491,1789984768,0,0,153944064,
2026-09-12T20:37:54Z,8AAB2C55-016F-4D96-BA82-D597E6BE6BEC,20,decoding,observation,3931.716,18772587195,343932907,22853383200,6345179136,3221487616,23742003491,1789984768,0,0,153944064,
2026-09-12T20:37:54Z,8AAB2C55-016F-4D96-BA82-D597E6BE6BEC,21,decoding,periodic,4106.010,19262536852,425243480,23425201184,6345113600,3221487616,23742003491,1789984768,0,0,153944064,
2026-09-12T20:37:55Z,8AAB2C55-016F-4D96-BA82-D597E6BE6BEC,22,decoding,periodic,5144.576,19268241456,521758652,21776068440,6345048064,3221487616,23742003491,1789984768,0,0,153944064,
2026-09-12T20:37:56Z,8AAB2C55-016F-4D96-BA82-D597E6BE6BEC,23,decoding,periodic,6155.099,19323714419,466285689,21779394392,6344835072,3221487616,23742003491,1789984768,0,0,153944064,
2026-09-12T20:37:57Z,8AAB2C55-016F-4D96-BA82-D597E6BE6BEC,24,decoding,periodic,7170.532,19200505747,2093920645,23286460248,6344704000,3221487616,23742003491,1789984768,0,0,153944064,
2026-09-12T20:37:58Z,8AAB2C55-016F-4D96-BA82-D597E6BE6BEC,25,decoding,periodic,8175.946,19256704160,2024418724,23278120792,6344589312,3221487616,23742003491,1789984768,0,0,153944064,
2026-09-12T20:37:59Z,8AAB2C55-016F-4D96-BA82-D597E6BE6BEC,26,decoding,periodic,9189.251,19192543248,2088633636,23278169944,6344458240,3221487616,23742003491,1789984768,0,0,153944064,
2026-09-12T20:38:00Z,8AAB2C55-016F-4D96-BA82-D597E6BE6BEC,27,decoding,periodic,10192.726,19334724696,2044501855,23376342848,6344343552,3221487616,23742003491,1789984768,0,0,153944064,
2026-09-12T20:38:01Z,8AAB2C55-016F-4D96-BA82-D597E6BE6BEC,28,decoding,periodic,11206.238,19366034271,1904505000,23267651392,6344294400,3221487616,23742003491,1789984768,0,0,153944064,
2026-09-12T20:38:02Z,8AAB2C55-016F-4D96-BA82-D597E6BE6BEC,29,decoding,periodic,12230.018,19217250131,2053289140,23267618624,6344179712,3221487616,23742003491,1789984768,0,0,153944064,
2026-09-12T20:38:03Z,8AAB2C55-016F-4D96-BA82-D597E6BE6BEC,30,decoding,periodic,13243.073,19253673140,2016898899,23267684160,6344097792,3221487616,23742003491,1789984768,0,0,153944064,
2026-09-12T20:38:04Z,8AAB2C55-016F-4D96-BA82-D597E6BE6BEC,31,decoding,periodic,14254.381,19276774560,1993797479,23267684160,6344015872,3221487616,23742003491,1789984768,0,0,153944064,
2026-09-12T20:38:05Z,8AAB2C55-016F-4D96-BA82-D597E6BE6BEC,32,decoding,periodic,15255.568,19342933080,1927638959,23267700544,6343983104,3221487616,23742003491,1789984768,0,0,153944064,
2026-09-12T20:38:06Z,8AAB2C55-016F-4D96-BA82-D597E6BE6BEC,33,decoding,periodic,16257.131,19380976467,1889595572,23267700544,6343901184,3221487616,23742003491,1789984768,0,0,153944064,
2026-09-12T20:38:07Z,8AAB2C55-016F-4D96-BA82-D597E6BE6BEC,34,decoding,periodic,17259.823,19275676836,2025068683,23298010944,6343819264,3221487616,23742003491,1789984768,0,0,153944064,
2026-09-12T20:38:08Z,8AAB2C55-016F-4D96-BA82-D597E6BE6BEC,35,decoding,periodic,18295.174,19315525463,1985220056,23298010944,6343770112,3221487616,23742003491,1789984768,0,0,153944064,
2026-09-12T20:38:09Z,8AAB2C55-016F-4D96-BA82-D597E6BE6BEC,36,decoding,periodic,19296.689,19275676840,2025068679,23302844224,6343720960,3221487616,23742003491,1789984768,0,0,153944064,
2026-09-12T20:38:10Z,8AAB2C55-016F-4D96-BA82-D597E6BE6BEC,37,decoding,periodic,20309.221,19278724272,2058954255,23339773760,6343639040,3221487616,23742003491,1789984768,0,0,153944064,
2026-09-12T20:38:11Z,8AAB2C55-016F-4D96-BA82-D597E6BE6BEC,38,decoding,periodic,21314.192,19281741872,2047995531,23339773760,6343639040,3221487616,23742003491,1789984768,0,0,153944064,
2026-09-12T20:38:12Z,8AAB2C55-016F-4D96-BA82-D597E6BE6BEC,39,decoding,periodic,22315.860,19267091644,2070591999,23339773760,6343524352,3221487616,23742003491,1789984768,0,0,153944064,
2026-09-12T20:38:13Z,8AAB2C55-016F-4D96-BA82-D597E6BE6BEC,40,decoding,periodic,23363.395,19437434559,2150252460,23674908480,6343491584,3221487616,23742003491,1789984768,0,0,153944064,
2026-09-12T20:38:14Z,8AAB2C55-016F-4D96-BA82-D597E6BE6BEC,41,decoding,periodic,24368.560,19318651827,2011346348,23332106048,6343409664,3221487616,23742003491,1789984768,0,0,153944064,
2026-09-12T20:38:15Z,8AAB2C55-016F-4D96-BA82-D597E6BE6BEC,42,decoding,periodic,25369.073,19356662667,1973335508,23332106048,6343360512,3221487616,23742003491,1789984768,0,0,153944064,
2026-09-12T20:38:16Z,8AAB2C55-016F-4D96-BA82-D597E6BE6BEC,43,decoding,periodic,26376.804,19283917783,2046080392,23332122432,6343311360,3221487616,23742003491,1789984768,0,0,153944064,
2026-09-12T20:38:17Z,8AAB2C55-016F-4D96-BA82-D597E6BE6BEC,44,decoding,periodic,27377.155,19307101183,2022896992,23331974976,6343213056,3221487616,23742003491,1789984768,0,0,153944064,
2026-09-12T20:38:18Z,8AAB2C55-016F-4D96-BA82-D597E6BE6BEC,45,decoding,periodic,28380.642,19327237099,2002761076,23332122432,6343196672,3221487616,23742003491,1789984768,0,0,153944064,
2026-09-12T20:38:19Z,8AAB2C55-016F-4D96-BA82-D597E6BE6BEC,46,decoding,periodic,29384.841,19234993971,2095004204,23332122432,6343131136,3221487616,23742003491,1789984768,0,0,153944064,
2026-09-12T20:38:20Z,8AAB2C55-016F-4D96-BA82-D597E6BE6BEC,47,decoding,periodic,30385.488,19304053763,2030301216,23336496960,6343098368,3221487616,23742003491,1789984768,0,0,153944064,
2026-09-12T20:38:21Z,8AAB2C55-016F-4D96-BA82-D597E6BE6BEC,48,decoding,periodic,31407.082,19247806167,2150210196,23424544576,6343049216,3221487616,23742003491,1789984768,0,0,153944064,
2026-09-12T20:38:22Z,8AAB2C55-016F-4D96-BA82-D597E6BE6BEC,49,decoding,periodic,32415.805,19381714080,1941017371,23324946240,6343016448,3221487616,23742003491,1789984768,0,0,153944064,
2026-09-12T20:38:23Z,8AAB2C55-016F-4D96-BA82-D597E6BE6BEC,50,decoding,periodic,33429.998,19309280335,2013451616,23324962624,6343016448,3221487616,23742003491,1789984768,0,0,153944064,
2026-09-12T20:38:24Z,8AAB2C55-016F-4D96-BA82-D597E6BE6BEC,51,decoding,periodic,34432.891,19440139147,1882592804,23324962624,6343000064,3221487616,23742003491,1789984768,0,0,153944064,
2026-09-12T20:38:25Z,8AAB2C55-016F-4D96-BA82-D597E6BE6BEC,52,decoding,periodic,35445.351,19367115735,1955616216,23324962624,6342934528,3221487616,23742003491,1789984768,0,0,153944064,
2026-09-12T20:38:26Z,8AAB2C55-016F-4D96-BA82-D597E6BE6BEC,53,decoding,periodic,36459.163,19312327703,2010404248,23324946240,6342868992,3221487616,23742003491,1789984768,0,0,153944064,
2026-09-12T20:38:27Z,8AAB2C55-016F-4D96-BA82-D597E6BE6BEC,54,decoding,periodic,37469.350,19307415447,2062666264,23372312384,6342787072,3221487616,23742003491,1789984768,0,0,153944064,
2026-09-12T20:38:29Z,8AAB2C55-016F-4D96-BA82-D597E6BE6BEC,55,decoding,periodic,38474.405,19367115803,1959450068,23328796480,6342737920,3221487616,23742003491,1789984768,0,0,153944064,
2026-09-12T20:38:29Z,8AAB2C55-016F-4D96-BA82-D597E6BE6BEC,56,decoding,phaseEnd,38741.488,18762804931,2147524344,22978015016,6342688768,3221487616,23742003491,1789984768,0,0,153944064,
2026-09-12T20:38:29Z,8AAB2C55-016F-4D96-BA82-D597E6BE6BEC,57,generationQuiescent,phaseBegin,38741.641,18762804931,2147524344,22978015016,6342688768,3221487616,23742003491,1789984768,0,0,153944064,
2026-09-12T20:38:29Z,8AAB2C55-016F-4D96-BA82-D597E6BE6BEC,58,generationQuiescent,phaseEnd,38741.774,18762804931,2147524344,22978015016,6342688768,3221487616,23742003491,1789984768,0,0,153944064,
2026-09-12T20:38:29Z,8AAB2C55-016F-4D96-BA82-D597E6BE6BEC,59,admittingCheckpoints,phaseBegin,38741.833,18762804931,2147524344,22978015016,6342688768,3221487616,23742003491,1789984768,0,0,153944064,
2026-09-12T20:38:29Z,8AAB2C55-016F-4D96-BA82-D597E6BE6BEC,60,admittingCheckpoints,phaseEnd,38745.494,18762804931,2147524344,22978031400,6342688768,3221487616,23742003491,1789984768,0,0,153944064,
2026-09-12T20:38:29Z,8AAB2C55-016F-4D96-BA82-D597E6BE6BEC,61,storingLeaf,phaseBegin,38745.594,18762804931,2147524344,22978031400,6342688768,3221487616,23742003491,1789984768,1456799744,1,153944064,
2026-09-12T20:38:29Z,8AAB2C55-016F-4D96-BA82-D597E6BE6BEC,62,storingLeaf,phaseEnd,38751.300,18762804931,2147524344,22978047784,6342688768,3221487616,23742003491,1789984768,1456799744,1,153944064,
2026-09-12T20:38:29Z,8AAB2C55-016F-4D96-BA82-D597E6BE6BEC,63,capturingLeaf,phaseBegin,38751.395,18762804931,2147524344,22978047784,6342688768,3221487616,23742003491,1789984768,1456799744,1,153944064,
2026-09-12T20:38:29Z,8AAB2C55-016F-4D96-BA82-D597E6BE6BEC,64,capturingLeaf,phaseEnd,38751.660,18762804931,2147524344,22978047784,6342688768,3221487616,23742003491,1789984768,1456799744,1,153944064,
2026-09-12T20:38:29Z,8AAB2C55-016F-4D96-BA82-D597E6BE6BEC,65,preparingPayload,phaseBegin,38751.736,18762804931,2147524344,22978047784,6342688768,3221487616,23742003491,1789984768,1456799744,1,153944064,
2026-09-12T20:38:29Z,8AAB2C55-016F-4D96-BA82-D597E6BE6BEC,66,preparingPayload,phaseEnd,38756.407,19039661781,1949310790,22991236904,6342688768,3221487616,23742003491,1789984768,1456799744,1,153944064,
2026-09-12T20:38:29Z,8AAB2C55-016F-4D96-BA82-D597E6BE6BEC,67,admittingLeaf,phaseBegin,38756.527,19039661763,1949310808,22991236904,6342688768,3221487616,23742003491,1789984768,1456799744,1,153944064,
2026-09-12T20:38:29Z,8AAB2C55-016F-4D96-BA82-D597E6BE6BEC,68,admittingLeaf,observation,38756.792,18884980419,2103992152,22991236904,6342688768,3221487616,23742003491,1789984768,1456799744,1,0,
2026-09-12T20:38:29Z,8AAB2C55-016F-4D96-BA82-D597E6BE6BEC,69,admittingLeaf,phaseEnd,38773.792,18884980419,0,21107928800,6342688768,3221487616,23742003491,1789984768,1456799744,1,0,
2026-09-12T20:38:29Z,8AAB2C55-016F-4D96-BA82-D597E6BE6BEC,70,recordingRequest,phaseBegin,38773.914,18884980419,0,21107928800,6342688768,3221487616,23742003491,1789984768,1456799744,1,0,
2026-09-12T20:38:29Z,8AAB2C55-016F-4D96-BA82-D597E6BE6BEC,71,recordingRequest,phaseEnd,38774.671,18878525123,6455296,21107928800,6342688768,3221487616,23742003491,1789984768,1456799744,1,0,
2026-09-12T20:38:29Z,8AAB2C55-016F-4D96-BA82-D597E6BE6BEC,72,finishingStream,phaseBegin,38774.790,18875297475,9682944,21107945184,6342688768,3221487616,23742003491,1911947264,0,0,0,
2026-09-12T20:38:29Z,8AAB2C55-016F-4D96-BA82-D597E6BE6BEC,73,finishingStream,cancelSignal,38774.895,18875297475,9682944,21107961592,6342688768,3221487616,23742003491,1911947264,0,0,0,
2026-09-12T20:38:29Z,8AAB2C55-016F-4D96-BA82-D597E6BE6BEC,74,finishingStream,phaseEnd,38775.009,18875297475,9682944,21107961592,6342688768,3221487616,23742003491,1911947264,0,0,0,
2026-09-12T20:38:29Z,8AAB2C55-016F-4D96-BA82-D597E6BE6BEC,75,releasingRequest,phaseBegin,38775.116,18875297475,9682944,21107961592,6342688768,3221487616,23742003491,1911947264,0,0,0,
2026-09-12T20:38:29Z,8AAB2C55-016F-4D96-BA82-D597E6BE6BEC,76,releasingRequest,observation,38775.271,18875297475,9682944,21107961592,6342688768,3221487616,23742003491,1911947264,0,0,0,
2026-09-12T20:38:29Z,8AAB2C55-016F-4D96-BA82-D597E6BE6BEC,77,releasingRequest,phaseEnd,38775.409,18875297475,9682944,21107961592,6342688768,3221487616,23742003491,1911947264,0,0,0,completed
2026-09-12T20:38:29Z,8AAB2C55-016F-4D96-BA82-D597E6BE6BEC,78,finished,terminal,38775.520,18875297475,9682944,21107961592,6342688768,3221487616,23742003491,1911947264,0,0,0,completed
2026-09-12T20:38:30Z,8AAB2C55-016F-4D96-BA82-D597E6BE6BEC,79,settled,afterRelease,39820.967,18608123587,276856832,20059073720,6342688768,3221487616,23742003491,1911947264,0,0,0,completed
2026-09-12T20:38:44Z,1B6BDDB2-4F6D-4D2F-AFF5-05D54DE5A416,1,preparing,observation,0.032,18608156355,639459528,20251028664,6341312512,3221487616,23742003491,,,,,
2026-09-12T20:38:44Z,1B6BDDB2-4F6D-4D2F-AFF5-05D54DE5A416,2,preparing,observation,0.120,18608156355,639459528,20251028664,6341312512,3221487616,23742003491,,,,,
2026-09-12T20:38:44Z,1B6BDDB2-4F6D-4D2F-AFF5-05D54DE5A416,3,preparing,observation,1.573,18608156355,639459528,20251028664,6341312512,3221487616,23742003491,,,,,
2026-09-12T20:38:44Z,1B6BDDB2-4F6D-4D2F-AFF5-05D54DE5A416,4,preparing,phaseEnd,47.856,18608254659,639639752,20436217016,6341132288,3221487616,23742003491,,,,,
2026-09-12T20:38:44Z,1B6BDDB2-4F6D-4D2F-AFF5-05D54DE5A416,5,restoring,phaseBegin,47.919,18608254659,639639752,20436217016,6341132288,3221487616,23742003491,1911947264,0,0,,
2026-09-12T20:38:44Z,1B6BDDB2-4F6D-4D2F-AFF5-05D54DE5A416,6,restoring,observation,47.978,18608254659,639639752,20436217016,6341132288,3221487616,23742003491,1911947264,0,0,,
2026-09-12T20:38:44Z,1B6BDDB2-4F6D-4D2F-AFF5-05D54DE5A416,7,restoring,phaseEnd,53.201,18762886851,485007584,20436217016,6341132288,3221487616,23742003491,1911947264,0,0,,
2026-09-12T20:38:44Z,1B6BDDB2-4F6D-4D2F-AFF5-05D54DE5A416,8,restored,phaseBegin,53.296,18762886851,485007584,20436217016,6341132288,3221487616,23742003491,1911947264,0,0,153944064,
2026-09-12T20:38:44Z,1B6BDDB2-4F6D-4D2F-AFF5-05D54DE5A416,9,restored,phaseEnd,59.812,18762886851,485007584,20436577464,6341132288,3221487616,23742003491,1911947264,0,0,153944064,
2026-09-12T20:38:44Z,1B6BDDB2-4F6D-4D2F-AFF5-05D54DE5A416,10,prefilling,phaseBegin,59.890,18762886851,485007584,20436577464,6341132288,3221487616,23742003491,1911947264,0,0,153944064,
2026-09-12T20:38:44Z,1B6BDDB2-4F6D-4D2F-AFF5-05D54DE5A416,11,prefilling,phaseEnd,59.976,18762886851,485007584,20436577464,6341132288,3221487616,23742003491,1911947264,0,0,153944064,
2026-09-12T20:38:44Z,1B6BDDB2-4F6D-4D2F-AFF5-05D54DE5A416,12,dflashPreparing,phaseBegin,60.032,18762886851,485007584,20436577464,6341132288,3221487616,23742003491,1911947264,0,0,153944064,
2026-09-12T20:38:44Z,1B6BDDB2-4F6D-4D2F-AFF5-05D54DE5A416,13,dflashPreparing,phaseEnd,450.017,18895876775,75432983,20159523976,6341115904,3221487616,23742003491,1911947264,0,0,153944064,
2026-09-12T20:38:44Z,1B6BDDB2-4F6D-4D2F-AFF5-05D54DE5A416,14,prefilled,phaseBegin,450.137,18895876775,75432983,20159523976,6341115904,3221487616,23742003491,1911947264,0,0,153944064,
2026-09-12T20:38:44Z,1B6BDDB2-4F6D-4D2F-AFF5-05D54DE5A416,15,prefilled,phaseEnd,457.089,18871480983,99828775,20159507592,6341115904,3221487616,23742003491,1911947264,0,0,153944064,
2026-09-12T20:38:44Z,1B6BDDB2-4F6D-4D2F-AFF5-05D54DE5A416,16,decoding,phaseBegin,457.202,18871480983,99828775,20159507592,6341115904,3221487616,23742003491,1911947264,0,0,153944064,
2026-09-12T20:38:44Z,1B6BDDB2-4F6D-4D2F-AFF5-05D54DE5A416,17,decoding,observation,457.345,18871382695,99927063,20159507592,6341115904,3221487616,23742003491,1911947264,0,0,153944064,
2026-09-12T20:38:45Z,1B6BDDB2-4F6D-4D2F-AFF5-05D54DE5A416,18,decoding,periodic,1025.761,19283343171,360790715,20832791688,6341083136,3221487616,23742003491,1911947264,0,0,153944064,
2026-09-12T20:38:46Z,1B6BDDB2-4F6D-4D2F-AFF5-05D54DE5A416,19,decoding,periodic,2038.613,19323062083,321094459,20831923336,6341083136,3221487616,23742003491,1911947264,0,0,153944064,
2026-09-12T20:38:47Z,1B6BDDB2-4F6D-4D2F-AFF5-05D54DE5A416,20,decoding,periodic,3055.897,19447069528,197087014,20831775880,6341017600,3221487616,23742003491,1911947264,0,0,153944064,
2026-09-12T20:38:48Z,1B6BDDB2-4F6D-4D2F-AFF5-05D54DE5A416,21,decoding,periodic,4076.733,19323062083,321111291,20831759496,6341001216,3221487616,23742003491,1911947264,0,0,153944064,
2026-09-12T20:38:49Z,1B6BDDB2-4F6D-4D2F-AFF5-05D54DE5A416,22,decoding,periodic,5089.278,19455802132,188371242,20831759496,6340968448,3221487616,23742003491,1911947264,0,0,153944064,
2026-09-12T20:38:50Z,1B6BDDB2-4F6D-4D2F-AFF5-05D54DE5A416,23,decoding,periodic,6100.383,19308133292,336049698,20831743112,6340935680,3221487616,23742003491,1911947264,0,0,153944064,
2026-09-12T20:38:51Z,1B6BDDB2-4F6D-4D2F-AFF5-05D54DE5A416,24,decoding,periodic,7110.095,19413367616,1854026066,22454840456,6340886528,3221487616,23742003491,1911947264,0,0,153944064,
2026-09-12T20:38:52Z,1B6BDDB2-4F6D-4D2F-AFF5-05D54DE5A416,25,decoding,periodic,8139.253,19325942700,2087196020,22601100424,6340837376,3221487616,23742003491,1911947264,0,0,153944064,
2026-09-12T20:38:53Z,1B6BDDB2-4F6D-4D2F-AFF5-05D54DE5A416,26,decoding,periodic,9152.194,19418561356,1994577364,22601100424,6340820992,3221487616,23742003491,1911947264,0,0,153944064,
2026-09-12T20:38:54Z,1B6BDDB2-4F6D-4D2F-AFF5-05D54DE5A416,27,decoding,periodic,10180.552,19345800088,2067338640,22601116808,6340820992,3221487616,23742003491,1911947264,0,0,153944064,
2026-09-12T20:38:55Z,1B6BDDB2-4F6D-4D2F-AFF5-05D54DE5A416,28,decoding,periodic,11189.241,19426818884,1984517588,22599314568,6340804608,3221487616,23742003491,1911947264,0,0,153944064,
2026-09-12T20:38:56Z,1B6BDDB2-4F6D-4D2F-AFF5-05D54DE5A416,29,decoding,periodic,12221.996,19345800088,2065536400,22599314568,6340804608,3221487616,23742003491,1911947264,0,0,153944064,
2026-09-12T20:38:57Z,1B6BDDB2-4F6D-4D2F-AFF5-05D54DE5A416,30,decoding,periodic,13222.585,19383827312,2027509176,22599183496,6340788224,3221487616,23742003491,1911947264,0,0,153944064,
2026-09-12T20:38:58Z,1B6BDDB2-4F6D-4D2F-AFF5-05D54DE5A416,31,decoding,periodic,14233.634,19320919941,2090416547,22599150728,6340771840,3221487616,23742003491,1911947264,0,0,153944064,
2026-09-12T20:38:59Z,1B6BDDB2-4F6D-4D2F-AFF5-05D54DE5A416,32,decoding,periodic,15247.547,19578977176,2070554988,22837341320,6340771840,3221487616,23742003491,1911947264,0,0,153944064,
2026-09-12T20:39:00Z,1B6BDDB2-4F6D-4D2F-AFF5-05D54DE5A416,33,decoding,periodic,16267.296,19342736287,2054891797,22585420936,6340771840,3221487616,23742003491,1911947264,0,0,153944064,
2026-09-12T20:39:01Z,1B6BDDB2-4F6D-4D2F-AFF5-05D54DE5A416,34,decoding,periodic,17267.801,19320568144,2077059940,22585437320,6340755456,3221487616,23742003491,1911947264,0,0,153944064,
2026-09-12T20:39:02Z,1B6BDDB2-4F6D-4D2F-AFF5-05D54DE5A416,35,decoding,periodic,18282.232,19399411475,1998249377,22585470088,6340689920,3221487616,23742003491,1911947264,0,0,153944064,
2026-09-12T20:39:03Z,1B6BDDB2-4F6D-4D2F-AFF5-05D54DE5A416,36,decoding,periodic,19291.759,19400620903,1997039949,22585502856,6340689920,3221487616,23742003491,1911947264,0,0,153944064,
2026-09-12T20:39:04Z,1B6BDDB2-4F6D-4D2F-AFF5-05D54DE5A416,37,decoding,periodic,20297.602,19372997492,2024663360,22585470088,6340673536,3221487616,23742003491,1911947264,0,0,153944064,
2026-09-12T20:39:05Z,1B6BDDB2-4F6D-4D2F-AFF5-05D54DE5A416,38,decoding,periodic,21307.054,19350977435,2046683417,22585470088,6340608000,3221487616,23742003491,1911947264,0,0,153944064,
2026-09-12T20:39:06Z,1B6BDDB2-4F6D-4D2F-AFF5-05D54DE5A416,39,decoding,periodic,22335.857,19354352540,2043308312,22585470088,6340591616,3221487616,23742003491,1911947264,0,0,153944064,
2026-09-12T20:39:07Z,1B6BDDB2-4F6D-4D2F-AFF5-05D54DE5A416,40,decoding,periodic,23368.409,19354352544,2043308308,22585470088,6340542464,3221487616,23742003491,1911947264,0,0,153944064,
2026-09-12T20:39:08Z,1B6BDDB2-4F6D-4D2F-AFF5-05D54DE5A416,41,decoding,periodic,24368.681,19402537857,2016226783,22606589064,6340542464,3221487616,23742003491,1911947264,0,0,153944064,
2026-09-12T20:39:09Z,1B6BDDB2-4F6D-4D2F-AFF5-05D54DE5A416,42,decoding,periodic,25373.482,19359546271,2074357185,22621580424,6340526080,3221487616,23742003491,1911947264,0,0,153944064,
2026-09-12T20:39:10Z,1B6BDDB2-4F6D-4D2F-AFF5-05D54DE5A416,43,decoding,periodic,26378.897,19452181311,1936109073,22576114824,6340526080,3221487616,23742003491,1911947264,0,0,153944064,
2026-09-12T20:39:11Z,1B6BDDB2-4F6D-4D2F-AFF5-05D54DE5A416,44,decoding,periodic,27396.300,19429014501,1973627339,22590663816,6340526080,3221487616,23742003491,1911947264,0,0,153944064,
2026-09-12T20:39:12Z,1B6BDDB2-4F6D-4D2F-AFF5-05D54DE5A416,45,decoding,periodic,28397.553,19359562783,2043079057,22590663816,6340444160,3221487616,23742003491,1911947264,0,0,153944064,
2026-09-12T20:39:13Z,1B6BDDB2-4F6D-4D2F-AFF5-05D54DE5A416,46,decoding,periodic,29399.482,19314898744,2087763976,22590663816,6340427776,3221487616,23742003491,1911947264,0,0,153944064,
2026-09-12T20:39:14Z,1B6BDDB2-4F6D-4D2F-AFF5-05D54DE5A416,47,decoding,periodic,30411.274,19429014359,1973697113,22590499976,6340427776,3221487616,23742003491,1911947264,0,0,153944064,
2026-09-12T20:39:15Z,1B6BDDB2-4F6D-4D2F-AFF5-05D54DE5A416,48,decoding,periodic,31416.283,19360562131,2042201965,22591810696,6340395008,3221487616,23742003491,1911947264,0,0,153944064,
2026-09-12T20:39:16Z,1B6BDDB2-4F6D-4D2F-AFF5-05D54DE5A416,49,decoding,periodic,32419.030,19314898675,2087890621,22597332104,6340362240,3221487616,23742003491,1911947264,0,0,153944064,
2026-09-12T20:39:17Z,1B6BDDB2-4F6D-4D2F-AFF5-05D54DE5A416,50,decoding,periodic,33420.531,19448822595,1953966701,22600297608,6340329472,3221487616,23742003491,1911947264,0,0,153944064,
2026-09-12T20:39:18Z,1B6BDDB2-4F6D-4D2F-AFF5-05D54DE5A416,51,decoding,periodic,34424.920,19335739123,2105568940,22638865544,6340329472,3221487616,23742003491,1911947264,0,0,153944064,
2026-09-12T20:39:19Z,1B6BDDB2-4F6D-4D2F-AFF5-05D54DE5A416,52,decoding,periodic,35430.691,19387956184,2053368263,22638734472,6340329472,3221487616,23742003491,1911947264,0,0,153944064,
2026-09-12T20:39:20Z,1B6BDDB2-4F6D-4D2F-AFF5-05D54DE5A416,53,decoding,periodic,36434.019,19331757811,2109566636,22638767240,6340313088,3221487616,23742003491,1911947264,0,0,153944064,
2026-09-12T20:39:21Z,1B6BDDB2-4F6D-4D2F-AFF5-05D54DE5A416,54,decoding,periodic,37446.620,19335739123,2105585324,22638849160,6340313088,3221487616,23742003491,1911947264,0,0,153944064,
2026-09-12T20:39:22Z,1B6BDDB2-4F6D-4D2F-AFF5-05D54DE5A416,55,decoding,periodic,38455.876,19454065555,1987258892,22638898312,6340313088,3221487616,23742003491,1911947264,0,0,153944064,
2026-09-12T20:39:23Z,1B6BDDB2-4F6D-4D2F-AFF5-05D54DE5A416,56,decoding,periodic,39459.626,19366594733,2074729714,22638898312,6340313088,3221487616,23742003491,1911947264,0,0,153944064,
2026-09-12T20:39:24Z,1B6BDDB2-4F6D-4D2F-AFF5-05D54DE5A416,57,decoding,periodic,40464.503,19359836931,2081487516,22638750856,6340313088,3221487616,23742003491,1911947264,0,0,153944064,
2026-09-12T20:39:25Z,1B6BDDB2-4F6D-4D2F-AFF5-05D54DE5A416,58,decoding,periodic,41493.637,19396230027,2045094420,22638898312,6340280320,3221487616,23742003491,1911947264,0,0,153944064,
2026-09-12T20:39:26Z,1B6BDDB2-4F6D-4D2F-AFF5-05D54DE5A416,59,decoding,periodic,42506.917,19357698321,2083626126,22638898312,6340247552,3221487616,23742003491,1911947264,0,0,153944064,
2026-09-12T20:39:27Z,1B6BDDB2-4F6D-4D2F-AFF5-05D54DE5A416,60,decoding,periodic,43518.607,19331757811,2109566636,22638898312,6340214784,3221487616,23742003491,1911947264,0,0,153944064,
2026-09-12T20:39:28Z,1B6BDDB2-4F6D-4D2F-AFF5-05D54DE5A416,61,decoding,periodic,44520.031,19374208499,2057268716,22629198984,6340198400,3221487616,23742003491,1911947264,0,0,153944064,
2026-09-12T20:39:29Z,1B6BDDB2-4F6D-4D2F-AFF5-05D54DE5A416,62,decoding,periodic,45543.760,19352549176,2078928039,22629231752,6340132864,3221487616,23742003491,1911947264,0,0,153944064,
2026-09-12T20:39:30Z,1B6BDDB2-4F6D-4D2F-AFF5-05D54DE5A416,63,decoding,periodic,46545.976,19387710479,2043766736,22629198984,6340132864,3221487616,23742003491,1911947264,0,0,153944064,
2026-09-12T20:39:31Z,1B6BDDB2-4F6D-4D2F-AFF5-05D54DE5A416,64,decoding,periodic,47555.563,19472783574,1958710025,22629231752,6340050944,3221487616,23742003491,1911947264,0,0,153944064,
2026-09-12T20:39:32Z,1B6BDDB2-4F6D-4D2F-AFF5-05D54DE5A416,65,decoding,periodic,48570.196,19459292137,1972201462,22629231752,6340034560,3221487616,23742003491,1911947264,0,0,153944064,
2026-09-12T20:39:33Z,1B6BDDB2-4F6D-4D2F-AFF5-05D54DE5A416,66,decoding,periodic,49572.551,19369361188,2062132411,22629280904,6340034560,3221487616,23742003491,1911947264,0,0,153944064,
2026-09-12T20:39:34Z,1B6BDDB2-4F6D-4D2F-AFF5-05D54DE5A416,67,decoding,periodic,50578.625,19352549107,2078944492,22629248136,6340034560,3221487616,23742003491,1911947264,0,0,153944064,
2026-09-12T20:39:35Z,1B6BDDB2-4F6D-4D2F-AFF5-05D54DE5A416,68,decoding,periodic,51585.476,19462568924,1968924675,22629248136,6340018176,3221487616,23742003491,1911947264,0,0,153944064,
2026-09-12T20:39:36Z,1B6BDDB2-4F6D-4D2F-AFF5-05D54DE5A416,69,decoding,periodic,52594.826,19421510669,2009982930,22629215368,6339969024,3221487616,23742003491,1911947264,0,0,153944064,
2026-09-12T20:39:37Z,1B6BDDB2-4F6D-4D2F-AFF5-05D54DE5A416,70,decoding,periodic,53606.012,19357087471,2111102192,22684609672,6339952640,3221487616,23742003491,1911947264,0,0,153944064,
2026-09-12T20:39:38Z,1B6BDDB2-4F6D-4D2F-AFF5-05D54DE5A416,71,decoding,periodic,54610.006,19507755900,1951880712,22657428616,6339936256,3221487616,23742003491,1911947264,0,0,153944064,
2026-09-12T20:39:39Z,1B6BDDB2-4F6D-4D2F-AFF5-05D54DE5A416,72,decoding,periodic,55617.576,19464436651,1995199961,22657363080,6339936256,3221487616,23742003491,1911947264,0,0,153944064,
2026-09-12T20:39:40Z,1B6BDDB2-4F6D-4D2F-AFF5-05D54DE5A416,73,decoding,periodic,56620.496,19424970515,2034829865,22657395848,6339919872,3221487616,23742003491,1911947264,0,0,153944064,
2026-09-12T20:39:41Z,1B6BDDB2-4F6D-4D2F-AFF5-05D54DE5A416,74,decoding,periodic,57621.574,19452885939,2006914513,22657412232,6339887104,3221487616,23742003491,1911947264,0,0,153944064,
2026-09-12T20:39:42Z,1B6BDDB2-4F6D-4D2F-AFF5-05D54DE5A416,75,decoding,periodic,58626.377,19429784459,2030015993,22657510536,6339854336,3221487616,23742003491,1911947264,0,0,153944064,
2026-09-12T20:39:43Z,1B6BDDB2-4F6D-4D2F-AFF5-05D54DE5A416,76,decoding,periodic,59653.584,19421510689,2038289763,22657559688,6339821568,3221487616,23742003491,1911947264,0,0,153944064,
2026-09-12T20:39:44Z,1B6BDDB2-4F6D-4D2F-AFF5-05D54DE5A416,77,decoding,periodic,60665.395,19386136671,2073663781,22657428616,6339788800,3221487616,23742003491,1911947264,0,0,153944064,
2026-09-12T20:39:45Z,1B6BDDB2-4F6D-4D2F-AFF5-05D54DE5A416,78,decoding,periodic,61675.284,19514080120,1945720332,22657526920,6339788800,3221487616,23742003491,1911947264,0,0,153944064,
2026-09-12T20:39:46Z,1B6BDDB2-4F6D-4D2F-AFF5-05D54DE5A416,79,decoding,periodic,62676.714,19767016331,2031998413,22996806792,6339788800,3221487616,23742003491,1911947264,0,0,153944064,
2026-09-12T20:39:47Z,1B6BDDB2-4F6D-4D2F-AFF5-05D54DE5A416,80,decoding,periodic,63688.500,19438287901,2057504166,22693538952,6339772416,3221487616,23742003491,1911947264,0,0,153944064,
2026-09-12T20:39:48Z,1B6BDDB2-4F6D-4D2F-AFF5-05D54DE5A416,81,decoding,periodic,64689.453,19404478672,2090952945,22693162120,6339756032,3221487616,23742003491,1911947264,0,0,153944064,
2026-09-12T20:39:49Z,1B6BDDB2-4F6D-4D2F-AFF5-05D54DE5A416,82,decoding,periodic,65694.848,19475547923,2019883694,22693096584,6339756032,3221487616,23742003491,1911947264,0,0,153944064,
2026-09-12T20:39:50Z,1B6BDDB2-4F6D-4D2F-AFF5-05D54DE5A416,83,decoding,periodic,66705.794,19539147627,1956283990,22693260424,6339756032,3221487616,23742003491,1911947264,0,0,153944064,
2026-09-12T20:39:51Z,1B6BDDB2-4F6D-4D2F-AFF5-05D54DE5A416,84,decoding,periodic,67714.275,19472939887,2022491730,22693244040,6339756032,3221487616,23742003491,1911947264,0,0,153944064,
2026-09-12T20:39:52Z,1B6BDDB2-4F6D-4D2F-AFF5-05D54DE5A416,85,decoding,periodic,68716.477,19394082579,2101349038,22693276808,6339756032,3221487616,23742003491,1911947264,0,0,153944064,
2026-09-12T20:39:53Z,1B6BDDB2-4F6D-4D2F-AFF5-05D54DE5A416,86,decoding,periodic,69730.811,19562347347,1932740198,22692981896,6339756032,3221487616,23742003491,1911947264,0,0,153944064,
2026-09-12T20:39:54Z,1B6BDDB2-4F6D-4D2F-AFF5-05D54DE5A416,87,decoding,periodic,70732.408,19492846491,2002241062,22693096584,6339706880,3221487616,23742003491,1911947264,0,0,153944064,
2026-09-12T20:39:55Z,1B6BDDB2-4F6D-4D2F-AFF5-05D54DE5A416,88,decoding,periodic,71742.437,19695451093,2054440414,22947949704,6339706880,3221487616,23742003491,1911947264,0,0,153944064,
2026-09-12T20:39:56Z,1B6BDDB2-4F6D-4D2F-AFF5-05D54DE5A416,89,decoding,periodic,72752.085,19590871947,1903702221,22692654216,6339706880,3221487616,23742003491,1911947264,0,0,153944064,
2026-09-12T20:39:57Z,1B6BDDB2-4F6D-4D2F-AFF5-05D54DE5A416,90,decoding,periodic,73755.454,19541343100,1951658700,22690933896,6339706880,3221487616,23742003491,1911947264,0,0,153944064,
2026-09-12T20:39:58Z,1B6BDDB2-4F6D-4D2F-AFF5-05D54DE5A416,91,decoding,periodic,74764.124,19524451215,1968550601,22691081352,6339690496,3221487616,23742003491,1911947264,0,0,153944064,
2026-09-12T20:39:59Z,1B6BDDB2-4F6D-4D2F-AFF5-05D54DE5A416,92,decoding,periodic,75767.042,19489717235,2003284581,22691130504,6339674112,3221487616,23742003491,1911947264,0,0,153944064,
2026-09-12T20:40:00Z,1B6BDDB2-4F6D-4D2F-AFF5-05D54DE5A416,93,decoding,periodic,76771.613,19455065117,2037936699,22691081352,6339674112,3221487616,23742003491,1911947264,0,0,153944064,
2026-09-12T20:40:01Z,1B6BDDB2-4F6D-4D2F-AFF5-05D54DE5A416,94,decoding,periodic,77786.129,19547716471,1945285345,22691146888,6339641344,3221487616,23742003491,1911947264,0,0,153944064,
2026-09-12T20:40:02Z,1B6BDDB2-4F6D-4D2F-AFF5-05D54DE5A416,95,decoding,periodic,78793.374,19543522228,1949479588,22691163272,6339624960,3221487616,23742003491,1911947264,0,0,153944064,
2026-09-12T20:40:03Z,1B6BDDB2-4F6D-4D2F-AFF5-05D54DE5A416,96,decoding,periodic,79798.364,19476790223,2044944137,22719933576,6339608576,3221487616,23742003491,1911947264,0,0,153944064,
2026-09-12T20:40:04Z,1B6BDDB2-4F6D-4D2F-AFF5-05D54DE5A416,97,decoding,periodic,80811.484,19471842337,2056019639,22726061192,6339608576,3221487616,23742003491,1911947264,0,0,153944064,
2026-09-12T20:40:05Z,1B6BDDB2-4F6D-4D2F-AFF5-05D54DE5A416,98,decoding,periodic,81828.624,19471842269,2056019707,22726061192,6339608576,3221487616,23742003491,1911947264,0,0,153944064,
2026-09-12T20:40:06Z,1B6BDDB2-4F6D-4D2F-AFF5-05D54DE5A416,99,decoding,periodic,82830.555,19460209645,2067652331,22725979272,6339608576,3221487616,23742003491,1911947264,0,0,153944064,
2026-09-12T20:40:08Z,1B6BDDB2-4F6D-4D2F-AFF5-05D54DE5A416,100,decoding,periodic,83841.138,19556337034,1971524942,22725979272,6339592192,3221487616,23742003491,1911947264,0,0,153944064,
2026-09-12T20:40:09Z,1B6BDDB2-4F6D-4D2F-AFF5-05D54DE5A416,101,decoding,periodic,84865.439,19465436124,2062425852,22726028424,6339592192,3221487616,23742003491,1911947264,0,0,153944064,
2026-09-12T20:40:10Z,1B6BDDB2-4F6D-4D2F-AFF5-05D54DE5A416,102,decoding,periodic,85870.447,19460209705,2067652271,22726044808,6339575808,3221487616,23742003491,1911947264,0,0,153944064,
2026-09-12T20:40:11Z,1B6BDDB2-4F6D-4D2F-AFF5-05D54DE5A416,103,decoding,periodic,86881.990,19491666883,2036195093,22726077576,6339575808,3221487616,23742003491,1911947264,0,0,153944064,
2026-09-12T20:40:12Z,1B6BDDB2-4F6D-4D2F-AFF5-05D54DE5A416,104,decoding,periodic,87895.802,19565059182,1966107370,22736743560,6339559424,3221487616,23742003491,1911947264,0,0,153944064,
2026-09-12T20:40:13Z,1B6BDDB2-4F6D-4D2F-AFF5-05D54DE5A416,105,decoding,periodic,88897.408,19546487771,1965673397,22710398088,6339559424,3221487616,23742003491,1911947264,0,0,153944064,
2026-09-12T20:40:14Z,1B6BDDB2-4F6D-4D2F-AFF5-05D54DE5A416,106,decoding,periodic,89901.591,19581369272,1930791904,22710201480,6339559424,3221487616,23742003491,1911947264,0,0,153944064,
2026-09-12T20:40:15Z,1B6BDDB2-4F6D-4D2F-AFF5-05D54DE5A416,107,decoding,periodic,90905.844,19540130789,1972030387,22710316168,6339559424,3221487616,23742003491,1911947264,0,0,153944064,
2026-09-12T20:40:16Z,1B6BDDB2-4F6D-4D2F-AFF5-05D54DE5A416,108,decoding,periodic,91909.792,19616119709,1896287227,22710561928,6339559424,3221487616,23742003491,1911947264,0,0,153944064,
2026-09-12T20:40:17Z,1B6BDDB2-4F6D-4D2F-AFF5-05D54DE5A416,109,decoding,periodic,92926.482,19436468019,2075938917,22710594696,6339559424,3221487616,23742003491,1911947264,0,0,153944064,
2026-09-12T20:40:18Z,1B6BDDB2-4F6D-4D2F-AFF5-05D54DE5A416,110,decoding,periodic,93930.825,19574832065,1937574871,22710561928,6339543040,3221487616,23742003491,1911947264,0,0,153944064,
2026-09-12T20:40:19Z,1B6BDDB2-4F6D-4D2F-AFF5-05D54DE5A416,111,decoding,periodic,94933.913,19569621965,1942784971,22710512776,6339543040,3221487616,23742003491,1911947264,0,0,153944064,
2026-09-12T20:40:20Z,1B6BDDB2-4F6D-4D2F-AFF5-05D54DE5A416,112,decoding,periodic,95939.390,19513654297,2083175295,22795021448,6339543040,3221487616,23742003491,1911947264,0,0,153944064,
2026-09-12T20:40:21Z,1B6BDDB2-4F6D-4D2F-AFF5-05D54DE5A416,113,decoding,periodic,96965.491,19513654297,2032843583,22744689800,6339543040,3221487616,23742003491,1911947264,0,0,153944064,
2026-09-12T20:40:22Z,1B6BDDB2-4F6D-4D2F-AFF5-05D54DE5A416,114,decoding,periodic,97969.017,19470073251,2076424629,22744722568,6339543040,3221487616,23742003491,1911947264,0,0,153944064,
2026-09-12T20:40:23Z,1B6BDDB2-4F6D-4D2F-AFF5-05D54DE5A416,115,decoding,periodic,98973.301,19583638630,1962859250,22744722568,6339526656,3221487616,23742003491,1911947264,0,0,153944064,
2026-09-12T20:40:24Z,1B6BDDB2-4F6D-4D2F-AFF5-05D54DE5A416,116,decoding,periodic,99976.585,19629554593,1916943287,22744738952,6339510272,3221487616,23742003491,1911947264,0,0,153944064,
2026-09-12T20:40:25Z,1B6BDDB2-4F6D-4D2F-AFF5-05D54DE5A416,117,decoding,periodic,100977.041,19598113725,1948384155,22744771720,6339510272,3221487616,23742003491,1911947264,0,0,153944064,
2026-09-12T20:40:26Z,1B6BDDB2-4F6D-4D2F-AFF5-05D54DE5A416,118,decoding,periodic,101985.389,19609697137,1936800743,22744771720,6339510272,3221487616,23742003491,1911947264,0,0,153944064,
2026-09-12T20:40:27Z,1B6BDDB2-4F6D-4D2F-AFF5-05D54DE5A416,119,decoding,periodic,102993.694,19598113729,1948384151,22744738952,6339493888,3221487616,23742003491,1911947264,0,0,153944064,
2026-09-12T20:40:28Z,1B6BDDB2-4F6D-4D2F-AFF5-05D54DE5A416,120,decoding,periodic,104007.196,19527416847,2051996553,22777654408,6339493888,3221487616,23742003491,1911947264,0,0,153944064,
2026-09-12T20:40:29Z,1B6BDDB2-4F6D-4D2F-AFF5-05D54DE5A416,121,decoding,periodic,105027.988,19522190369,2057223031,22777687176,6339493888,3221487616,23742003491,1911947264,0,0,153944064,
2026-09-12T20:40:30Z,1B6BDDB2-4F6D-4D2F-AFF5-05D54DE5A416,122,decoding,periodic,106037.363,19519192089,2060221311,22777654408,6339477504,3221487616,23742003491,1911947264,0,0,153944064,
2026-09-12T20:40:31Z,1B6BDDB2-4F6D-4D2F-AFF5-05D54DE5A416,123,decoding,periodic,107043.383,19527416853,2051996547,22777654408,6339461120,3221487616,23742003491,1911947264,0,0,153944064,
2026-09-12T20:40:32Z,1B6BDDB2-4F6D-4D2F-AFF5-05D54DE5A416,124,decoding,periodic,108052.310,19465643393,2113770007,22777670792,6339461120,3221487616,23742003491,1911947264,0,0,153944064,
2026-09-12T20:40:33Z,1B6BDDB2-4F6D-4D2F-AFF5-05D54DE5A416,125,decoding,periodic,109088.540,19620150191,1959263209,22777670792,6339444736,3221487616,23742003491,1911947264,0,0,153944064,
2026-09-12T20:40:34Z,1B6BDDB2-4F6D-4D2F-AFF5-05D54DE5A416,126,decoding,periodic,110089.341,19611871678,1967541722,22777670792,6339444736,3221487616,23742003491,1911947264,0,0,153944064,
2026-09-12T20:40:35Z,1B6BDDB2-4F6D-4D2F-AFF5-05D54DE5A416,127,decoding,periodic,111108.699,19476218077,2103195323,22777670792,6339428352,3221487616,23742003491,1911947264,0,0,153944064,
2026-09-12T20:40:36Z,1B6BDDB2-4F6D-4D2F-AFF5-05D54DE5A416,128,decoding,periodic,112114.021,19483047663,2098659497,22787271816,6339428352,3221487616,23742003491,1911947264,0,0,153944064,
2026-09-12T20:40:37Z,1B6BDDB2-4F6D-4D2F-AFF5-05D54DE5A416,129,decoding,periodic,113121.898,19584386904,2027597888,22810242184,6339428352,3221487616,23742003491,1911947264,0,0,153944064,
2026-09-12T20:40:38Z,1B6BDDB2-4F6D-4D2F-AFF5-05D54DE5A416,130,decoding,periodic,114125.893,19542656855,2017947777,22758894728,6339362816,3221487616,23742003491,1911947264,0,0,153944064,
2026-09-12T20:40:39Z,1B6BDDB2-4F6D-4D2F-AFF5-05D54DE5A416,131,decoding,periodic,115147.447,19651656675,1908947957,22758894728,6339362816,3221487616,23742003491,1911947264,0,0,153944064,
2026-09-12T20:40:40Z,1B6BDDB2-4F6D-4D2F-AFF5-05D54DE5A416,132,decoding,periodic,116152.493,19674938315,1885666317,22758943880,6339362816,3221487616,23742003491,1911947264,0,0,153944064,
2026-09-12T20:40:41Z,1B6BDDB2-4F6D-4D2F-AFF5-05D54DE5A416,133,decoding,periodic,117154.702,19487029048,2073575584,22758861960,6339362816,3221487616,23742003491,1911947264,0,0,153944064,
2026-09-12T20:40:42Z,1B6BDDB2-4F6D-4D2F-AFF5-05D54DE5A416,134,decoding,periodic,118159.596,19502987091,2057617541,22758927496,6339346432,3221487616,23742003491,1911947264,0,0,153944064,
2026-09-12T20:40:43Z,1B6BDDB2-4F6D-4D2F-AFF5-05D54DE5A416,135,decoding,periodic,119162.973,19542656856,2017947776,22758960264,6339330048,3221487616,23742003491,1911947264,0,0,153944064,
2026-09-12T20:40:44Z,1B6BDDB2-4F6D-4D2F-AFF5-05D54DE5A416,136,decoding,periodic,120168.680,19656883184,1954642920,22806424712,6339280896,3221487616,23742003491,1911947264,0,0,153944064,
2026-09-12T20:40:45Z,1B6BDDB2-4F6D-4D2F-AFF5-05D54DE5A416,137,decoding,periodic,121170.054,19602193379,1991490481,22792039560,6339264512,3221487616,23742003491,1911947264,0,0,153944064,
2026-09-12T20:40:46Z,1B6BDDB2-4F6D-4D2F-AFF5-05D54DE5A416,138,decoding,periodic,122187.250,19637009343,1956674517,22792006792,6339264512,3221487616,23742003491,1911947264,0,0,153944064,
2026-09-12T20:40:47Z,1B6BDDB2-4F6D-4D2F-AFF5-05D54DE5A416,139,decoding,periodic,123193.211,19653819312,1939864548,22792006792,6339264512,3221487616,23742003491,1911947264,0,0,153944064,
2026-09-12T20:40:48Z,1B6BDDB2-4F6D-4D2F-AFF5-05D54DE5A416,140,decoding,periodic,124193.677,19660209073,1933474787,22792039560,6339264512,3221487616,23742003491,1911947264,0,0,153944064,
2026-09-12T20:40:49Z,1B6BDDB2-4F6D-4D2F-AFF5-05D54DE5A416,141,decoding,periodic,125207.372,19511801655,2081882205,22792039560,6339231744,3221487616,23742003491,1911947264,0,0,153944064,
2026-09-12T20:40:50Z,1B6BDDB2-4F6D-4D2F-AFF5-05D54DE5A416,142,decoding,periodic,126208.555,19660209073,1933474787,22792006792,6339231744,3221487616,23742003491,1911947264,0,0,153944064,
2026-09-12T20:40:51Z,1B6BDDB2-4F6D-4D2F-AFF5-05D54DE5A416,143,decoding,periodic,127209.814,19589315588,2036923280,22824561800,6339231744,3221487616,23742003491,1911947264,0,0,153944064,
2026-09-12T20:40:52Z,1B6BDDB2-4F6D-4D2F-AFF5-05D54DE5A416,144,decoding,periodic,128210.277,19627228133,1999010735,22824578184,6339231744,3221487616,23742003491,1911947264,0,0,153944064,
2026-09-12T20:40:53Z,1B6BDDB2-4F6D-4D2F-AFF5-05D54DE5A416,145,decoding,periodic,129218.672,19662109637,1964129231,22824610952,6339231744,3221487616,23742003491,1911947264,0,0,153944064,
2026-09-12T20:40:54Z,1B6BDDB2-4F6D-4D2F-AFF5-05D54DE5A416,146,decoding,periodic,130223.196,19665435571,1960803297,22824578184,6339231744,3221487616,23742003491,1911947264,0,0,153944064,
2026-09-12T20:40:55Z,1B6BDDB2-4F6D-4D2F-AFF5-05D54DE5A416,147,decoding,periodic,131226.513,19642153931,1984084937,22824578184,6339231744,3221487616,23742003491,1911947264,0,0,153944064,
2026-09-12T20:40:56Z,1B6BDDB2-4F6D-4D2F-AFF5-05D54DE5A416,148,decoding,periodic,132230.687,19685309343,1940929525,22824561800,6339182592,3221487616,23742003491,1911947264,0,0,153944064,
2026-09-12T20:40:57Z,1B6BDDB2-4F6D-4D2F-AFF5-05D54DE5A416,149,decoding,periodic,133236.709,19536574291,2089664577,22824578184,6339182592,3221487616,23742003491,1911947264,0,0,153944064,
2026-09-12T20:40:58Z,1B6BDDB2-4F6D-4D2F-AFF5-05D54DE5A416,150,decoding,periodic,134244.748,19648879750,1977359118,22824578184,6339182592,3221487616,23742003491,1911947264,0,0,153944064,
2026-09-12T20:40:59Z,1B6BDDB2-4F6D-4D2F-AFF5-05D54DE5A416,151,decoding,periodic,135247.350,19693861813,1964927903,22857165960,6339182592,3221487616,23742003491,1911947264,0,0,153944064,
2026-09-12T20:41:00Z,1B6BDDB2-4F6D-4D2F-AFF5-05D54DE5A416,152,decoding,periodic,136278.683,19537508147,2068328545,22804212872,6339182592,3221487616,23742003491,1911947264,0,0,153944064,
2026-09-12T20:41:01Z,1B6BDDB2-4F6D-4D2F-AFF5-05D54DE5A416,153,decoding,periodic,137292.495,19553992100,2051844592,22804180104,6339182592,3221487616,23742003491,1911947264,0,0,153944064,
2026-09-12T20:41:02Z,1B6BDDB2-4F6D-4D2F-AFF5-05D54DE5A416,154,decoding,periodic,138304.556,19617725427,1988111265,22804196488,6339182592,3221487616,23742003491,1911947264,0,0,153944064,
2026-09-12T20:41:03Z,1B6BDDB2-4F6D-4D2F-AFF5-05D54DE5A416,155,decoding,periodic,139307.011,19624098804,1981737888,22804196488,6339182592,3221487616,23742003491,1911947264,0,0,153944064,
2026-09-12T20:41:04Z,1B6BDDB2-4F6D-4D2F-AFF5-05D54DE5A416,156,decoding,periodic,140334.801,19585956887,2019879805,22804245640,6339182592,3221487616,23742003491,1911947264,0,0,153944064,
2026-09-12T20:41:05Z,1B6BDDB2-4F6D-4D2F-AFF5-05D54DE5A416,157,decoding,periodic,141351.943,19710704555,1980656617,22889770120,6339182592,3221487616,23742003491,1911947264,0,0,153944064,
2026-09-12T20:41:06Z,1B6BDDB2-4F6D-4D2F-AFF5-05D54DE5A416,158,decoding,periodic,142364.613,19550369587,2088038497,22836784264,6339182592,3221487616,23742003491,1911947264,0,0,153944064,
2026-09-12T20:41:07Z,1B6BDDB2-4F6D-4D2F-AFF5-05D54DE5A416,159,decoding,periodic,143375.533,19575868936,2062539148,22836784264,6339149824,3221487616,23742003491,1911947264,0,0,153944064,
2026-09-12T20:41:08Z,1B6BDDB2-4F6D-4D2F-AFF5-05D54DE5A416,160,decoding,periodic,144385.804,19626015753,2012392331,22836735112,6339133440,3221487616,23742003491,1911947264,0,0,153944064,
2026-09-12T20:41:09Z,1B6BDDB2-4F6D-4D2F-AFF5-05D54DE5A416,161,decoding,periodic,145403.757,19627392011,2041994057,22867782792,6339133440,3221487616,23742003491,1911947264,0,0,153944064,
2026-09-12T20:41:10Z,1B6BDDB2-4F6D-4D2F-AFF5-05D54DE5A416,162,decoding,periodic,146413.946,19700923267,1968462801,22867668104,6339117056,3221487616,23742003491,1911947264,0,0,153944064,
2026-09-12T20:41:11Z,1B6BDDB2-4F6D-4D2F-AFF5-05D54DE5A416,163,decoding,periodic,147419.837,19721124725,1948261343,22867766408,6339117056,3221487616,23742003491,1911947264,0,0,153944064,
2026-09-12T20:41:12Z,1B6BDDB2-4F6D-4D2F-AFF5-05D54DE5A416,164,decoding,periodic,148422.113,19567195959,2102190109,22867799176,6339117056,3221487616,23742003491,1911947264,0,0,153944064,
2026-09-12T20:41:13Z,1B6BDDB2-4F6D-4D2F-AFF5-05D54DE5A416,165,decoding,periodic,149439.002,19622968353,2046417715,22867799176,6339100672,3221487616,23742003491,1911947264,0,0,153944064,
2026-09-12T20:41:14Z,1B6BDDB2-4F6D-4D2F-AFF5-05D54DE5A416,166,decoding,periodic,150453.911,20021378035,1988778845,23208569992,6339100672,3221487616,23742003491,1911947264,0,0,153944064,
2026-09-12T20:41:15Z,1B6BDDB2-4F6D-4D2F-AFF5-05D54DE5A416,167,decoding,periodic,151455.858,19633896476,2013584268,22845959304,6339100672,3221487616,23742003491,1911947264,0,0,153944064,
2026-09-12T20:41:16Z,1B6BDDB2-4F6D-4D2F-AFF5-05D54DE5A416,168,decoding,periodic,152469.793,19659635721,1987894175,22845795464,6339100672,3221487616,23742003491,1911947264,0,0,153944064,
2026-09-12T20:41:17Z,1B6BDDB2-4F6D-4D2F-AFF5-05D54DE5A416,169,decoding,periodic,153472.312,19717749699,1929829349,22845844616,6339100672,3221487616,23742003491,1911947264,0,0,153944064,
2026-09-12T20:41:18Z,1B6BDDB2-4F6D-4D2F-AFF5-05D54DE5A416,170,decoding,periodic,154476.497,19750042537,1897536511,22845992072,6339100672,3221487616,23742003491,1911947264,0,0,153944064,
2026-09-12T20:41:19Z,1B6BDDB2-4F6D-4D2F-AFF5-05D54DE5A416,171,decoding,periodic,155482.691,19603830611,2043748437,22845992072,6339100672,3221487616,23742003491,1911947264,0,0,153944064,
2026-09-12T20:41:20Z,1B6BDDB2-4F6D-4D2F-AFF5-05D54DE5A416,172,decoding,periodic,156503.775,19633667095,2013911953,22845942920,6339100672,3221487616,23742003491,1911947264,0,0,153944064,
2026-09-12T20:41:21Z,1B6BDDB2-4F6D-4D2F-AFF5-05D54DE5A416,173,decoding,periodic,157512.422,19663207419,1984371629,22845844616,6339084288,3221487616,23742003491,1911947264,0,0,153944064,
2026-09-12T20:41:22Z,1B6BDDB2-4F6D-4D2F-AFF5-05D54DE5A416,174,decoding,periodic,158526.444,19709672395,1937906653,22846024840,6339084288,3221487616,23742003491,1911947264,0,0,153944064,
2026-09-12T20:41:23Z,1B6BDDB2-4F6D-4D2F-AFF5-05D54DE5A416,175,decoding,periodic,159531.813,19680017344,1999408040,22877891720,6339035136,3221487616,23742003491,1911947264,0,0,153944064,
2026-09-12T20:41:24Z,1B6BDDB2-4F6D-4D2F-AFF5-05D54DE5A416,176,decoding,periodic,160541.067,19728120699,1951304685,22877908104,6339018752,3221487616,23742003491,1911947264,0,0,153944064,
2026-09-12T20:41:25Z,1B6BDDB2-4F6D-4D2F-AFF5-05D54DE5A416,177,decoding,periodic,161560.802,19660375827,2019049557,22877760648,6339018752,3213099008,23742003491,1911947264,0,0,153944064,
2026-09-12T20:41:26Z,1B6BDDB2-4F6D-4D2F-AFF5-05D54DE5A416,178,decoding,periodic,162569.590,19732732998,1946741538,22877809800,6339018752,3213099008,23742003491,1911947264,0,0,153944064,
2026-09-12T20:41:27Z,1B6BDDB2-4F6D-4D2F-AFF5-05D54DE5A416,179,decoding,periodic,163595.789,19656768467,2022706069,22877957256,6339018752,3213099008,23742003491,1911947264,0,0,153944064,
2026-09-12T20:41:28Z,1B6BDDB2-4F6D-4D2F-AFF5-05D54DE5A416,180,decoding,periodic,164607.651,19703233448,1976241088,22877957256,6339018752,3213099008,23742003491,1911947264,0,0,153944064,
2026-09-12T20:41:29Z,1B6BDDB2-4F6D-4D2F-AFF5-05D54DE5A416,181,decoding,periodic,165618.565,19766655849,1912818687,22877990024,6339018752,3213099008,23742003491,1911947264,0,0,153944064,
2026-09-12T20:41:30Z,1B6BDDB2-4F6D-4D2F-AFF5-05D54DE5A416,182,decoding,periodic,166619.452,19743292377,1967557518,22909349000,6339002368,3213099008,23742003491,1911947264,0,0,153944064,
2026-09-12T20:41:31Z,1B6BDDB2-4F6D-4D2F-AFF5-05D54DE5A416,183,decoding,periodic,167622.263,19780631388,1927072779,22909349000,6339002368,3213099008,23742003491,1911947264,0,0,153944064,
2026-09-12T20:41:32Z,1B6BDDB2-4F6D-4D2F-AFF5-05D54DE5A416,184,decoding,periodic,168638.934,19806731153,1904217046,22909512840,6339002368,3213099008,23742003491,1911947264,0,0,153944064,
2026-09-12T20:41:33Z,1B6BDDB2-4F6D-4D2F-AFF5-05D54DE5A416,185,decoding,periodic,169642.911,19645411880,2065536319,22909480072,6338969600,3213099008,23742003491,1911947264,0,0,153944064,
2026-09-12T20:41:34Z,1B6BDDB2-4F6D-4D2F-AFF5-05D54DE5A416,186,decoding,periodic,170650.761,19678919632,2032028567,22909512840,6338969600,3213099008,23742003491,1911947264,0,0,153944064,
2026-09-12T20:41:35Z,1B6BDDB2-4F6D-4D2F-AFF5-05D54DE5A416,187,decoding,periodic,171665.235,19809418055,1901530144,22909496456,6338969600,3213099008,23742003491,1911947264,0,0,153944064,
2026-09-12T20:41:36Z,1B6BDDB2-4F6D-4D2F-AFF5-05D54DE5A416,188,decoding,periodic,172668.097,19748567939,1962380260,22909480072,6338969600,3213099008,23742003491,1911947264,0,0,153944064,
2026-09-12T20:41:37Z,1B6BDDB2-4F6D-4D2F-AFF5-05D54DE5A416,189,decoding,periodic,173676.428,19678739423,2063563529,22940920968,6338969600,3213099008,23742003491,1911947264,0,0,153944064,
2026-09-12T20:41:38Z,1B6BDDB2-4F6D-4D2F-AFF5-05D54DE5A416,190,decoding,periodic,174683.444,19730545511,2011904897,22941068424,6338953216,3213099008,23742003491,1911947264,0,0,153944064,
2026-09-12T20:41:39Z,1B6BDDB2-4F6D-4D2F-AFF5-05D54DE5A416,191,decoding,periodic,175684.924,19753728847,1988721561,22940855432,6338953216,3213099008,23742003491,1911947264,0,0,153944064,
2026-09-12T20:41:40Z,1B6BDDB2-4F6D-4D2F-AFF5-05D54DE5A416,192,decoding,periodic,176685.228,19779418984,1963031424,22940970120,6338953216,3213099008,23742003491,1911947264,0,0,153944064,
2026-09-12T20:41:41Z,1B6BDDB2-4F6D-4D2F-AFF5-05D54DE5A416,193,decoding,periodic,177689.903,19638073048,2104377360,22941084808,6338953216,3213099008,23742003491,1911947264,0,0,153944064,
2026-09-12T20:41:42Z,1B6BDDB2-4F6D-4D2F-AFF5-05D54DE5A416,194,decoding,periodic,178697.284,19831356253,1885764490,22915624072,6338953216,3213099008,23742003491,1911947264,0,0,153944064,
2026-09-12T20:41:43Z,1B6BDDB2-4F6D-4D2F-AFF5-05D54DE5A416,195,decoding,periodic,179712.735,19663042291,2054127604,22915607688,6338936832,3213099008,23742003491,1911947264,0,0,153944064,
2026-09-12T20:41:44Z,1B6BDDB2-4F6D-4D2F-AFF5-05D54DE5A416,196,decoding,periodic,180733.001,19709885372,2007382827,22915918984,6338936832,3213099008,23742003491,1911947264,0,0,153944064,
2026-09-12T20:41:45Z,1B6BDDB2-4F6D-4D2F-AFF5-05D54DE5A416,197,decoding,periodic,181743.038,19761576863,1955691336,22915918984,6338936832,3213099008,23742003491,1911947264,0,0,153944064,
2026-09-12T20:41:46Z,1B6BDDB2-4F6D-4D2F-AFF5-05D54DE5A416,198,decoding,periodic,182745.499,19808123691,1909144508,22915771528,6338936832,3213099008,23742003491,1911947264,0,0,153944064,
2026-09-12T20:41:47Z,1B6BDDB2-4F6D-4D2F-AFF5-05D54DE5A416,199,decoding,periodic,183753.155,19679272279,2037995920,22915738760,6338920448,3213099008,23742003491,1911947264,0,0,153944064,
2026-09-12T20:41:48Z,1B6BDDB2-4F6D-4D2F-AFF5-05D54DE5A416,200,decoding,periodic,184756.030,19695418409,2021849790,22915869832,6338920448,3213099008,23742003491,1911947264,0,0,153944064,
2026-09-12T20:41:49Z,1B6BDDB2-4F6D-4D2F-AFF5-05D54DE5A416,201,decoding,periodic,185765.874,19741899705,1975368494,22915886216,6338920448,3213099008,23742003491,1911947264,0,0,153944064,
2026-09-12T20:41:50Z,1B6BDDB2-4F6D-4D2F-AFF5-05D54DE5A416,202,decoding,periodic,186772.795,19731921931,1996189134,22946622600,6338920448,3213099008,23742003491,1911947264,0,0,153944064,
2026-09-12T20:41:51Z,1B6BDDB2-4F6D-4D2F-AFF5-05D54DE5A416,203,decoding,periodic,187773.744,19743521737,2004482910,22946688136,6338887680,3213099008,23742003491,1911947264,0,0,153944064,
2026-09-12T20:41:52Z,1B6BDDB2-4F6D-4D2F-AFF5-05D54DE5A416,204,decoding,periodic,188778.494,19758660532,1989442419,22946753672,6338887680,3213099008,23742003491,1911947264,0,0,153944064,
2026-09-12T20:41:53Z,1B6BDDB2-4F6D-4D2F-AFF5-05D54DE5A416,205,decoding,periodic,189790.572,19766655847,1981447104,22946720904,6338887680,3213099008,23742003491,1911947264,0,0,153944064,
2026-09-12T20:41:54Z,1B6BDDB2-4F6D-4D2F-AFF5-05D54DE5A416,206,decoding,periodic,190805.579,19851705245,1896397706,22946770056,6338887680,3213099008,23742003491,1911947264,0,0,153944064,
2026-09-12T20:41:55Z,1B6BDDB2-4F6D-4D2F-AFF5-05D54DE5A416,207,decoding,periodic,191808.314,19851705167,1896397784,22946671752,6338887680,3213099008,23742003491,1911947264,0,0,153944064,
2026-09-12T20:41:56Z,1B6BDDB2-4F6D-4D2F-AFF5-05D54DE5A416,208,decoding,periodic,192812.888,19696065879,2052037072,22946704520,6338887680,3213099008,23742003491,1911947264,0,0,153944064,
2026-09-12T20:41:57Z,1B6BDDB2-4F6D-4D2F-AFF5-05D54DE5A416,209,decoding,periodic,193826.418,19717408211,2061562196,22977473672,6338854912,3213099008,23742003491,1911947264,0,0,153944064,
2026-09-12T20:41:58Z,1B6BDDB2-4F6D-4D2F-AFF5-05D54DE5A416,210,decoding,periodic,194831.889,19775454137,2003516270,22977473672,6338854912,3213099008,23742003491,1911947264,0,0,153944064,
2026-09-12T20:41:59Z,1B6BDDB2-4F6D-4D2F-AFF5-05D54DE5A416,211,decoding,periodic,195833.797,19771849587,2007120820,22977621128,6338854912,3213099008,23742003491,1911947264,0,0,153944064,
2026-09-12T20:42:01Z,1B6BDDB2-4F6D-4D2F-AFF5-05D54DE5A416,212,decoding,periodic,196843.120,19841612661,1937357746,22977621128,6338838528,3213099008,23742003491,1911947264,0,0,153944064,
2026-09-12T20:42:02Z,1B6BDDB2-4F6D-4D2F-AFF5-05D54DE5A416,213,decoding,periodic,197854.644,19768626182,2010344225,22977653896,6338838528,3213099008,23742003491,1911947264,0,0,153944064,
2026-09-12T20:42:03Z,1B6BDDB2-4F6D-4D2F-AFF5-05D54DE5A416,214,decoding,periodic,198856.523,19808394245,1970576162,22977506440,6338838528,3213099008,23742003491,1911947264,0,0,153944064,
2026-09-12T20:42:04Z,1B6BDDB2-4F6D-4D2F-AFF5-05D54DE5A416,215,decoding,periodic,199865.198,19769179063,2009791344,22977686664,6338838528,3213099008,23742003491,1911947264,0,0,153944064,
2026-09-12T20:42:05Z,1B6BDDB2-4F6D-4D2F-AFF5-05D54DE5A416,216,decoding,periodic,200875.614,19795131369,1983839038,22977719432,6338838528,3213099008,23742003491,1911947264,0,0,153944064,
2026-09-12T20:42:06Z,1B6BDDB2-4F6D-4D2F-AFF5-05D54DE5A416,217,decoding,periodic,201876.381,19792444251,1986526156,22977735816,6338838528,3213099008,23742003491,1911947264,0,0,153944064,
2026-09-12T20:42:07Z,1B6BDDB2-4F6D-4D2F-AFF5-05D54DE5A416,218,decoding,periodic,202885.032,19761022739,2049515540,23009307784,6338838528,3213099008,23742003491,1911947264,0,0,153944064,
2026-09-12T20:42:08Z,1B6BDDB2-4F6D-4D2F-AFF5-05D54DE5A416,219,decoding,periodic,203892.782,19760990040,2049597391,23009291400,6338838528,3213099008,23742003491,1911947264,0,0,153944064,
2026-09-12T20:42:09Z,1B6BDDB2-4F6D-4D2F-AFF5-05D54DE5A416,220,decoding,periodic,204909.689,19729636759,2080950672,23009176712,6338838528,3213099008,23742003491,1911947264,0,0,153944064,
2026-09-12T20:42:10Z,1B6BDDB2-4F6D-4D2F-AFF5-05D54DE5A416,221,decoding,periodic,205924.655,19739606096,2070981335,23009356936,6338822144,3213099008,23742003491,1911947264,0,0,153944064,
2026-09-12T20:42:11Z,1B6BDDB2-4F6D-4D2F-AFF5-05D54DE5A416,222,decoding,periodic,206925.020,19797638059,2012949372,23009291400,6338822144,3213099008,23742003491,1911947264,0,0,153944064,
2026-09-12T20:42:12Z,1B6BDDB2-4F6D-4D2F-AFF5-05D54DE5A416,223,decoding,periodic,207938.850,19858389945,1952197486,23009356936,6338822144,3213099008,23742003491,1911947264,0,0,153944064,
2026-09-12T20:42:13Z,1B6BDDB2-4F6D-4D2F-AFF5-05D54DE5A416,224,decoding,periodic,208945.540,19761055571,2049531860,23009373320,6338822144,3213099008,23742003491,1911947264,0,0,153944064,
2026-09-12T20:42:14Z,1B6BDDB2-4F6D-4D2F-AFF5-05D54DE5A416,225,decoding,periodic,209954.544,19753745445,2056841986,23009373320,6338822144,3213099008,23742003491,1911947264,0,0,153944064,
2026-09-12T20:42:15Z,1B6BDDB2-4F6D-4D2F-AFF5-05D54DE5A416,226,decoding,periodic,210968.428,19722221367,2118606832,23039552648,6338822144,3213099008,23742003491,1911947264,0,0,153944064,
2026-09-12T20:42:16Z,1B6BDDB2-4F6D-4D2F-AFF5-05D54DE5A416,227,decoding,periodic,211980.614,19767884837,2014321474,22981045384,6338805760,3213099008,23742003491,1911947264,0,0,153944064,
2026-09-12T20:42:17Z,1B6BDDB2-4F6D-4D2F-AFF5-05D54DE5A416,228,decoding,periodic,212997.134,19851901832,1930304479,22981110920,6338789376,3213099008,23742003491,1911947264,0,0,153944064,
2026-09-12T20:42:18Z,1B6BDDB2-4F6D-4D2F-AFF5-05D54DE5A416,229,decoding,periodic,214013.834,19886783327,1895422984,22980865160,6338789376,3213099008,23742003491,1911947264,0,0,153944064,
2026-09-12T20:42:19Z,1B6BDDB2-4F6D-4D2F-AFF5-05D54DE5A416,230,decoding,periodic,215014.399,19730102099,2052104212,22980963464,6338772992,3213099008,23742003491,1911947264,0,0,153944064,
2026-09-12T20:42:20Z,1B6BDDB2-4F6D-4D2F-AFF5-05D54DE5A416,231,decoding,periodic,216031.982,19777783640,2004422671,22980963464,6338772992,3213099008,23742003491,1911947264,0,0,153944064,
2026-09-12T20:42:21Z,1B6BDDB2-4F6D-4D2F-AFF5-05D54DE5A416,232,decoding,periodic,217038.855,19860896636,1921309675,22980963464,6338772992,3213099008,23742003491,1911947264,0,0,153944064,
2026-09-12T20:42:22Z,1B6BDDB2-4F6D-4D2F-AFF5-05D54DE5A416,233,decoding,periodic,218039.602,19777783571,2004422740,22981029000,6338772992,3213099008,23742003491,1911947264,0,0,153944064,
2026-09-12T20:42:23Z,1B6BDDB2-4F6D-4D2F-AFF5-05D54DE5A416,234,decoding,periodic,219040.182,19735000727,2149605532,23095700616,6338772992,3213099008,23742003491,1911947264,0,0,153944064,
2026-09-12T20:42:24Z,1B6BDDB2-4F6D-4D2F-AFF5-05D54DE5A416,235,decoding,periodic,220049.059,19794577171,2018496516,23011945608,6338772992,3213099008,23742003491,1911947264,0,0,153944064,
2026-09-12T20:42:25Z,1B6BDDB2-4F6D-4D2F-AFF5-05D54DE5A416,236,decoding,periodic,221051.835,19872381823,1940691944,23011912840,6338772992,3213099008,23742003491,1911947264,0,0,153944064,
2026-09-12T20:42:26Z,1B6BDDB2-4F6D-4D2F-AFF5-05D54DE5A416,237,decoding,periodic,222053.141,19866008451,1947065316,23011880072,6338772992,3213099008,23742003491,1911947264,0,0,153944064,
2026-09-12T20:42:27Z,1B6BDDB2-4F6D-4D2F-AFF5-05D54DE5A416,238,decoding,periodic,223056.410,19912571741,1900502026,23011912840,6338772992,3213099008,23742003491,1911947264,0,0,153944064,
2026-09-12T20:42:28Z,1B6BDDB2-4F6D-4D2F-AFF5-05D54DE5A416,239,decoding,periodic,224079.365,19799014347,2014059420,23011929224,6338772992,3213099008,23742003491,1911947264,0,0,153944064,
2026-09-12T20:42:29Z,1B6BDDB2-4F6D-4D2F-AFF5-05D54DE5A416,240,decoding,periodic,225102.922,19784989647,2028084120,23011896456,6338772992,3213099008,23742003491,1911947264,0,0,153944064,
2026-09-12T20:42:30Z,1B6BDDB2-4F6D-4D2F-AFF5-05D54DE5A416,241,decoding,periodic,226114.254,19789986763,2053069277,23041731720,6338772992,3213099008,23742003491,1911947264,0,0,153944064,
2026-09-12T20:42:31Z,1B6BDDB2-4F6D-4D2F-AFF5-05D54DE5A416,242,decoding,periodic,227116.975,19835751046,2007304994,23041830024,6338740224,3213099008,23742003491,1911947264,0,0,153944064,
2026-09-12T20:42:32Z,1B6BDDB2-4F6D-4D2F-AFF5-05D54DE5A416,243,decoding,periodic,228119.544,19813137424,2029918616,23041928328,6338740224,3213099008,23742003491,1911947264,0,0,153944064,
2026-09-12T20:42:33Z,1B6BDDB2-4F6D-4D2F-AFF5-05D54DE5A416,244,decoding,periodic,229136.349,19848018791,1995037249,23041944712,6338740224,3213099008,23742003491,1911947264,0,0,153944064,
2026-09-12T20:42:34Z,1B6BDDB2-4F6D-4D2F-AFF5-05D54DE5A416,245,decoding,periodic,230138.324,19931970451,1911085589,23041977480,6338740224,3213099008,23742003491,1911947264,0,0,153944064,
2026-09-12T20:42:35Z,1B6BDDB2-4F6D-4D2F-AFF5-05D54DE5A416,246,decoding,periodic,231139.487,19811370771,2031685269,23041977480,6338740224,3213099008,23742003491,1911947264,0,0,153944064,
2026-09-12T20:42:36Z,1B6BDDB2-4F6D-4D2F-AFF5-05D54DE5A416,247,decoding,periodic,232149.298,19772292063,2070763977,23041961096,6338740224,3213099008,23742003491,1911947264,0,0,153944064,
2026-09-12T20:42:37Z,1B6BDDB2-4F6D-4D2F-AFF5-05D54DE5A416,248,decoding,periodic,233151.369,19796130783,2046926537,23041961096,6338740224,3213099008,23742003491,1911947264,0,0,153944064,
2026-09-12T20:42:38Z,1B6BDDB2-4F6D-4D2F-AFF5-05D54DE5A416,249,decoding,periodic,234155.867,19845105495,1997951825,23041993864,6338740224,3213099008,23742003491,1911947264,0,0,153944064,
2026-09-12T20:42:39Z,1B6BDDB2-4F6D-4D2F-AFF5-05D54DE5A416,250,decoding,periodic,235160.604,19864812533,1993346739,23057067144,6338723840,3213099008,23742003491,1911947264,0,0,153944064,
2026-09-12T20:42:40Z,1B6BDDB2-4F6D-4D2F-AFF5-05D54DE5A416,251,decoding,periodic,236167.244,19824589853,2048970379,23072533640,6338723840,3213099008,23742003491,1911947264,0,0,153944064,
2026-09-12T20:42:41Z,1B6BDDB2-4F6D-4D2F-AFF5-05D54DE5A416,252,decoding,periodic,237174.292,19859405679,2014154553,23072566408,6338723840,3213099008,23742003491,1911947264,0,0,153944064,
2026-09-12T20:42:42Z,1B6BDDB2-4F6D-4D2F-AFF5-05D54DE5A416,253,decoding,periodic,238186.629,19899595651,1973964581,23072599176,6338723840,3213099008,23742003491,1911947264,0,0,153944064,
2026-09-12T20:42:43Z,1B6BDDB2-4F6D-4D2F-AFF5-05D54DE5A416,254,decoding,periodic,239187.146,19860454313,2013105919,23072484488,6338723840,3213099008,23742003491,1911947264,0,0,153944064,
2026-09-12T20:42:44Z,1B6BDDB2-4F6D-4D2F-AFF5-05D54DE5A416,255,decoding,periodic,240188.763,19879082917,1994477315,23072550024,6338723840,3213099008,23742003491,1911947264,0,0,153944064,
2026-09-12T20:42:45Z,1B6BDDB2-4F6D-4D2F-AFF5-05D54DE5A416,256,decoding,periodic,241189.673,19844266879,2029293353,23072582792,6338723840,3213099008,23742003491,1911947264,0,0,153944064,
2026-09-12T20:42:46Z,1B6BDDB2-4F6D-4D2F-AFF5-05D54DE5A416,257,decoding,periodic,242207.914,19852999633,2045718273,23097748616,6338723840,3213099008,23742003491,1911947264,0,0,153944064,
2026-09-12T20:42:47Z,1B6BDDB2-4F6D-4D2F-AFF5-05D54DE5A416,258,decoding,periodic,243218.499,19841367059,2002126637,23042403464,6338723840,3213099008,23742003491,1911947264,0,0,153944064,
2026-09-12T20:42:48Z,1B6BDDB2-4F6D-4D2F-AFF5-05D54DE5A416,259,decoding,periodic,244222.900,19837680599,2005813137,23042485384,6338723840,3213099008,23742003491,1911947264,0,0,153944064,
2026-09-12T20:42:49Z,1B6BDDB2-4F6D-4D2F-AFF5-05D54DE5A416,260,decoding,periodic,245226.309,19919043459,1924450277,23042452616,6338723840,3213099008,23742003491,1911947264,0,0,153944064,
2026-09-12T20:42:50Z,1B6BDDB2-4F6D-4D2F-AFF5-05D54DE5A416,261,decoding,periodic,246238.800,19957529509,1885964227,23042452616,6338723840,3213099008,23742003491,1911947264,0,0,153944064,
2026-09-12T20:42:51Z,1B6BDDB2-4F6D-4D2F-AFF5-05D54DE5A416,262,decoding,periodic,247239.676,19953924959,1889568777,23042452616,6338723840,3213099008,23742003491,1911947264,0,0,153944064,
2026-09-12T20:42:52Z,1B6BDDB2-4F6D-4D2F-AFF5-05D54DE5A416,263,decoding,periodic,248247.136,19899448220,1944045516,23042452616,6338723840,3213099008,23742003491,1911947264,0,0,153944064,
2026-09-12T20:42:53Z,1B6BDDB2-4F6D-4D2F-AFF5-05D54DE5A416,264,decoding,periodic,249248.695,19899448219,1944045517,23042469000,6338723840,3213099008,23742003491,1911947264,0,0,153944064,
2026-09-12T20:42:54Z,1B6BDDB2-4F6D-4D2F-AFF5-05D54DE5A416,265,decoding,periodic,250251.516,19835026391,2008467345,23042403464,6338707456,3213099008,23742003491,1911947264,0,0,153944064,
2026-09-12T20:42:55Z,1B6BDDB2-4F6D-4D2F-AFF5-05D54DE5A416,266,decoding,periodic,251264.577,19821967192,2051328016,23072287880,6338707456,3213099008,23742003491,1911947264,0,0,153944064,
2026-09-12T20:42:56Z,1B6BDDB2-4F6D-4D2F-AFF5-05D54DE5A416,267,decoding,periodic,252273.088,19982302113,1890993095,23072320648,6338707456,3213099008,23742003491,1911947264,0,0,153944064,
2026-09-12T20:42:57Z,1B6BDDB2-4F6D-4D2F-AFF5-05D54DE5A416,268,decoding,periodic,253276.275,19863485465,2009809743,23072320648,6338707456,3213099008,23742003491,1911947264,0,0,153944064,
2026-09-12T20:42:58Z,1B6BDDB2-4F6D-4D2F-AFF5-05D54DE5A416,269,decoding,periodic,254278.258,19861702487,2011592721,23072320648,6338707456,3213099008,23742003491,1911947264,0,0,153944064,
2026-09-12T20:42:59Z,1B6BDDB2-4F6D-4D2F-AFF5-05D54DE5A416,270,decoding,periodic,255278.615,19846462509,2026832699,23072320648,6338707456,3213099008,23742003491,1911947264,0,0,153944064,
2026-09-12T20:43:00Z,1B6BDDB2-4F6D-4D2F-AFF5-05D54DE5A416,271,decoding,periodic,256284.573,19827297553,2045997655,23072287880,6338707456,3213099008,23742003491,1911947264,0,0,153944064,
2026-09-12T20:43:01Z,1B6BDDB2-4F6D-4D2F-AFF5-05D54DE5A416,272,decoding,periodic,257286.834,19947412422,1925882786,23073991816,6338625536,3213099008,23742003491,1911947264,0,0,153944064,
2026-09-12T20:43:02Z,1B6BDDB2-4F6D-4D2F-AFF5-05D54DE5A416,273,decoding,periodic,258289.218,19904625649,1968669559,23089228936,6338232320,3213099008,23742003491,1911947264,0,0,153944064,
2026-09-12T20:43:03Z,1B6BDDB2-4F6D-4D2F-AFF5-05D54DE5A416,274,decoding,periodic,259297.554,19874937889,2089780039,23180602504,6338232320,3213099008,23742003491,1911947264,0,0,153944064,
2026-09-12T20:43:04Z,1B6BDDB2-4F6D-4D2F-AFF5-05D54DE5A416,275,decoding,periodic,260300.665,19998776106,1965941822,23183043720,6338232320,3213099008,23742003491,1911947264,0,0,153944064,
2026-09-12T20:43:05Z,1B6BDDB2-4F6D-4D2F-AFF5-05D54DE5A416,276,decoding,periodic,261315.574,19838777176,2125940752,23183043720,6338232320,3213099008,23742003491,1911947264,0,0,153944064,
2026-09-12T20:43:06Z,1B6BDDB2-4F6D-4D2F-AFF5-05D54DE5A416,277,decoding,periodic,262326.726,19961609157,2003108771,23166643336,6338232320,3213099008,23742003491,1911947264,0,0,153944064,
2026-09-12T20:43:07Z,1B6BDDB2-4F6D-4D2F-AFF5-05D54DE5A416,278,decoding,periodic,263333.123,19898153993,2066563935,23166610568,6338215936,3213099008,23742003491,1911947264,0,0,153944064,
2026-09-12T20:43:08Z,1B6BDDB2-4F6D-4D2F-AFF5-05D54DE5A416,279,decoding,periodic,264341.513,19898137609,2066580319,23166610568,6338215936,3213099008,23742003491,1911947264,0,0,153944064,
2026-09-12T20:43:09Z,1B6BDDB2-4F6D-4D2F-AFF5-05D54DE5A416,280,decoding,periodic,265359.854,19882933273,2081784655,23166610568,6338215936,3213099008,23742003491,1911947264,0,0,153944064,
2026-09-12T20:43:10Z,1B6BDDB2-4F6D-4D2F-AFF5-05D54DE5A416,281,decoding,periodic,266361.552,19966737293,1972077515,23140773000,6338215936,3213099008,23742003491,1911947264,0,0,153944064,
2026-09-12T20:43:11Z,1B6BDDB2-4F6D-4D2F-AFF5-05D54DE5A416,282,decoding,periodic,267376.261,19891698721,2041545543,23135169672,6338215936,3213099008,23742003491,1911947264,0,0,153944064,
2026-09-12T20:43:12Z,1B6BDDB2-4F6D-4D2F-AFF5-05D54DE5A416,283,decoding,periodic,268389.613,19899710489,2033533775,23135136904,6338215936,3213099008,23742003491,1911947264,0,0,153944064,
2026-09-12T20:43:13Z,1B6BDDB2-4F6D-4D2F-AFF5-05D54DE5A416,284,decoding,periodic,269397.081,19856211181,2077033083,23135186056,6338215936,3213099008,23742003491,1911947264,0,0,153944064,
2026-09-12T20:43:14Z,1B6BDDB2-4F6D-4D2F-AFF5-05D54DE5A416,285,decoding,periodic,270426.546,19899694105,2033550159,23135153288,6338215936,3213099008,23742003491,1911947264,0,0,153944064,
2026-09-12T20:43:15Z,1B6BDDB2-4F6D-4D2F-AFF5-05D54DE5A416,286,decoding,periodic,271432.782,19860868369,2072375895,23135153288,6338215936,3213099008,23742003491,1911947264,0,0,153944064,
2026-09-12T20:43:16Z,1B6BDDB2-4F6D-4D2F-AFF5-05D54DE5A416,287,decoding,periodic,272462.634,19891715105,2041529159,23135153288,6338215936,3213099008,23742003491,1911947264,0,0,153944064,
2026-09-12T20:43:17Z,1B6BDDB2-4F6D-4D2F-AFF5-05D54DE5A416,288,decoding,periodic,273469.176,19868420449,2064823815,23135153288,6338215936,3213099008,23742003491,1911947264,0,0,153944064,
2026-09-12T20:43:18Z,1B6BDDB2-4F6D-4D2F-AFF5-05D54DE5A416,289,decoding,periodic,274497.968,19891715105,2041529159,23135153288,6338215936,3213099008,23742003491,1911947264,0,0,153944064,
2026-09-12T20:43:19Z,1B6BDDB2-4F6D-4D2F-AFF5-05D54DE5A416,290,decoding,periodic,275505.512,19912083288,2050914324,23164939400,6338215936,3213099008,23742003491,1911947264,0,0,153944064,
2026-09-12T20:43:20Z,1B6BDDB2-4F6D-4D2F-AFF5-05D54DE5A416,291,decoding,periodic,276513.715,19908508705,2054488907,23164906632,6338215936,3213099008,23742003491,1911947264,0,0,153944064,
2026-09-12T20:43:21Z,1B6BDDB2-4F6D-4D2F-AFF5-05D54DE5A416,292,decoding,periodic,277514.174,19912083287,2050914325,23164923016,6338215936,3213099008,23742003491,1911947264,0,0,153944064,
2026-09-12T20:43:22Z,1B6BDDB2-4F6D-4D2F-AFF5-05D54DE5A416,293,decoding,periodic,278535.837,19912083288,2050914324,23164972168,6338215936,3213099008,23742003491,1911947264,0,0,153944064,
2026-09-12T20:43:23Z,1B6BDDB2-4F6D-4D2F-AFF5-05D54DE5A416,294,decoding,periodic,279555.325,20044364693,1918632919,23164955784,6338215936,3213099008,23742003491,1911947264,0,0,153944064,
2026-09-12T20:43:24Z,1B6BDDB2-4F6D-4D2F-AFF5-05D54DE5A416,295,decoding,periodic,280560.061,19971898333,1991099279,23164955784,6338215936,3213099008,23742003491,1911947264,0,0,153944064,
2026-09-12T20:43:25Z,1B6BDDB2-4F6D-4D2F-AFF5-05D54DE5A416,296,decoding,periodic,281563.657,19931708425,2031289187,23164988552,6338215936,3213099008,23742003491,1911947264,0,0,153944064,
2026-09-12T20:43:26Z,1B6BDDB2-4F6D-4D2F-AFF5-05D54DE5A416,297,decoding,periodic,282575.260,19913767961,2049229651,23164988552,6338215936,3213099008,23742003491,1911947264,0,0,153944064,
2026-09-12T20:43:27Z,1B6BDDB2-4F6D-4D2F-AFF5-05D54DE5A416,298,decoding,periodic,283605.410,19913849881,2049147731,23164988552,6338215936,3213099008,23742003491,1911947264,0,0,153944064,
2026-09-12T20:43:28Z,1B6BDDB2-4F6D-4D2F-AFF5-05D54DE5A416,299,decoding,periodic,284621.142,19890666585,2072331027,23165037704,6338215936,3213099008,23742003491,1911947264,0,0,153944064,
2026-09-12T20:43:29Z,1B6BDDB2-4F6D-4D2F-AFF5-05D54DE5A416,300,decoding,periodic,285647.811,19928860503,2064119829,23195085960,6338215936,3213099008,23742003491,1911947264,0,0,153944064,
2026-09-12T20:43:30Z,2884D2BC-6870-41D1-848F-43E67B7400EF,1,preparing,observation,0.019,19229503171,763101184,22008574000,6338019328,3213099008,23742003491,,,,,
2026-09-12T20:43:30Z,2884D2BC-6870-41D1-848F-43E67B7400EF,2,preparing,observation,0.089,19229503171,763101184,22008574000,6338019328,3213099008,23742003491,,,,,
2026-09-12T20:43:30Z,2884D2BC-6870-41D1-848F-43E67B7400EF,3,preparing,observation,0.988,19229503171,763101184,21968842800,6338019328,3213099008,23742003491,,,,,
2026-09-12T20:43:30Z,2884D2BC-6870-41D1-848F-43E67B7400EF,4,preparing,phaseEnd,139.605,19229634243,763363328,22594761328,6338002944,3213099008,23742003491,,,,,
2026-09-12T20:43:30Z,2884D2BC-6870-41D1-848F-43E67B7400EF,5,restoring,phaseBegin,139.688,19229634243,763363328,22594761328,6338002944,3213099008,23742003491,2519990272,0,0,,
2026-09-12T20:43:30Z,2884D2BC-6870-41D1-848F-43E67B7400EF,6,restoring,observation,139.741,19229634243,763363328,22594761328,6338002944,3213099008,23742003491,2519990272,0,0,,
2026-09-12T20:43:30Z,2884D2BC-6870-41D1-848F-43E67B7400EF,7,restoring,phaseEnd,142.076,19384561347,608436700,22594761328,6338002944,3213099008,23742003491,2519990272,0,0,,
2026-09-12T20:43:30Z,2884D2BC-6870-41D1-848F-43E67B7400EF,8,restored,phaseBegin,142.158,19384561347,608436700,22594761328,6338002944,3213099008,23742003491,2519990272,0,0,153944064,
2026-09-12T20:43:30Z,2884D2BC-6870-41D1-848F-43E67B7400EF,9,restored,phaseEnd,148.589,19384561347,608436700,22595121776,6338002944,3213099008,23742003491,2519990272,0,0,153944064,
2026-09-12T20:43:30Z,2884D2BC-6870-41D1-848F-43E67B7400EF,10,prefilling,phaseBegin,148.682,19384561347,608436700,22595121776,6338002944,3213099008,23742003491,2519990272,0,0,153944064,
2026-09-12T20:43:30Z,2884D2BC-6870-41D1-848F-43E67B7400EF,11,prefilling,phaseEnd,148.775,19384561347,608436700,22595121776,6338002944,3213099008,23742003491,2519990272,0,0,153944064,
2026-09-12T20:43:30Z,2884D2BC-6870-41D1-848F-43E67B7400EF,12,dflashPreparing,phaseBegin,148.868,19384561347,608436700,22595121776,6338002944,3213099008,23742003491,2519990272,0,0,153944064,
2026-09-12T20:43:30Z,1B6BDDB2-4F6D-4D2F-AFF5-05D54DE5A416,301,decoding,phaseEnd,286435.918,19384135363,2147485888,22893096072,6338215936,3213099008,23742003491,1911947264,0,0,153944064,
2026-09-12T20:43:30Z,1B6BDDB2-4F6D-4D2F-AFF5-05D54DE5A416,302,generationQuiescent,phaseBegin,286436.028,19384135363,2147485888,22891097224,6338215936,3213099008,23742003491,1911947264,0,0,153944064,
2026-09-12T20:43:30Z,1B6BDDB2-4F6D-4D2F-AFF5-05D54DE5A416,303,generationQuiescent,phaseEnd,286436.285,19384135363,2147485888,22877449352,6338215936,3213099008,23742003491,1911947264,0,0,153944064,
2026-09-12T20:43:30Z,1B6BDDB2-4F6D-4D2F-AFF5-05D54DE5A416,304,admittingCheckpoints,phaseBegin,286436.343,19384135363,2147485888,22874303624,6338215936,3213099008,23742003491,1911947264,0,0,153944064,
2026-09-12T20:43:30Z,1B6BDDB2-4F6D-4D2F-AFF5-05D54DE5A416,305,admittingCheckpoints,phaseEnd,286443.870,19384135363,2147485888,22796151944,6338215936,3213099008,23742003491,1911947264,0,0,153944064,
2026-09-12T20:43:30Z,1B6BDDB2-4F6D-4D2F-AFF5-05D54DE5A416,306,storingLeaf,phaseBegin,286443.971,19384135363,2147485888,22796151944,6338215936,3213099008,23742003491,1911947264,1578762240,1,153944064,
2026-09-12T20:43:30Z,1B6BDDB2-4F6D-4D2F-AFF5-05D54DE5A416,307,storingLeaf,phaseEnd,286468.309,19384135363,2147485888,22796168328,6338150400,3213099008,23742003491,1911947264,1578762240,1,153944064,
2026-09-12T20:43:30Z,1B6BDDB2-4F6D-4D2F-AFF5-05D54DE5A416,308,capturingLeaf,phaseBegin,286468.406,19384135363,2147485888,22796168328,6338150400,3213099008,23742003491,1911947264,1578762240,1,153944064,
2026-09-12T20:43:30Z,1B6BDDB2-4F6D-4D2F-AFF5-05D54DE5A416,309,capturingLeaf,phaseEnd,286468.665,19384135363,2147485888,22796168328,6338150400,3213099008,23742003491,1911947264,1578762240,1,153944064,
2026-09-12T20:43:30Z,1B6BDDB2-4F6D-4D2F-AFF5-05D54DE5A416,310,preparingPayload,phaseBegin,286468.731,19384135363,2147485888,22796168328,6338150400,3213099008,23742003491,1911947264,1578762240,1,153944064,
2026-09-12T20:43:30Z,1B6BDDB2-4F6D-4D2F-AFF5-05D54DE5A416,311,preparingPayload,phaseEnd,286485.157,20147236547,1929119950,23278578824,6338150400,3213099008,23742003491,1911947264,1578762240,1,153944064,
2026-09-12T20:43:30Z,1B6BDDB2-4F6D-4D2F-AFF5-05D54DE5A416,312,admittingLeaf,phaseBegin,286485.297,20147236547,1929119950,23278578824,6338150400,3213099008,23742003491,1911947264,1578762240,1,153944064,
2026-09-12T20:43:30Z,1B6BDDB2-4F6D-4D2F-AFF5-05D54DE5A416,313,admittingLeaf,observation,286485.532,19992604355,2083752142,23278578824,6338150400,3213099008,23742003491,1911947264,1578762240,1,0,
2026-09-12T20:43:30Z,1B6BDDB2-4F6D-4D2F-AFF5-05D54DE5A416,314,admittingLeaf,phaseEnd,286501.255,19992604355,0,21425237032,6338019328,3213099008,23742003491,1911947264,1578762240,1,0,
2026-09-12T20:43:30Z,1B6BDDB2-4F6D-4D2F-AFF5-05D54DE5A416,315,recordingRequest,phaseBegin,286501.355,19992604355,0,21425417280,6338019328,3213099008,23742003491,1911947264,1578762240,1,0,
2026-09-12T20:43:30Z,1B6BDDB2-4F6D-4D2F-AFF5-05D54DE5A416,316,recordingRequest,phaseEnd,286501.923,19986149059,6455296,21427006552,6338019328,3213099008,23742003491,1911947264,1578762240,1,0,
2026-09-12T20:43:30Z,1B6BDDB2-4F6D-4D2F-AFF5-05D54DE5A416,317,finishingStream,phaseBegin,286502.010,19986149059,6455296,21427006552,6338019328,3213099008,23742003491,2519990272,0,0,0,
2026-09-12T20:43:30Z,1B6BDDB2-4F6D-4D2F-AFF5-05D54DE5A416,318,finishingStream,cancelSignal,286502.096,19986149059,6455296,21427006552,6338019328,3213099008,23742003491,2519990272,0,0,0,
2026-09-12T20:43:30Z,1B6BDDB2-4F6D-4D2F-AFF5-05D54DE5A416,319,finishingStream,phaseEnd,286502.184,19982921411,9682944,21427055752,6338019328,3213099008,23742003491,2519990272,0,0,0,
2026-09-12T20:43:30Z,1B6BDDB2-4F6D-4D2F-AFF5-05D54DE5A416,320,releasingRequest,phaseBegin,286502.262,19982921411,9682944,21427743880,6338019328,3213099008,23742003491,2519990272,0,0,0,
2026-09-12T20:43:30Z,1B6BDDB2-4F6D-4D2F-AFF5-05D54DE5A416,321,releasingRequest,observation,286502.390,19982921411,9682944,21428776072,6338019328,3213099008,23742003491,2519990272,0,0,0,
2026-09-12T20:43:30Z,1B6BDDB2-4F6D-4D2F-AFF5-05D54DE5A416,322,releasingRequest,phaseEnd,286502.485,19982921411,9682944,21429578888,6338019328,3213099008,23742003491,2519990272,0,0,0,completed
2026-09-12T20:43:30Z,1B6BDDB2-4F6D-4D2F-AFF5-05D54DE5A416,323,finished,terminal,286502.564,19982921411,9682944,21430234248,6338019328,3213099008,23742003491,2519990272,0,0,0,completed
2026-09-12T20:43:31Z,2884D2BC-6870-41D1-848F-43E67B7400EF,13,dflashPreparing,phaseEnd,682.332,19501642407,83077097,21188210280,6338002944,3213099008,23742003491,2519990272,0,0,153944064,
2026-09-12T20:43:31Z,2884D2BC-6870-41D1-848F-43E67B7400EF,14,prefilled,phaseBegin,682.492,19501642407,83077097,21192191592,6338002944,3213099008,23742003491,2519990272,0,0,153944064,
2026-09-12T20:43:31Z,2884D2BC-6870-41D1-848F-43E67B7400EF,15,prefilled,phaseEnd,690.666,19475444355,109275149,21192207976,6338002944,3213099008,23742003491,2519990272,0,0,153944064,
2026-09-12T20:43:31Z,2884D2BC-6870-41D1-848F-43E67B7400EF,16,decoding,phaseBegin,690.757,19475444355,109275149,21192207976,6338002944,3213099008,23742003491,2519990272,0,0,153944064,
2026-09-12T20:43:31Z,2884D2BC-6870-41D1-848F-43E67B7400EF,17,decoding,observation,690.873,19475313295,109406209,21192207976,6338002944,3213099008,23742003491,2519990272,0,0,153944064,
2026-09-12T20:43:31Z,2884D2BC-6870-41D1-848F-43E67B7400EF,18,decoding,periodic,1000.323,19928745831,329142597,21865442920,6338002944,3213099008,23742003491,2519990272,0,0,153944064,
2026-09-12T20:43:31Z,1B6BDDB2-4F6D-4D2F-AFF5-05D54DE5A416,324,settled,afterRelease,287513.710,20053097233,204725569,21865344616,6338002944,3213099008,23742003491,2519990272,0,0,0,completed
2026-09-12T20:43:32Z,2884D2BC-6870-41D1-848F-43E67B7400EF,19,decoding,periodic,2002.306,19933445117,324463641,21864738408,6338002944,3213099008,23742003491,2519990272,0,0,153944064,
2026-09-12T20:43:33Z,2884D2BC-6870-41D1-848F-43E67B7400EF,20,decoding,periodic,3020.578,19925449769,332458989,21864738408,6338002944,3213099008,23742003491,2519990272,0,0,153944064,
2026-09-12T20:43:34Z,2884D2BC-6870-41D1-848F-43E67B7400EF,21,decoding,periodic,4042.254,19925449769,332459437,21865492072,6338002944,3213099008,23742003491,2519990272,0,0,153944064,
2026-09-12T20:43:35Z,2884D2BC-6870-41D1-848F-43E67B7400EF,22,decoding,periodic,5052.219,19945555731,2024185287,23710821992,6338002944,3213099008,23742003491,2519990272,0,0,153944064,
2026-09-12T20:43:36Z,2884D2BC-6870-41D1-848F-43E67B7400EF,23,decoding,periodic,6056.727,19983285151,1989533413,23580962408,6337986560,3213099008,23742003491,2519990272,0,0,153944064,
2026-09-12T20:43:36Z,2884D2BC-6870-41D1-848F-43E67B7400EF,24,decoding,phaseEnd,6213.586,19400765123,2147544269,23249546856,6337986560,3213099008,23742003491,2519990272,0,0,153944064,
2026-09-12T20:43:36Z,2884D2BC-6870-41D1-848F-43E67B7400EF,25,generationQuiescent,phaseBegin,6213.695,19400765123,2147544269,23243255400,6337986560,3213099008,23742003491,2519990272,0,0,153944064,
2026-09-12T20:43:36Z,2884D2BC-6870-41D1-848F-43E67B7400EF,26,generationQuiescent,phaseEnd,6213.791,19400765123,2147544269,23236963944,6337986560,3213099008,23742003491,2519990272,0,0,153944064,
2026-09-12T20:43:36Z,2884D2BC-6870-41D1-848F-43E67B7400EF,27,admittingCheckpoints,phaseBegin,6213.848,19400765123,2147544269,23235882600,6337986560,3213099008,23742003491,2519990272,0,0,153944064,
2026-09-12T20:43:36Z,2884D2BC-6870-41D1-848F-43E67B7400EF,28,admittingCheckpoints,phaseEnd,6219.906,19400765123,2147544269,23210880616,6337986560,3213099008,23742003491,2519990272,0,0,153944064,
2026-09-12T20:43:36Z,2884D2BC-6870-41D1-848F-43E67B7400EF,29,storingLeaf,phaseBegin,6220.010,19400765123,2147544269,23210880616,6337986560,3213099008,23742003491,2519990272,2186805248,1,153944064,
2026-09-12T20:43:36Z,2884D2BC-6870-41D1-848F-43E67B7400EF,30,storingLeaf,phaseEnd,6221.557,19400765123,2147544269,23210880616,6337986560,3213099008,23742003491,2519990272,2186805248,1,153944064,
2026-09-12T20:43:36Z,2884D2BC-6870-41D1-848F-43E67B7400EF,31,capturingLeaf,phaseBegin,6221.629,19400765123,2147544269,23210880616,6337986560,3213099008,23742003491,2519990272,2186805248,1,153944064,
2026-09-12T20:43:36Z,2884D2BC-6870-41D1-848F-43E67B7400EF,32,capturingLeaf,phaseEnd,6221.881,19400765123,2147544269,23210880616,6337986560,3213099008,23742003491,2519990272,2186805248,1,153944064,
2026-09-12T20:43:36Z,2884D2BC-6870-41D1-848F-43E67B7400EF,33,preparingPayload,phaseBegin,6221.953,19400765123,2147544269,23210880616,6337986560,3213099008,23742003491,2519990272,2186805248,1,153944064,
2026-09-12T20:43:36Z,2884D2BC-6870-41D1-848F-43E67B7400EF,34,preparingPayload,phaseEnd,6224.767,19572436693,1928686875,23109201512,6337986560,3213099008,23742003491,2519990272,2186805248,1,153944064,
2026-09-12T20:43:36Z,2884D2BC-6870-41D1-848F-43E67B7400EF,35,admittingLeaf,phaseBegin,6224.856,19572436675,1928686893,23109201512,6337986560,3213099008,23742003491,2519990272,2186805248,1,153944064,
2026-09-12T20:43:36Z,2884D2BC-6870-41D1-848F-43E67B7400EF,36,admittingLeaf,observation,6225.105,19417509571,2083613997,23109201512,6337986560,3213099008,23742003491,2519990272,2186805248,1,0,
2026-09-12T20:43:36Z,2884D2BC-6870-41D1-848F-43E67B7400EF,37,admittingLeaf,phaseEnd,6241.455,19417509571,0,21144776104,6337986560,3213099008,23742003491,2519990272,2186805248,1,0,
2026-09-12T20:43:36Z,2884D2BC-6870-41D1-848F-43E67B7400EF,38,recordingRequest,phaseBegin,6241.551,19417509571,0,21144776104,6337986560,3213099008,23742003491,2519990272,2186805248,1,0,
2026-09-12T20:43:36Z,2884D2BC-6870-41D1-848F-43E67B7400EF,39,recordingRequest,phaseEnd,6242.174,19411054275,6455296,21144776104,6337986560,3213099008,23742003491,2519990272,2186805248,1,0,
2026-09-12T20:43:36Z,2884D2BC-6870-41D1-848F-43E67B7400EF,40,finishingStream,phaseBegin,6242.255,19407826627,9682944,21144776104,6337986560,3213099008,23742003491,2536505344,0,0,0,
2026-09-12T20:43:36Z,2884D2BC-6870-41D1-848F-43E67B7400EF,41,finishingStream,cancelSignal,6242.341,19407826627,9682944,21144776104,6337986560,3213099008,23742003491,2536505344,0,0,0,
2026-09-12T20:43:36Z,2884D2BC-6870-41D1-848F-43E67B7400EF,42,finishingStream,phaseEnd,6242.419,19406778051,10731520,21144776104,6337986560,3213099008,23742003491,2536505344,0,0,0,
2026-09-12T20:43:36Z,2884D2BC-6870-41D1-848F-43E67B7400EF,43,releasingRequest,phaseBegin,6242.499,19406778051,10731520,21144776104,6337986560,3213099008,23742003491,2536505344,0,0,0,
2026-09-12T20:43:37Z,71948761-89C8-434F-A367-BA65FB707317,1,preparing,observation,0.019,19245838019,171671552,21232234232,6337986560,3213099008,23742003491,,,,,
2026-09-12T20:43:37Z,71948761-89C8-434F-A367-BA65FB707317,2,preparing,observation,0.088,19245838019,171671552,21232234232,6337986560,3213099008,23742003491,,,,,
2026-09-12T20:43:37Z,71948761-89C8-434F-A367-BA65FB707317,3,preparing,observation,0.999,19245838019,171671552,21232234232,6337986560,3213099008,23742003491,,,,,
2026-09-12T20:43:37Z,71948761-89C8-434F-A367-BA65FB707317,4,preparing,phaseEnd,108.581,19245969091,171933696,21023452752,6337986560,3213099008,23742003491,,,,,
2026-09-12T20:43:37Z,71948761-89C8-434F-A367-BA65FB707317,5,restoring,phaseBegin,108.637,19245969091,171933696,21023452752,6337986560,3213099008,23742003491,2536505344,0,0,,
2026-09-12T20:43:37Z,71948761-89C8-434F-A367-BA65FB707317,6,restoring,observation,108.694,19245969091,171933696,21023452752,6337986560,3213099008,23742003491,2536505344,0,0,,
2026-09-12T20:43:37Z,71948761-89C8-434F-A367-BA65FB707317,7,restoring,phaseEnd,111.172,19400863515,17039752,21023452752,6337986560,3213099008,23742003491,2536505344,0,0,,
2026-09-12T20:43:37Z,71948761-89C8-434F-A367-BA65FB707317,8,restored,phaseBegin,111.240,19400863427,17039840,21023452752,6337986560,3213099008,23742003491,2536505344,0,0,153944064,
2026-09-12T20:43:37Z,71948761-89C8-434F-A367-BA65FB707317,9,restored,phaseEnd,117.081,19400863427,17039840,21023469136,6337986560,3213099008,23742003491,2536505344,0,0,153944064,
2026-09-12T20:43:37Z,71948761-89C8-434F-A367-BA65FB707317,10,prefilling,phaseBegin,117.171,19400863427,17039840,21023469136,6337986560,3213099008,23742003491,2536505344,0,0,153944064,
2026-09-12T20:43:37Z,71948761-89C8-434F-A367-BA65FB707317,11,prefilling,phaseEnd,117.247,19400863427,17039840,21023469136,6337986560,3213099008,23742003491,2536505344,0,0,153944064,
2026-09-12T20:43:37Z,71948761-89C8-434F-A367-BA65FB707317,12,dflashPreparing,phaseBegin,117.303,19400863427,17039840,21023469136,6337986560,3213099008,23742003491,2536505344,0,0,153944064,
2026-09-12T20:43:37Z,2884D2BC-6870-41D1-848F-43E67B7400EF,44,releasingRequest,observation,6242.639,19406778051,10731520,21144776104,6337986560,3213099008,23742003491,2536505344,0,0,0,
2026-09-12T20:43:37Z,2884D2BC-6870-41D1-848F-43E67B7400EF,45,releasingRequest,phaseEnd,6242.730,19403550403,13959168,21144776104,6337986560,3213099008,23742003491,2536505344,0,0,0,completed
2026-09-12T20:43:37Z,2884D2BC-6870-41D1-848F-43E67B7400EF,46,finished,terminal,6242.808,19403550403,13959168,21144776104,6337986560,3213099008,23742003491,2536505344,0,0,0,completed
2026-09-12T20:43:38Z,71948761-89C8-434F-A367-BA65FB707317,13,dflashPreparing,periodic,1072.157,20595946155,1323139350,23526157904,6337970176,3213099008,23742003491,2536505344,0,0,153944064,
2026-09-12T20:43:38Z,2884D2BC-6870-41D1-848F-43E67B7400EF,47,settled,afterRelease,7244.333,19811709683,2058207460,23476989520,6337970176,3213099008,23742003491,2536505344,0,0,0,completed
2026-09-12T20:43:39Z,71948761-89C8-434F-A367-BA65FB707317,14,dflashPreparing,periodic,2156.649,19866251487,2093793512,23236488784,6337970176,3213099008,23742003491,2536505344,0,0,153944064,
2026-09-12T20:43:40Z,71948761-89C8-434F-A367-BA65FB707317,15,dflashPreparing,periodic,3256.898,19500357431,58245966,21682400848,6337970176,3213099008,23742003491,2536505344,0,0,153944064,
2026-09-12T20:43:40Z,71948761-89C8-434F-A367-BA65FB707317,16,dflashPreparing,phaseEnd,3495.742,19554185939,201056365,21092331088,6337970176,3213099008,23742003491,2536505344,0,0,153944064,
2026-09-12T20:43:40Z,71948761-89C8-434F-A367-BA65FB707317,17,prefilled,phaseBegin,3495.890,19554185939,201056365,21096312400,6337970176,3213099008,23742003491,2536505344,0,0,153944064,
2026-09-12T20:43:40Z,71948761-89C8-434F-A367-BA65FB707317,18,prefilled,phaseEnd,3512.819,19519566511,235675793,21343235664,6337970176,3213099008,23742003491,2536505344,0,0,153944064,
2026-09-12T20:43:40Z,71948761-89C8-434F-A367-BA65FB707317,19,decoding,phaseBegin,3512.920,19519566511,235675793,21343235664,6337970176,3213099008,23742003491,2536505344,0,0,153944064,
2026-09-12T20:43:40Z,71948761-89C8-434F-A367-BA65FB707317,20,decoding,observation,3513.033,19519435451,235806853,21343235664,6337970176,3213099008,23742003491,2536505344,0,0,153944064,
2026-09-12T20:43:41Z,71948761-89C8-434F-A367-BA65FB707317,21,decoding,periodic,4286.219,19981371309,447410057,22017191504,6337970176,3213099008,23742003491,2536505344,0,0,153944064,
2026-09-12T20:43:42Z,71948761-89C8-434F-A367-BA65FB707317,22,decoding,periodic,5299.131,19981371309,447425177,22016601680,6337953792,3213099008,23742003491,2536505344,0,0,153944064,
2026-09-12T20:43:43Z,71948761-89C8-434F-A367-BA65FB707317,23,decoding,periodic,6312.181,20073675791,355120695,22016650832,6337953792,3213099008,23742003491,2536505344,0,0,153944064,
2026-09-12T20:43:44Z,71948761-89C8-434F-A367-BA65FB707317,24,decoding,periodic,7313.425,20024589403,404207083,22016699984,6337953792,3213099008,23742003491,2536505344,0,0,153944064,
2026-09-12T20:43:45Z,71948761-89C8-434F-A367-BA65FB707317,25,decoding,periodic,8320.343,19986300035,442497731,22016634448,6337953792,3213099008,23742003491,2536505344,0,0,153944064,
2026-09-12T20:43:46Z,7A84D6F5-3851-47BC-B996-C2E1AA339724,1,preparing,observation,0.024,19281866435,202899456,21335584480,6337953792,3213099008,23742003491,,,,,
2026-09-12T20:43:46Z,7A84D6F5-3851-47BC-B996-C2E1AA339724,2,preparing,observation,0.097,19281866435,202899456,21335584480,6337953792,3213099008,23742003491,,,,,
2026-09-12T20:43:46Z,7A84D6F5-3851-47BC-B996-C2E1AA339724,3,preparing,observation,1.024,19281866435,202899456,21335584480,6337953792,3213099008,23742003491,,,,,
2026-09-12T20:43:46Z,7A84D6F5-3851-47BC-B996-C2E1AA339724,4,preparing,phaseEnd,108.004,19281997507,203161600,21317086944,6337953792,3213099008,23742003491,,,,,
2026-09-12T20:43:46Z,7A84D6F5-3851-47BC-B996-C2E1AA339724,5,restoring,phaseBegin,108.055,19281997507,203161600,21317086944,6337953792,3213099008,23742003491,2584281088,0,0,,
2026-09-12T20:43:46Z,7A84D6F5-3851-47BC-B996-C2E1AA339724,6,restoring,observation,108.113,19281997507,203161600,21317086944,6337953792,3213099008,23742003491,2584281088,0,0,,
2026-09-12T20:43:46Z,7A84D6F5-3851-47BC-B996-C2E1AA339724,7,restoring,phaseEnd,110.392,19436662467,48497120,21317086944,6337953792,3213099008,23742003491,2584281088,0,0,,
2026-09-12T20:43:46Z,7A84D6F5-3851-47BC-B996-C2E1AA339724,8,restored,phaseBegin,110.468,19436662467,48497120,21317086944,6337953792,3213099008,23742003491,2584281088,0,0,153944064,
2026-09-12T20:43:46Z,7A84D6F5-3851-47BC-B996-C2E1AA339724,9,restored,phaseEnd,116.463,19436662467,48497120,21317103328,6337953792,3213099008,23742003491,2584281088,0,0,153944064,
2026-09-12T20:43:46Z,7A84D6F5-3851-47BC-B996-C2E1AA339724,10,prefilling,phaseBegin,116.532,19436662467,48497120,21317103328,6337953792,3213099008,23742003491,2584281088,0,0,153944064,
2026-09-12T20:43:46Z,7A84D6F5-3851-47BC-B996-C2E1AA339724,11,prefilling,phaseEnd,116.610,19436662467,48497120,21317103328,6337953792,3213099008,23742003491,2584281088,0,0,153944064,
2026-09-12T20:43:46Z,7A84D6F5-3851-47BC-B996-C2E1AA339724,12,dflashPreparing,phaseBegin,116.664,19436662467,48497120,21317103328,6337953792,3213099008,23742003491,2584281088,0,0,153944064,
2026-09-12T20:43:46Z,71948761-89C8-434F-A367-BA65FB707317,26,decoding,phaseEnd,9050.313,19436760771,992036995,22016634448,6337953792,3213099008,23742003491,2536505344,0,0,153944064,
2026-09-12T20:43:46Z,71948761-89C8-434F-A367-BA65FB707317,27,generationQuiescent,phaseBegin,9050.438,19436760771,992036995,22016634448,6337953792,3213099008,23742003491,2536505344,0,0,153944064,
2026-09-12T20:43:46Z,71948761-89C8-434F-A367-BA65FB707317,28,generationQuiescent,phaseEnd,9050.537,19436760771,992036995,22016634448,6337953792,3213099008,23742003491,2536505344,0,0,153944064,
2026-09-12T20:43:46Z,71948761-89C8-434F-A367-BA65FB707317,29,admittingCheckpoints,phaseBegin,9050.599,19436760771,992036995,22016634448,6337953792,3213099008,23742003491,2536505344,0,0,153944064,
2026-09-12T20:43:46Z,71948761-89C8-434F-A367-BA65FB707317,30,admittingCheckpoints,phaseEnd,9053.967,19436760771,992036995,22016634448,6337953792,3213099008,23742003491,2536505344,0,0,153944064,
2026-09-12T20:43:46Z,71948761-89C8-434F-A367-BA65FB707317,31,storingLeaf,phaseBegin,9054.052,19436760771,992036995,22016634448,6337953792,3213099008,23742003491,2536505344,2203320320,1,153944064,
2026-09-12T20:43:46Z,71948761-89C8-434F-A367-BA65FB707317,32,storingLeaf,phaseEnd,9058.342,19436760771,992036995,22016683600,6337953792,3213099008,23742003491,2536505344,2203320320,1,153944064,
2026-09-12T20:43:46Z,71948761-89C8-434F-A367-BA65FB707317,33,capturingLeaf,phaseBegin,9058.426,19436760771,992036995,22016683600,6337953792,3213099008,23742003491,2536505344,2203320320,1,153944064,
2026-09-12T20:43:46Z,71948761-89C8-434F-A367-BA65FB707317,34,capturingLeaf,phaseEnd,9058.678,19436760771,992036995,22016683600,6337953792,3213099008,23742003491,2536505344,2203320320,1,153944064,
2026-09-12T20:43:46Z,71948761-89C8-434F-A367-BA65FB707317,35,preparingPayload,phaseBegin,9058.754,19436760771,992036995,22016683600,6337953792,3213099008,23742003491,2536505344,2203320320,1,153944064,
2026-09-12T20:43:46Z,71948761-89C8-434F-A367-BA65FB707317,36,preparingPayload,phaseEnd,9061.246,19639660275,837372093,22064918096,6337953792,3213099008,23742003491,2536505344,2203320320,1,153944064,
2026-09-12T20:43:46Z,71948761-89C8-434F-A367-BA65FB707317,37,admittingLeaf,phaseBegin,9061.318,19639660227,837372141,22064918096,6337953792,3213099008,23742003491,2536505344,2203320320,1,153944064,
2026-09-12T20:43:46Z,71948761-89C8-434F-A367-BA65FB707317,38,admittingLeaf,observation,9061.603,19484765891,992266477,22064918096,6337953792,3213099008,23742003491,2536505344,2203320320,1,0,
2026-09-12T20:43:46Z,71948761-89C8-434F-A367-BA65FB707317,39,admittingLeaf,phaseEnd,9073.638,19484765891,0,21313318264,6337953792,3213099008,23742003491,2536505344,2203320320,1,0,
2026-09-12T20:43:46Z,71948761-89C8-434F-A367-BA65FB707317,40,recordingRequest,phaseBegin,9073.724,19484765891,0,21309762936,6337953792,3213099008,23742003491,2536505344,2203320320,1,0,
2026-09-12T20:43:46Z,71948761-89C8-434F-A367-BA65FB707317,41,recordingRequest,phaseEnd,9074.361,19478310595,6455296,21263314296,6337953792,3213099008,23742003491,2536505344,2203320320,1,0,
2026-09-12T20:43:46Z,71948761-89C8-434F-A367-BA65FB707317,42,finishingStream,phaseBegin,9074.440,19478310595,6455296,21257022840,6337953792,3213099008,23742003491,2584281088,0,0,0,
2026-09-12T20:43:46Z,71948761-89C8-434F-A367-BA65FB707317,43,finishingStream,cancelSignal,9074.519,19478310595,6455296,21250731384,6337953792,3213099008,23742003491,2584281088,0,0,0,
2026-09-12T20:43:46Z,71948761-89C8-434F-A367-BA65FB707317,44,finishingStream,phaseEnd,9074.606,19475082947,9682944,21240458616,6337953792,3213099008,23742003491,2584281088,0,0,0,
2026-09-12T20:43:46Z,71948761-89C8-434F-A367-BA65FB707317,45,releasingRequest,phaseBegin,9074.691,19475082947,9682944,21234167160,6337953792,3213099008,23742003491,2584281088,0,0,0,
2026-09-12T20:43:46Z,71948761-89C8-434F-A367-BA65FB707317,46,releasingRequest,observation,9074.826,19475082947,9682944,21228793208,6337953792,3213099008,23742003491,2584281088,0,0,0,
2026-09-12T20:43:46Z,71948761-89C8-434F-A367-BA65FB707317,47,releasingRequest,phaseEnd,9074.913,19472068291,12697600,21221502328,6337953792,3213099008,23742003491,2584281088,0,0,0,completed
2026-09-12T20:43:46Z,71948761-89C8-434F-A367-BA65FB707317,48,finished,terminal,9075.001,19472068291,12697600,21214375312,6337953792,3213099008,23742003491,2584281088,0,0,0,completed
2026-09-12T20:43:47Z,7A84D6F5-3851-47BC-B996-C2E1AA339724,13,dflashPreparing,periodic,1005.644,20249243183,1686750704,23773376224,6337953792,3213099008,23742003491,2584281088,0,0,153944064,
2026-09-12T20:43:47Z,7A84D6F5-3851-47BC-B996-C2E1AA339724,14,dflashPreparing,phaseEnd,1407.540,19570717395,112641603,21268279008,6337953792,3213099008,23742003491,2584281088,0,0,153944064,
2026-09-12T20:43:47Z,7A84D6F5-3851-47BC-B996-C2E1AA339724,15,prefilled,phaseBegin,1407.676,19570717395,112641603,21272260320,6337953792,3213099008,23742003491,2584281088,0,0,153944064,
2026-09-12T20:43:47Z,7A84D6F5-3851-47BC-B996-C2E1AA339724,16,prefilled,phaseEnd,1423.563,19536097967,147261031,21519183584,6337953792,3213099008,23742003491,2584281088,0,0,153944064,
2026-09-12T20:43:47Z,7A84D6F5-3851-47BC-B996-C2E1AA339724,17,decoding,phaseBegin,1423.673,19536097967,147261031,21519183584,6337953792,3213099008,23742003491,2584281088,0,0,153944064,
2026-09-12T20:43:47Z,7A84D6F5-3851-47BC-B996-C2E1AA339724,18,decoding,observation,1423.802,19535966907,147392091,21519183584,6337953792,3213099008,23742003491,2584281088,0,0,153944064,
2026-09-12T20:43:47Z,71948761-89C8-434F-A367-BA65FB707317,49,settled,afterRelease,10152.602,20249243183,1686750704,23773376224,6337953792,3213099008,23742003491,2584281088,0,0,0,completed
2026-09-12T20:43:48Z,7A84D6F5-3851-47BC-B996-C2E1AA339724,19,decoding,periodic,2007.403,20006403483,350534987,22193286880,6337937408,3213099008,23742003491,2584281088,0,0,153944064,
2026-09-12T20:43:49Z,7A84D6F5-3851-47BC-B996-C2E1AA339724,20,decoding,periodic,3020.789,19994852775,362087089,22192582368,6337937408,3213099008,23742003491,2584281088,0,0,153944064,
2026-09-12T20:43:50Z,7A84D6F5-3851-47BC-B996-C2E1AA339724,21,decoding,periodic,4042.091,19994852775,362103473,22192582368,6337921024,3213099008,23742003491,2584281088,0,0,153944064,
2026-09-12T20:43:51Z,7A84D6F5-3851-47BC-B996-C2E1AA339724,22,decoding,periodic,5045.634,20014398639,342557609,22192795360,6337921024,3213099008,23742003491,2584281088,0,0,153944064,
2026-09-12T20:43:52Z,7A84D6F5-3851-47BC-B996-C2E1AA339724,23,decoding,periodic,6047.297,20012058467,2020264725,23869288160,6337921024,3213099008,23742003491,2584281088,0,0,153944064,
2026-09-12T20:43:53Z,7A84D6F5-3851-47BC-B996-C2E1AA339724,24,decoding,periodic,7049.797,20109556639,1922791553,23869288160,6337921024,3213099008,23742003491,2584281088,0,0,153944064,
2026-09-12T20:43:54Z,7A84D6F5-3851-47BC-B996-C2E1AA339724,25,decoding,periodic,8058.161,20098005943,1935767821,23870746336,6337921024,3213099008,23742003491,2584281088,0,0,153944064,
2026-09-12T20:43:55Z,7A84D6F5-3851-47BC-B996-C2E1AA339724,26,decoding,periodic,9062.360,20098005931,1935767841,23870746336,6337921024,3213099008,23742003491,2584281088,0,0,153944064,
2026-09-12T20:43:56Z,7A84D6F5-3851-47BC-B996-C2E1AA339724,27,decoding,periodic,10070.653,20074822607,1958951165,23870762720,6337921024,3213099008,23742003491,2584281088,0,0,153944064,
2026-09-12T20:43:57Z,7A84D6F5-3851-47BC-B996-C2E1AA339724,28,decoding,periodic,11078.952,20098005931,1935767841,23870762720,6337921024,3213099008,23742003491,2584281088,0,0,153944064,
2026-09-12T20:43:58Z,7A84D6F5-3851-47BC-B996-C2E1AA339724,29,decoding,periodic,12080.211,20056898527,2046652585,23930515168,6337921024,3213099008,23742003491,2584281088,0,0,153944064,
2026-09-12T20:43:59Z,7A84D6F5-3851-47BC-B996-C2E1AA339724,30,decoding,periodic,13083.533,20031142907,2073916861,23931858656,6337921024,3213099008,23742003491,2584281088,0,0,153944064,
2026-09-12T20:44:00Z,7A84D6F5-3851-47BC-B996-C2E1AA339724,31,decoding,periodic,14092.730,20031142907,2073916861,23931875040,6337921024,3213099008,23742003491,2584281088,0,0,153944064,
2026-09-12T20:44:01Z,7A84D6F5-3851-47BC-B996-C2E1AA339724,32,decoding,periodic,15098.362,20028868439,2076191329,23931875040,6337921024,3213099008,23742003491,2584281088,0,0,153944064,
2026-09-12T20:44:02Z,7A84D6F5-3851-47BC-B996-C2E1AA339724,33,decoding,periodic,16128.992,20129905559,1975154209,23931875040,6337921024,3213099008,23742003491,2584281088,0,0,153944064,
2026-09-12T20:44:03Z,7A84D6F5-3851-47BC-B996-C2E1AA339724,34,decoding,periodic,17133.128,20149468035,1955591733,23931875040,6337921024,3213099008,23742003491,2584281088,0,0,153944064,
2026-09-12T20:44:04Z,7A84D6F5-3851-47BC-B996-C2E1AA339724,35,decoding,periodic,18152.564,20028868483,2076191285,23931875040,6337921024,3213099008,23742003491,2584281088,0,0,153944064,
2026-09-12T20:44:05Z,7A84D6F5-3851-47BC-B996-C2E1AA339724,36,decoding,periodic,19158.956,20028868439,2076191329,23931875040,6337921024,3213099008,23742003491,2584281088,0,0,153944064,
2026-09-12T20:44:06Z,7A84D6F5-3851-47BC-B996-C2E1AA339724,37,decoding,periodic,20165.899,20028868483,2076191285,23931891424,6337921024,3213099008,23742003491,2584281088,0,0,153944064,
2026-09-12T20:44:07Z,7A84D6F5-3851-47BC-B996-C2E1AA339724,38,decoding,periodic,21175.941,20108458943,2023170788,23958466272,6337904640,3213099008,23742003491,2584281088,0,0,153944064,
2026-09-12T20:44:08Z,7A84D6F5-3851-47BC-B996-C2E1AA339724,39,decoding,periodic,22187.322,20088880083,2042749648,23958499040,6337904640,3213099008,23742003491,2584281088,0,0,153944064,
2026-09-12T20:44:09Z,7A84D6F5-3851-47BC-B996-C2E1AA339724,40,decoding,periodic,23191.657,20073724899,2057904832,23958499040,6337904640,3213099008,23742003491,2584281088,0,0,153944064,
2026-09-12T20:44:10Z,7A84D6F5-3851-47BC-B996-C2E1AA339724,41,decoding,periodic,24201.271,20042595331,2089034400,23958499040,6337904640,3213099008,23742003491,2584281088,0,0,153944064,
2026-09-12T20:44:11Z,7A84D6F5-3851-47BC-B996-C2E1AA339724,42,decoding,periodic,25218.453,20050623483,2081006248,23958499040,6337904640,3213099008,23742003491,2584281088,0,0,153944064,
2026-09-12T20:44:12Z,7A84D6F5-3851-47BC-B996-C2E1AA339724,43,decoding,periodic,26228.502,20088880083,2027348692,23943212768,6337904640,3213099008,23742003491,2584281088,0,0,153944064,
2026-09-12T20:44:13Z,7A84D6F5-3851-47BC-B996-C2E1AA339724,44,decoding,periodic,27229.021,20088880083,2027348704,23943278304,6337904640,3213099008,23742003491,2584281088,0,0,153944064,
2026-09-12T20:44:14Z,7A84D6F5-3851-47BC-B996-C2E1AA339724,45,decoding,periodic,28233.425,20073724899,2042503888,23943278304,6337904640,3213099008,23742003491,2584281088,0,0,153944064,
2026-09-12T20:44:15Z,7A84D6F5-3851-47BC-B996-C2E1AA339724,46,decoding,periodic,29242.112,20047969275,2068259512,23943130848,6337904640,3213099008,23742003491,2584281088,0,0,153944064,
2026-09-12T20:44:16Z,7A84D6F5-3851-47BC-B996-C2E1AA339724,47,decoding,periodic,30246.744,20062488451,2082614784,23972048608,6337904640,3213099008,23742003491,2584281088,0,0,153944064,
2026-09-12T20:44:17Z,7A84D6F5-3851-47BC-B996-C2E1AA339724,48,decoding,periodic,31261.127,20062488407,2082614828,23972048608,6337904640,3213099008,23742003491,2584281088,0,0,153944064,
2026-09-12T20:44:18Z,7A84D6F5-3851-47BC-B996-C2E1AA339724,49,decoding,periodic,32269.838,20171537295,1973565940,23972048608,6337904640,3213099008,23742003491,2584281088,0,0,153944064,
2026-09-12T20:44:19Z,7A84D6F5-3851-47BC-B996-C2E1AA339724,50,decoding,periodic,33274.709,20134149043,2010954192,23972048608,6337888256,3213099008,23742003491,2584281088,0,0,153944064,
2026-09-12T20:44:20Z,7A84D6F5-3851-47BC-B996-C2E1AA339724,51,decoding,periodic,34278.921,20105673683,2039429552,23972048608,6337888256,3213099008,23742003491,2584281088,0,0,153944064,
2026-09-12T20:44:21Z,7A84D6F5-3851-47BC-B996-C2E1AA339724,52,decoding,periodic,35286.231,20076313583,2068789652,23972048608,6337888256,3213099008,23742003491,2584281088,0,0,153944064,
2026-09-12T20:44:22Z,7A84D6F5-3851-47BC-B996-C2E1AA339724,53,decoding,periodic,36295.549,20128775095,2016328140,23972048608,6337888256,3213099008,23742003491,2584281088,0,0,153944064,
2026-09-12T20:44:23Z,7A84D6F5-3851-47BC-B996-C2E1AA339724,54,decoding,periodic,37303.261,20136803251,2008299984,23972048608,6337888256,3213099008,23742003491,2584281088,0,0,153944064,
2026-09-12T20:44:24Z,7A84D6F5-3851-47BC-B996-C2E1AA339724,55,decoding,periodic,38304.815,20059324117,2064964098,23951257312,6337888256,3213099008,23742003491,2584281088,0,0,153944064,
2026-09-12T20:44:25Z,7A84D6F5-3851-47BC-B996-C2E1AA339724,56,decoding,periodic,39306.375,20079298435,2044989780,23951290080,6337888256,3213099008,23742003491,2584281088,0,0,153944064,
2026-09-12T20:44:26Z,7A84D6F5-3851-47BC-B996-C2E1AA339724,57,decoding,periodic,40326.974,20079298391,2044989824,23951306464,6337888256,3213099008,23742003491,2584281088,0,0,153944064,
2026-09-12T20:44:27Z,7A84D6F5-3851-47BC-B996-C2E1AA339724,58,decoding,periodic,41347.282,20039563139,2084725076,23951306464,6337888256,3213099008,23742003491,2584281088,0,0,153944064,
2026-09-12T20:44:28Z,7A84D6F5-3851-47BC-B996-C2E1AA339724,59,decoding,periodic,42354.243,20121222115,2055865644,24004079328,6337888256,3213099008,23742003491,2584281088,0,0,153944064,
2026-09-12T20:44:29Z,7A84D6F5-3851-47BC-B996-C2E1AA339724,60,decoding,periodic,43356.666,20093778947,2083308812,24004079328,6337888256,3213099008,23742003491,2584281088,0,0,153944064,
2026-09-12T20:44:30Z,7A84D6F5-3851-47BC-B996-C2E1AA339724,61,decoding,periodic,44362.045,20065223740,2111864019,24004079328,6337888256,3213099008,23742003491,2584281088,0,0,153944064,
2026-09-12T20:44:31Z,7A84D6F5-3851-47BC-B996-C2E1AA339724,62,decoding,periodic,45386.577,20069942851,2107144908,24004079328,6337888256,3213099008,23742003491,2584281088,0,0,153944064,
2026-09-12T20:44:32Z,7A84D6F5-3851-47BC-B996-C2E1AA339724,63,decoding,periodic,46430.758,20096091991,2080995768,24003931872,6337888256,3213099008,23742003491,2584281088,0,0,153944064,
2026-09-12T20:44:33Z,7A84D6F5-3851-47BC-B996-C2E1AA339724,64,decoding,periodic,47443.086,20117748747,2019902736,23964643040,6337888256,3213099008,23742003491,2584281088,0,0,153944064,
2026-09-12T20:44:34Z,7A84D6F5-3851-47BC-B996-C2E1AA339724,65,decoding,periodic,48449.564,20110556167,2027095316,23964643040,6337871872,3213099008,23742003491,2584281088,0,0,153944064,
2026-09-12T20:44:35Z,7A84D6F5-3851-47BC-B996-C2E1AA339724,66,decoding,periodic,49453.839,20081850956,2055800527,23964643040,6337871872,3213099008,23742003491,2584281088,0,0,153944064,
2026-09-12T20:44:36Z,7A84D6F5-3851-47BC-B996-C2E1AA339724,67,decoding,periodic,50460.106,20065236847,2072414636,23964610272,6337871872,3213099008,23742003491,2584281088,0,0,153944064,
2026-09-12T20:44:37Z,7A84D6F5-3851-47BC-B996-C2E1AA339724,68,decoding,periodic,51466.398,20180810699,2002976006,24010813152,6337871872,3213099008,23742003491,2584281088,0,0,153944064,
2026-09-12T20:44:38Z,7A84D6F5-3851-47BC-B996-C2E1AA339724,69,decoding,periodic,52469.152,20127333379,2056453326,24010845920,6337871872,3213099008,23742003491,2584281088,0,0,153944064,
2026-09-12T20:44:39Z,7A84D6F5-3851-47BC-B996-C2E1AA339724,70,decoding,periodic,53492.856,20127333379,2056453326,24010698464,6337871872,3213099008,23742003491,2584281088,0,0,153944064,
2026-09-12T20:44:40Z,7A84D6F5-3851-47BC-B996-C2E1AA339724,71,decoding,periodic,54517.661,20127333379,2070650062,24024985312,6337871872,3213099008,23742003491,2584281088,0,0,153944064,
2026-09-12T20:44:41Z,7A84D6F5-3851-47BC-B996-C2E1AA339724,72,decoding,periodic,55525.203,20146538327,2079805820,24053378784,6337871872,3213099008,23742003491,2584281088,0,0,153944064,
2026-09-12T20:44:42Z,7A84D6F5-3851-47BC-B996-C2E1AA339724,73,decoding,periodic,56567.692,20146538371,2079805776,24053378784,6337871872,3213099008,23742003491,2584281088,0,0,153944064,
2026-09-12T20:44:43Z,7A84D6F5-3851-47BC-B996-C2E1AA339724,74,decoding,periodic,57573.915,20167212007,2059140332,24053378784,6337871872,3213099008,23742003491,2584281088,0,0,153944064,
2026-09-12T20:44:44Z,7A84D6F5-3851-47BC-B996-C2E1AA339724,75,decoding,periodic,58581.707,20148288507,2078063832,24053378784,6337871872,3213099008,23742003491,2584281088,0,0,153944064,
2026-09-12T20:44:45Z,7A84D6F5-3851-47BC-B996-C2E1AA339724,76,decoding,periodic,59595.120,20139670535,2086681804,24053378784,6337871872,3213099008,23742003491,2584281088,0,0,153944064,
2026-09-12T20:44:46Z,7A84D6F5-3851-47BC-B996-C2E1AA339724,77,decoding,periodic,60620.810,20144110595,2082241744,24053395168,6337871872,3213099008,23742003491,2584281088,0,0,153944064,
2026-09-12T20:44:47Z,7A84D6F5-3851-47BC-B996-C2E1AA339724,78,decoding,periodic,61639.186,20144110595,2082241744,24053444320,6337871872,3213099008,23742003491,2584281088,0,0,153944064,
2026-09-12T20:44:48Z,7A84D6F5-3851-47BC-B996-C2E1AA339724,79,decoding,periodic,62642.565,20636646235,2040954172,24467795680,6337871872,3213099008,23742003491,2584281088,0,0,153944064,
2026-09-12T20:44:49Z,7A84D6F5-3851-47BC-B996-C2E1AA339724,80,decoding,periodic,63649.653,20218723271,1966259468,24012074720,6337871872,3213099008,23742003491,2584281088,0,0,153944064,
2026-09-12T20:44:50Z,7A84D6F5-3851-47BC-B996-C2E1AA339724,81,decoding,periodic,64653.796,20214365131,1970617608,24012074720,6337871872,3213099008,23742003491,2584281088,0,0,153944064,
2026-09-12T20:44:51Z,7A84D6F5-3851-47BC-B996-C2E1AA339724,82,decoding,periodic,65660.057,20165065723,2019917016,24012074720,6337871872,3213099008,23742003491,2584281088,0,0,153944064,
2026-09-12T20:44:52Z,7A84D6F5-3851-47BC-B996-C2E1AA339724,83,decoding,periodic,66677.134,20160887811,2024094928,24012074720,6337871872,3213099008,23742003491,2584281088,0,0,153944064,
2026-09-12T20:44:53Z,7A84D6F5-3851-47BC-B996-C2E1AA339724,84,decoding,periodic,67686.029,20195539935,1989442804,24012074720,6337871872,3213099008,23742003491,2584281088,0,0,153944064,
2026-09-12T20:44:54Z,7A84D6F5-3851-47BC-B996-C2E1AA339724,85,decoding,periodic,68691.868,20183989227,2000993512,24012074720,6337871872,3213099008,23742003491,2584281088,0,0,153944064,
2026-09-12T20:44:55Z,7A84D6F5-3851-47BC-B996-C2E1AA339724,86,decoding,periodic,69701.156,20160887811,2024094928,24012074720,6337871872,3213099008,23742003491,2584281088,0,0,153944064,
2026-09-12T20:44:56Z,7A84D6F5-3851-47BC-B996-C2E1AA339724,87,decoding,periodic,70716.017,20120581971,2146107776,24097582816,6337871872,3213099008,23742003491,2584281088,0,0,153944064,
2026-09-12T20:44:57Z,7A84D6F5-3851-47BC-B996-C2E1AA339724,88,decoding,periodic,71716.814,20254309299,2011446560,24092880608,6337871872,3213099008,23742003491,2584281088,0,0,153944064,
2026-09-12T20:44:58Z,7A84D6F5-3851-47BC-B996-C2E1AA339724,89,decoding,periodic,72723.152,20207975395,2005400816,24040500960,6337871872,3213099008,23742003491,2584281088,0,0,153944064,
2026-09-12T20:44:59Z,7A84D6F5-3851-47BC-B996-C2E1AA339724,90,decoding,periodic,73738.960,20177681411,2035694800,24040500960,6337871872,3213099008,23742003491,2584281088,0,0,153944064,
2026-09-12T20:45:00Z,7A84D6F5-3851-47BC-B996-C2E1AA339724,91,decoding,periodic,74759.089,20141300192,2072076019,24040500960,6337871872,3213099008,23742003491,2584281088,0,0,153944064,
2026-09-12T20:45:01Z,7A84D6F5-3851-47BC-B996-C2E1AA339724,92,decoding,periodic,75764.294,20180207491,2033168720,24040500960,6337871872,3213099008,23742003491,2584281088,0,0,153944064,
2026-09-12T20:45:02Z,7A84D6F5-3851-47BC-B996-C2E1AA339724,93,decoding,periodic,76764.930,20194458627,2047261904,24068845280,6337871872,3213099008,23742003491,2584281088,0,0,153944064,
2026-09-12T20:45:03Z,7A84D6F5-3851-47BC-B996-C2E1AA339724,94,decoding,periodic,77770.463,20233370583,2008349948,24068845280,6337871872,3213099008,23742003491,2584281088,0,0,153944064,
2026-09-12T20:45:04Z,7A84D6F5-3851-47BC-B996-C2E1AA339724,95,decoding,periodic,78770.844,20198636539,2043083992,24068845280,6337871872,3213099008,23742003491,2584281088,0,0,153944064,
2026-09-12T20:45:05Z,7A84D6F5-3851-47BC-B996-C2E1AA339724,96,decoding,periodic,79772.745,20197017475,2044703056,24068861664,6337871872,3213099008,23742003491,2584281088,0,0,153944064,
2026-09-12T20:45:07Z,7A84D6F5-3851-47BC-B996-C2E1AA339724,97,decoding,periodic,80798.585,20197017431,2044703100,24068878048,6337871872,3213099008,23742003491,2584281088,0,0,153944064,
2026-09-12T20:45:08Z,7A84D6F5-3851-47BC-B996-C2E1AA339724,98,decoding,periodic,81822.618,20197017475,2044703056,24068878048,6337871872,3213099008,23742003491,2584281088,0,0,153944064,
2026-09-12T20:45:09Z,7A84D6F5-3851-47BC-B996-C2E1AA339724,99,decoding,periodic,82845.257,20326251383,1915469148,24068894432,6337855488,3213099008,23742003491,2584281088,0,0,153944064,
2026-09-12T20:45:10Z,7A84D6F5-3851-47BC-B996-C2E1AA339724,100,decoding,periodic,83845.657,20241529827,2028551408,24097255136,6337855488,3213099008,23742003491,2584281088,0,0,153944064,
2026-09-12T20:45:11Z,7A84D6F5-3851-47BC-B996-C2E1AA339724,101,decoding,periodic,84878.900,20215413755,2054667480,24097205984,6337855488,3213099008,23742003491,2584281088,0,0,153944064,
2026-09-12T20:45:12Z,7A84D6F5-3851-47BC-B996-C2E1AA339724,102,decoding,periodic,85889.336,20211235843,2058845392,24097255136,6337855488,3213099008,23742003491,2584281088,0,0,153944064,
2026-09-12T20:45:13Z,7A84D6F5-3851-47BC-B996-C2E1AA339724,103,decoding,periodic,86912.860,20211235843,2058845392,24097255136,6337839104,3213099008,23742003491,2584281088,0,0,153944064,
2026-09-12T20:45:14Z,7A84D6F5-3851-47BC-B996-C2E1AA339724,104,decoding,periodic,87948.992,20213843799,2056237436,24097255136,6337839104,3213099008,23742003491,2584281088,0,0,153944064,
2026-09-12T20:45:15Z,7A84D6F5-3851-47BC-B996-C2E1AA339724,105,decoding,periodic,88972.815,20213843843,2056237392,24097255136,6337839104,3213099008,23742003491,2584281088,0,0,153944064,
2026-09-12T20:45:16Z,7A84D6F5-3851-47BC-B996-C2E1AA339724,106,decoding,periodic,90003.269,20213843799,2056237436,24097255136,6337839104,3213099008,23742003491,2584281088,0,0,153944064,
2026-09-12T20:45:17Z,7A84D6F5-3851-47BC-B996-C2E1AA339724,107,decoding,periodic,91024.221,20213843843,2056237392,24097271520,6337839104,3213099008,23742003491,2584281088,0,0,153944064,
2026-09-12T20:45:18Z,7A84D6F5-3851-47BC-B996-C2E1AA339724,108,decoding,periodic,92049.638,20338932607,1931148628,24097304288,6337839104,3213099008,23742003491,2584281088,0,0,153944064,
2026-09-12T20:45:19Z,7A84D6F5-3851-47BC-B996-C2E1AA339724,109,decoding,periodic,93050.168,20251114475,2047327464,24125615840,6337839104,3213099008,23742003491,2584281088,0,0,153944064,
2026-09-12T20:45:20Z,7A84D6F5-3851-47BC-B996-C2E1AA339724,110,decoding,periodic,94061.308,20228013059,2070428880,24125615840,6337839104,3213099008,23742003491,2584281088,0,0,153944064,
2026-09-12T20:45:21Z,7A84D6F5-3851-47BC-B996-C2E1AA339724,111,decoding,periodic,95062.143,20269877579,2028564360,24125664992,6337839104,3213099008,23742003491,2584281088,0,0,153944064,
2026-09-12T20:45:22Z,7A84D6F5-3851-47BC-B996-C2E1AA339724,112,decoding,periodic,96080.259,20230670167,2067771772,24125664992,6337839104,3213099008,23742003491,2584281088,0,0,153944064,
2026-09-12T20:45:23Z,7A84D6F5-3851-47BC-B996-C2E1AA339724,113,decoding,periodic,97104.943,20230670211,2067771728,24125664992,6337839104,3213099008,23742003491,2584281088,0,0,153944064,
2026-09-12T20:45:24Z,7A84D6F5-3851-47BC-B996-C2E1AA339724,114,decoding,periodic,98143.653,20230670167,2067771772,24125681376,6337839104,3213099008,23742003491,2584281088,0,0,153944064,
2026-09-12T20:45:25Z,7A84D6F5-3851-47BC-B996-C2E1AA339724,115,decoding,periodic,99149.889,20246756331,2051685608,24125681376,6337839104,3213099008,23742003491,2584281088,0,0,153944064,
2026-09-12T20:45:26Z,7A84D6F5-3851-47BC-B996-C2E1AA339724,116,decoding,periodic,100150.560,20457725039,2136415332,24409616096,6337839104,3213099008,23742003491,2584281088,0,0,153944064,
2026-09-12T20:45:27Z,7A84D6F5-3851-47BC-B996-C2E1AA339724,117,decoding,periodic,101166.299,20341832603,1984952632,24154058464,6337839104,3213099008,23742003491,2584281088,0,0,153944064,
2026-09-12T20:45:28Z,7A84D6F5-3851-47BC-B996-C2E1AA339724,118,decoding,periodic,102174.571,20321598383,2005186852,24154058464,6337839104,3213099008,23742003491,2584281088,0,0,153944064,
2026-09-12T20:45:29Z,7A84D6F5-3851-47BC-B996-C2E1AA339724,119,decoding,periodic,103175.807,20275117027,2051668208,24154058464,6337839104,3213099008,23742003491,2584281088,0,0,153944064,
2026-09-12T20:45:30Z,7A84D6F5-3851-47BC-B996-C2E1AA339724,120,decoding,periodic,104189.368,20244790275,2081994960,24154058464,6337839104,3213099008,23742003491,2584281088,0,0,153944064,
2026-09-12T20:45:31Z,7A84D6F5-3851-47BC-B996-C2E1AA339724,121,decoding,periodic,105201.703,20240301047,2086484188,24154058464,6337839104,3213099008,23742003491,2584281088,0,0,153944064,
2026-09-12T20:45:32Z,7A84D6F5-3851-47BC-B996-C2E1AA339724,122,decoding,periodic,106211.175,20247480195,2079305040,24154058464,6337839104,3213099008,23742003491,2584281088,0,0,153944064,
2026-09-12T20:45:33Z,7A84D6F5-3851-47BC-B996-C2E1AA339724,123,decoding,periodic,107220.538,20247480151,2079305084,24154058464,6337839104,3213099008,23742003491,2584281088,0,0,153944064,
2026-09-12T20:45:34Z,7A84D6F5-3851-47BC-B996-C2E1AA339724,124,decoding,periodic,108240.194,20247545727,2079239508,24154058464,6337839104,3213099008,23742003491,2584281088,0,0,153944064,
2026-09-12T20:45:35Z,7A84D6F5-3851-47BC-B996-C2E1AA339724,125,decoding,periodic,109252.356,20216084468,2110700767,24153911008,6337839104,3213099008,23742003491,2584281088,0,0,153944064,
2026-09-12T20:45:36Z,7A84D6F5-3851-47BC-B996-C2E1AA339724,126,decoding,periodic,110253.832,20950956899,1918908732,24612138720,6337839104,3213099008,23742003491,2584281088,0,0,153944064,
2026-09-12T20:45:37Z,7A84D6F5-3851-47BC-B996-C2E1AA339724,127,decoding,periodic,111258.395,20336163747,1977366832,24140803808,6337839104,3213099008,23742003491,2584281088,0,0,153944064,
2026-09-12T20:45:38Z,7A84D6F5-3851-47BC-B996-C2E1AA339724,128,decoding,periodic,112259.204,20291959779,1989277936,24108543712,6337839104,3213099008,23742003491,2584281088,0,0,153944064,
2026-09-12T20:45:39Z,7A84D6F5-3851-47BC-B996-C2E1AA339724,129,decoding,periodic,113262.995,20257127431,2024110284,24108543712,6337839104,3213099008,23742003491,2584281088,0,0,153944064,
2026-09-12T20:45:40Z,7A84D6F5-3851-47BC-B996-C2E1AA339724,130,decoding,periodic,114287.025,20268760059,2012477656,24108543712,6337839104,3213099008,23742003491,2584281088,0,0,153944064,
2026-09-12T20:45:41Z,7A84D6F5-3851-47BC-B996-C2E1AA339724,131,decoding,periodic,115307.634,20261567491,2019670224,24108543712,6337839104,3213099008,23742003491,2584281088,0,0,153944064,
2026-09-12T20:45:42Z,7A84D6F5-3851-47BC-B996-C2E1AA339724,132,decoding,periodic,116311.385,20223514512,2057723203,24108396256,6337839104,3213099008,23742003491,2584281088,0,0,153944064,
2026-09-12T20:45:43Z,7A84D6F5-3851-47BC-B996-C2E1AA339724,133,decoding,periodic,117311.956,20264322947,2016914768,24108543712,6337839104,3213099008,23742003491,2584281088,0,0,153944064,
2026-09-12T20:45:44Z,7A84D6F5-3851-47BC-B996-C2E1AA339724,134,decoding,periodic,118331.053,20264322903,2016914812,24108412640,6337839104,3213099008,23742003491,2584281088,0,0,153944064,
2026-09-12T20:45:45Z,7A84D6F5-3851-47BC-B996-C2E1AA339724,135,decoding,periodic,119342.437,20268760055,2012477660,24108510944,6337822720,3213099008,23742003491,2584281088,0,0,153944064,
2026-09-12T20:45:46Z,7A84D6F5-3851-47BC-B996-C2E1AA339724,136,decoding,periodic,120355.607,20281149271,2016552760,24210829024,6337822720,3213099008,23742003491,2584281088,0,0,153944064,
2026-09-12T20:45:47Z,7A84D6F5-3851-47BC-B996-C2E1AA339724,137,decoding,periodic,121368.631,20281149315,2027906828,24136380128,6337822720,3213099008,23742003491,2584281088,0,0,153944064,
2026-09-12T20:45:48Z,7A84D6F5-3851-47BC-B996-C2E1AA339724,138,decoding,periodic,122382.866,20375501727,1933554416,24136396512,6337822720,3213099008,23742003491,2584281088,0,0,153944064,
2026-09-12T20:45:49Z,7A84D6F5-3851-47BC-B996-C2E1AA339724,139,decoding,periodic,123383.297,20324875223,1984180920,24136429280,6337822720,3213099008,23742003491,2584281088,0,0,153944064,
2026-09-12T20:45:50Z,7A84D6F5-3851-47BC-B996-C2E1AA339724,140,decoding,periodic,124385.264,20278393863,2030662280,24136429280,6337822720,3213099008,23742003491,2584281088,0,0,153944064,
2026-09-12T20:45:51Z,7A84D6F5-3851-47BC-B996-C2E1AA339724,141,decoding,periodic,125406.990,20282571775,2026484368,24136445664,6337822720,3213099008,23742003491,2584281088,0,0,153944064,
2026-09-12T20:45:52Z,7A84D6F5-3851-47BC-B996-C2E1AA339724,142,decoding,periodic,126426.301,20298024631,2015076528,24140459744,6337822720,3213099008,23742003491,2584281088,0,0,153944064,
2026-09-12T20:45:53Z,7A84D6F5-3851-47BC-B996-C2E1AA339724,143,decoding,periodic,127428.676,20341750743,1971350416,24140459744,6337806336,3213099008,23742003491,2584281088,0,0,153944064,
2026-09-12T20:45:54Z,7A84D6F5-3851-47BC-B996-C2E1AA339724,144,decoding,periodic,128432.895,20341750743,1971350416,24140410592,6337789952,3213099008,23742003491,2584281088,0,0,153944064,
2026-09-12T20:45:55Z,7A84D6F5-3851-47BC-B996-C2E1AA339724,145,decoding,periodic,129458.368,20287765515,2053745500,24168869600,6337789952,3213099008,23742003491,2584281088,0,0,153944064,
2026-09-12T20:45:56Z,7A84D6F5-3851-47BC-B996-C2E1AA339724,146,decoding,periodic,130477.241,20258766355,2082744660,24168885984,6337789952,3213099008,23742003491,2584281088,0,0,153944064,
2026-09-12T20:45:57Z,7A84D6F5-3851-47BC-B996-C2E1AA339724,147,decoding,periodic,131506.035,20295269383,2046241632,24168951520,6337789952,3213099008,23742003491,2584281088,0,0,153944064,
2026-09-12T20:45:58Z,7A84D6F5-3851-47BC-B996-C2E1AA339724,148,decoding,periodic,132520.032,20295269383,2046241632,24168935136,6337773568,3213099008,23742003491,2584281088,0,0,153944064,
2026-09-12T20:45:59Z,7A84D6F5-3851-47BC-B996-C2E1AA339724,149,decoding,periodic,133540.640,20255258407,2144333888,24252231392,6337773568,3213099008,23742003491,2584281088,0,0,153944064,
2026-09-12T20:46:00Z,7A84D6F5-3851-47BC-B996-C2E1AA339724,150,decoding,periodic,134541.167,20400651179,2001841084,24229867232,6337773568,3213099008,23742003491,2584281088,0,0,153944064,
2026-09-12T20:46:01Z,7A84D6F5-3851-47BC-B996-C2E1AA339724,151,decoding,periodic,135541.679,20323679227,2027332460,24178552544,6337773568,3213099008,23742003491,2584281088,0,0,153944064,
2026-09-12T20:46:02Z,7A84D6F5-3851-47BC-B996-C2E1AA339724,152,decoding,periodic,136546.516,20280100423,2070911264,24178306784,6337773568,3213099008,23742003491,2584281088,0,0,153944064,
2026-09-12T20:46:03Z,7A84D6F5-3851-47BC-B996-C2E1AA339724,153,decoding,periodic,137550.208,20314851043,2036160644,24178306784,6337773568,3213099008,23742003491,2584281088,0,0,153944064,
2026-09-12T20:46:04Z,7A84D6F5-3851-47BC-B996-C2E1AA339724,154,decoding,periodic,138562.002,20393376691,1971381172,24192069344,6337773568,3213099008,23742003491,2584281088,0,0,153944064,
2026-09-12T20:46:05Z,7A84D6F5-3851-47BC-B996-C2E1AA339724,155,decoding,periodic,139570.833,20365687759,1999070104,24192052960,6337773568,3213099008,23742003491,2584281088,0,0,153944064,
2026-09-12T20:46:06Z,7A84D6F5-3851-47BC-B996-C2E1AA339724,156,decoding,periodic,140578.540,20317191187,2098651988,24243154656,6337773568,3213099008,23742003491,2584281088,0,0,153944064,
2026-09-12T20:46:07Z,7A84D6F5-3851-47BC-B996-C2E1AA339724,157,decoding,periodic,141598.522,20332952575,2059395944,24219954912,6337773568,3213099008,23742003491,2584281088,0,0,153944064,
2026-09-12T20:46:08Z,7A84D6F5-3851-47BC-B996-C2E1AA339724,158,decoding,periodic,142620.357,20335967231,2056381288,24219954912,6337773568,3213099008,23742003491,2584281088,0,0,153944064,
2026-09-12T20:46:09Z,7A84D6F5-3851-47BC-B996-C2E1AA339724,159,decoding,periodic,143622.575,20331529955,2060818564,24219741920,6337773568,3213099008,23742003491,2584281088,0,0,153944064,
2026-09-12T20:46:10Z,7A84D6F5-3851-47BC-B996-C2E1AA339724,160,decoding,periodic,144643.739,20331529911,2060818608,24219676384,6337773568,3213099008,23742003491,2584281088,0,0,153944064,
2026-09-12T20:46:11Z,7A84D6F5-3851-47BC-B996-C2E1AA339724,161,decoding,periodic,145645.918,20345601031,2074649440,24247938784,6337773568,3213099008,23742003491,2584281088,0,0,153944064,
2026-09-12T20:46:12Z,7A84D6F5-3851-47BC-B996-C2E1AA339724,162,decoding,periodic,146667.304,20348861439,2061919080,24238468832,6337773568,3213099008,23742003491,2584281088,0,0,153944064,
2026-09-12T20:46:13Z,7A84D6F5-3851-47BC-B996-C2E1AA339724,163,decoding,periodic,147670.332,20423597687,1996701936,24247987936,6337773568,3213099008,23742003491,2584281088,0,0,153944064,
2026-09-12T20:46:14Z,7A84D6F5-3851-47BC-B996-C2E1AA339724,164,decoding,periodic,148707.098,20348307127,2071992496,24247987936,6337773568,3213099008,23742003491,2584281088,0,0,153944064,
2026-09-12T20:46:15Z,7A84D6F5-3851-47BC-B996-C2E1AA339724,165,decoding,periodic,149715.335,20408875991,2040587152,24287882976,6337773568,3213099008,23742003491,2584281088,0,0,153944064,
2026-09-12T20:46:16Z,7A84D6F5-3851-47BC-B996-C2E1AA339724,166,decoding,periodic,150732.267,20365149923,2073401472,24266256096,6337773568,3213099008,23742003491,2584281088,0,0,153944064,
2026-09-12T20:46:17Z,7A84D6F5-3851-47BC-B996-C2E1AA339724,167,decoding,periodic,151754.453,20317468471,2121082924,24266059488,6337773568,3213099008,23742003491,2584281088,0,0,153944064,
2026-09-12T20:46:18Z,7A84D6F5-3851-47BC-B996-C2E1AA339724,168,decoding,periodic,152771.131,20365149923,2073401472,24265977568,6337773568,3213099008,23742003491,2584281088,0,0,153944064,
2026-09-12T20:46:20Z,7A84D6F5-3851-47BC-B996-C2E1AA339724,169,decoding,periodic,153778.637,20466957211,1976312776,24270761696,6337773568,3213099008,23742003491,2584281088,0,0,153944064,
2026-09-12T20:46:21Z,7A84D6F5-3851-47BC-B996-C2E1AA339724,170,decoding,periodic,154791.159,20432075711,2011194276,24270728928,6337773568,3213099008,23742003491,2584281088,0,0,153944064,
2026-09-12T20:46:22Z,7A84D6F5-3851-47BC-B996-C2E1AA339724,171,decoding,periodic,155816.101,20397997035,2098439016,24323895008,6337773568,3213099008,23742003491,2584281088,0,0,153944064,
2026-09-12T20:46:23Z,7A84D6F5-3851-47BC-B996-C2E1AA339724,172,decoding,periodic,156836.586,20383349759,2010112872,24220921568,6337773568,3213099008,23742003491,2584281088,0,0,153944064,
2026-09-12T20:46:24Z,7A84D6F5-3851-47BC-B996-C2E1AA339724,173,decoding,periodic,157856.920,20367522835,2025939796,24220872416,6337773568,3213099008,23742003491,2584281088,0,0,153944064,
2026-09-12T20:46:25Z,7A84D6F5-3851-47BC-B996-C2E1AA339724,174,decoding,periodic,158878.736,20383349759,2010112872,24220872416,6337773568,3213099008,23742003491,2584281088,0,0,153944064,
2026-09-12T20:46:26Z,7A84D6F5-3851-47BC-B996-C2E1AA339724,175,decoding,periodic,159882.744,20350426735,2043035896,24220937952,6337773568,3213099008,23742003491,2584281088,0,0,153944064,
2026-09-12T20:46:27Z,7A84D6F5-3851-47BC-B996-C2E1AA339724,176,decoding,periodic,160892.018,20479327135,1914135496,24221003488,6337773568,3213099008,23742003491,2584281088,0,0,153944064,
2026-09-12T20:46:28Z,7A84D6F5-3851-47BC-B996-C2E1AA339724,177,decoding,periodic,161901.563,20384644075,2008818556,24220970720,6337773568,3213099008,23742003491,2584281088,0,0,153944064,
2026-09-12T20:46:29Z,7A84D6F5-3851-47BC-B996-C2E1AA339724,178,decoding,periodic,162914.334,20487005834,2005792969,24332578528,6337757184,3213099008,23742003491,2584281088,0,0,153944064,
2026-09-12T20:46:30Z,7A84D6F5-3851-47BC-B996-C2E1AA339724,179,decoding,periodic,163916.135,20484537259,1998873532,24343621344,6337691648,3213099008,23742003491,2584281088,0,0,153944064,
2026-09-12T20:46:31Z,7A84D6F5-3851-47BC-B996-C2E1AA339724,180,decoding,periodic,164922.096,20400126975,2082382696,24310378208,6337691648,3213099008,23742003491,2584281088,0,0,153944064,
2026-09-12T20:46:32Z,7A84D6F5-3851-47BC-B996-C2E1AA339724,181,decoding,periodic,165933.154,20391410699,2034066260,24253214432,6337691648,3213099008,23742003491,2584281088,0,0,153944064,
2026-09-12T20:46:33Z,7A84D6F5-3851-47BC-B996-C2E1AA339724,182,decoding,periodic,166935.537,20398655203,2026821756,24254394080,6337691648,3213099008,23742003491,2584281088,0,0,153944064,
2026-09-12T20:46:34Z,7A84D6F5-3851-47BC-B996-C2E1AA339724,183,decoding,periodic,167941.966,20443069407,2032903032,24303742688,6337691648,3213099008,23742003491,2584281088,0,0,153944064,
2026-09-12T20:46:35Z,7A84D6F5-3851-47BC-B996-C2E1AA339724,184,decoding,periodic,168947.806,20376370707,2076336468,24280493792,6337691648,3213099008,23742003491,2584281088,0,0,153944064,
2026-09-12T20:46:36Z,7A84D6F5-3851-47BC-B996-C2E1AA339724,185,decoding,periodic,169966.103,20535999315,1916707860,24280510176,6337691648,3213099008,23742003491,2584281088,0,0,153944064,
2026-09-12T20:46:37Z,7A84D6F5-3851-47BC-B996-C2E1AA339724,186,decoding,periodic,170980.939,20415399651,2037307524,24280575712,6337691648,3213099008,23742003491,2584281088,0,0,153944064,
2026-09-12T20:46:38Z,7A84D6F5-3851-47BC-B996-C2E1AA339724,187,decoding,periodic,171993.592,20536483135,1916224040,24280575712,6337675264,3213099008,23742003491,2584281088,0,0,153944064,
2026-09-12T20:46:39Z,7A84D6F5-3851-47BC-B996-C2E1AA339724,188,decoding,periodic,173027.208,20412677127,2040030048,24280575712,6337675264,3213099008,23742003491,2584281088,0,0,153944064,
2026-09-12T20:46:40Z,7A84D6F5-3851-47BC-B996-C2E1AA339724,189,decoding,periodic,174056.278,20416822271,2035884904,24280575712,6337675264,3213099008,23742003491,2584281088,0,0,153944064,
2026-09-12T20:46:41Z,7A84D6F5-3851-47BC-B996-C2E1AA339724,190,decoding,periodic,175061.930,20514995115,2021207324,24364101344,6337675264,3213099008,23742003491,2584281088,0,0,153944064,
2026-09-12T20:46:42Z,7A84D6F5-3851-47BC-B996-C2E1AA339724,191,decoding,periodic,176067.001,20471462875,2044620012,24351551200,6337675264,3213099008,23742003491,2584281088,0,0,153944064,
2026-09-12T20:46:43Z,7A84D6F5-3851-47BC-B996-C2E1AA339724,192,decoding,periodic,177079.127,20399840291,2119077028,24346816224,6337675264,3213099008,23742003491,2584281088,0,0,153944064,
2026-09-12T20:46:44Z,7A84D6F5-3851-47BC-B996-C2E1AA339724,193,decoding,periodic,178083.646,20503296951,1975389444,24306560736,6337675264,3213099008,23742003491,2584281088,0,0,153944064,
2026-09-12T20:46:45Z,7A84D6F5-3851-47BC-B996-C2E1AA339724,194,decoding,periodic,179087.914,20429503495,2049182900,24306560736,6337675264,3213099008,23742003491,2584281088,0,0,153944064,
2026-09-12T20:46:46Z,7A84D6F5-3851-47BC-B996-C2E1AA339724,195,decoding,periodic,180121.833,20429503495,2049182900,24306560736,6337675264,3213099008,23742003491,2584281088,0,0,153944064,
2026-09-12T20:46:47Z,7A84D6F5-3851-47BC-B996-C2E1AA339724,196,decoding,periodic,181128.608,20526578591,1956842780,24311295712,6337675264,3213099008,23742003491,2584281088,0,0,153944064,
2026-09-12T20:46:48Z,7A84D6F5-3851-47BC-B996-C2E1AA339724,197,decoding,periodic,182129.888,20434615315,2100972724,24370769632,6337675264,3213099008,23742003491,2584281088,0,0,153944064,
2026-09-12T20:46:49Z,7A84D6F5-3851-47BC-B996-C2E1AA339724,198,decoding,periodic,183131.513,20569619335,1964576064,24362069728,6337675264,3213099008,23742003491,2584281088,0,0,153944064,
2026-09-12T20:46:50Z,7A84D6F5-3851-47BC-B996-C2E1AA339724,199,decoding,periodic,184136.904,20485307355,2011317484,24324484832,6337675264,3213099008,23742003491,2584281088,0,0,153944064,
2026-09-12T20:46:51Z,7A84D6F5-3851-47BC-B996-C2E1AA339724,200,decoding,periodic,185141.047,20414289975,2082334864,24324484832,6337675264,3213099008,23742003491,2584281088,0,0,153944064,
2026-09-12T20:46:52Z,7A84D6F5-3851-47BC-B996-C2E1AA339724,201,decoding,periodic,186145.630,20534819755,1961805084,24324484832,6337675264,3213099008,23742003491,2584281088,0,0,153944064,
2026-09-12T20:46:53Z,7A84D6F5-3851-47BC-B996-C2E1AA339724,202,decoding,periodic,187149.329,20476656615,2029421792,24333971168,6337675264,3213099008,23742003491,2584281088,0,0,153944064,
2026-09-12T20:46:54Z,7A84D6F5-3851-47BC-B996-C2E1AA339724,203,decoding,periodic,188172.645,20574796691,1993770292,24396426976,6337675264,3213099008,23742003491,2584281088,0,0,153944064,
2026-09-12T20:46:55Z,7A84D6F5-3851-47BC-B996-C2E1AA339724,204,decoding,periodic,189196.120,20465796791,2087680528,24381337312,6337675264,3213099008,23742003491,2584281088,0,0,153944064,
2026-09-12T20:46:56Z,7A84D6F5-3851-47BC-B996-C2E1AA339724,205,decoding,periodic,190199.424,20521155531,2004043004,24353058528,6337675264,3213099008,23742003491,2584281088,0,0,153944064,
2026-09-12T20:46:57Z,7A84D6F5-3851-47BC-B996-C2E1AA339724,206,decoding,periodic,191206.429,20431067191,2094131344,24353074912,6337675264,3213099008,23742003491,2584281088,0,0,153944064,
2026-09-12T20:46:58Z,7A84D6F5-3851-47BC-B996-C2E1AA339724,207,decoding,periodic,192232.734,20586396551,1938801984,24353140448,6337675264,3213099008,23742003491,2584281088,0,0,153944064,
2026-09-12T20:46:59Z,7A84D6F5-3851-47BC-B996-C2E1AA339724,208,decoding,periodic,193250.264,20451272815,2106120280,24385335008,6337675264,3213099008,23742003491,2584281088,0,0,153944064,
2026-09-12T20:47:00Z,7A84D6F5-3851-47BC-B996-C2E1AA339724,209,decoding,periodic,194253.423,20482606775,2074786320,24385367776,6337675264,3213099008,23742003491,2584281088,0,0,153944064,
2026-09-12T20:47:01Z,7A84D6F5-3851-47BC-B996-C2E1AA339724,210,decoding,periodic,195262.973,20531821499,2025473292,24385335008,6337675264,3213099008,23742003491,2584281088,0,0,153944064,
2026-09-12T20:47:02Z,7A84D6F5-3851-47BC-B996-C2E1AA339724,211,decoding,periodic,196266.975,20455802439,2101590656,24385335008,6337675264,3213099008,23742003491,2584281088,0,0,153944064,
2026-09-12T20:47:03Z,7A84D6F5-3851-47BC-B996-C2E1AA339724,212,decoding,periodic,197279.544,20442855255,2114537840,24385335008,6337675264,3213099008,23742003491,2584281088,0,0,153944064,
2026-09-12T20:47:04Z,7A84D6F5-3851-47BC-B996-C2E1AA339724,213,decoding,periodic,198280.363,20580062243,2005217920,24420789984,6337675264,3213099008,23742003491,2584281088,0,0,153944064,
2026-09-12T20:47:05Z,7A84D6F5-3851-47BC-B996-C2E1AA339724,214,decoding,periodic,199285.160,20499449571,2084437952,24411827936,6337675264,3213099008,23742003491,2584281088,0,0,153944064,
2026-09-12T20:47:06Z,7A84D6F5-3851-47BC-B996-C2E1AA339724,215,decoding,periodic,200296.498,20538670043,2045217480,24411860704,6337675264,3213099008,23742003491,2584281088,0,0,153944064,
2026-09-12T20:47:07Z,7A84D6F5-3851-47BC-B996-C2E1AA339724,216,decoding,periodic,201298.875,20496710663,2087176860,24411844320,6337675264,3213099008,23742003491,2584281088,0,0,153944064,
2026-09-12T20:47:08Z,7A84D6F5-3851-47BC-B996-C2E1AA339724,217,decoding,periodic,202300.192,20523449335,2006320556,24357727968,6337675264,3213099008,23742003491,2584281088,0,0,153944064,
2026-09-12T20:47:09Z,7A84D6F5-3851-47BC-B996-C2E1AA339724,218,decoding,periodic,203303.580,20590246839,1939523052,24357727968,6337658880,3213099008,23742003491,2584281088,0,0,153944064,
2026-09-12T20:47:10Z,7A84D6F5-3851-47BC-B996-C2E1AA339724,219,decoding,periodic,204304.265,20536605679,1993164212,24357727968,6337658880,3213099008,23742003491,2584281088,0,0,153944064,
2026-09-12T20:47:11Z,7A84D6F5-3851-47BC-B996-C2E1AA339724,220,decoding,periodic,205307.685,20495893224,2033876667,24357727968,6337658880,3213099008,23742003491,2584281088,0,0,153944064,
2026-09-12T20:47:12Z,7A84D6F5-3851-47BC-B996-C2E1AA339724,221,decoding,periodic,206308.902,20617968539,1911801352,24357727968,6337642496,3213099008,23742003491,2584281088,0,0,153944064,
2026-09-12T20:47:13Z,7A84D6F5-3851-47BC-B996-C2E1AA339724,222,decoding,periodic,207316.030,20513405959,2016363932,24357727968,6337642496,3213099008,23742003491,2584281088,0,0,153944064,
2026-09-12T20:47:14Z,7A84D6F5-3851-47BC-B996-C2E1AA339724,223,decoding,periodic,208348.357,20520565759,2009204132,24357727968,6337642496,3213099008,23742003491,2584281088,0,0,153944064,
2026-09-12T20:47:15Z,7A84D6F5-3851-47BC-B996-C2E1AA339724,224,decoding,periodic,209353.823,20516128483,2013641408,24357727968,6337642496,3213099008,23742003491,2584281088,0,0,153944064,
2026-09-12T20:47:16Z,7A84D6F5-3851-47BC-B996-C2E1AA339724,225,decoding,periodic,210360.917,20557511655,2059306428,24467123936,6337642496,3213099008,23742003491,2584281088,0,0,153944064,
2026-09-12T20:47:17Z,7A84D6F5-3851-47BC-B996-C2E1AA339724,226,decoding,periodic,211361.810,20493170563,2058586656,24379731680,6337642496,3213099008,23742003491,2584281088,0,0,153944064,
2026-09-12T20:47:18Z,7A84D6F5-3851-47BC-B996-C2E1AA339724,227,decoding,periodic,212384.499,20532905655,2018851564,24379748064,6337642496,3213099008,23742003491,2584281088,0,0,153944064,
2026-09-12T20:47:19Z,7A84D6F5-3851-47BC-B996-C2E1AA339724,228,decoding,periodic,213402.653,20530183175,2021574044,24379748064,6337642496,3213099008,23742003491,2584281088,0,0,153944064,
2026-09-12T20:47:20Z,7A84D6F5-3851-47BC-B996-C2E1AA339724,229,decoding,periodic,214410.269,20532905699,2028321472,24389218016,6337642496,3213099008,23742003491,2584281088,0,0,153944064,
2026-09-12T20:47:21Z,7A84D6F5-3851-47BC-B996-C2E1AA339724,230,decoding,periodic,215457.675,21146942319,1935427076,24993197792,6337642496,3213099008,23742003491,2584281088,0,0,153944064,
2026-09-12T20:47:22Z,7A84D6F5-3851-47BC-B996-C2E1AA339724,231,decoding,periodic,216460.397,20565736435,2069383088,24463109856,6337642496,3213099008,23742003491,2584281088,0,0,153944064,
2026-09-12T20:47:23Z,7A84D6F5-3851-47BC-B996-C2E1AA339724,232,decoding,periodic,217466.342,20549699255,2033564896,24411254496,6337642496,3213099008,23742003491,2584281088,0,0,153944064,
2026-09-12T20:47:24Z,7A84D6F5-3851-47BC-B996-C2E1AA339724,233,decoding,periodic,218470.954,20647099295,1936164856,24411287264,6337642496,3213099008,23742003491,2584281088,0,0,153944064,
2026-09-12T20:47:25Z,7A84D6F5-3851-47BC-B996-C2E1AA339724,234,decoding,periodic,219471.435,20561427435,2021836716,24411254496,6337626112,3213099008,23742003491,2584281088,0,0,153944064,
2026-09-12T20:47:26Z,7A84D6F5-3851-47BC-B996-C2E1AA339724,235,decoding,periodic,220480.218,20673887115,1931363860,24433241824,6337626112,3213099008,23742003491,2584281088,0,0,153944064,
2026-09-12T20:47:27Z,7A84D6F5-3851-47BC-B996-C2E1AA339724,236,decoding,periodic,221487.863,20652293035,1952957940,24433274592,6337626112,3213099008,23742003491,2584281088,0,0,153944064,
2026-09-12T20:47:28Z,7A84D6F5-3851-47BC-B996-C2E1AA339724,237,decoding,periodic,222507.330,20563770375,2041480600,24433307360,6337626112,3213099008,23742003491,2584281088,0,0,153944064,
2026-09-12T20:47:29Z,7A84D6F5-3851-47BC-B996-C2E1AA339724,238,decoding,periodic,223526.309,20566492855,2057698024,24452230880,6337626112,3213099008,23742003491,2584281088,0,0,153944064,
2026-09-12T20:47:30Z,7A84D6F5-3851-47BC-B996-C2E1AA339724,239,decoding,periodic,224528.644,20579482611,2044708268,24452263648,6337626112,3213099008,23742003491,2584281088,0,0,153944064,
2026-09-12T20:47:31Z,7A84D6F5-3851-47BC-B996-C2E1AA339724,240,decoding,periodic,225552.956,20563770375,2060420504,24452230880,6337626112,3213099008,23742003491,2584281088,0,0,153944064,
2026-09-12T20:47:32Z,7A84D6F5-3851-47BC-B996-C2E1AA339724,241,decoding,periodic,226554.022,20657372087,2085891516,24571309792,6337626112,3213099008,23742003491,2584281088,0,0,153944064,
2026-09-12T20:47:33Z,7A84D6F5-3851-47BC-B996-C2E1AA339724,242,decoding,periodic,227564.821,20523644739,2143292512,24562134752,6337626112,3213099008,23742003491,2584281088,0,0,153944064,
2026-09-12T20:47:34Z,7A84D6F5-3851-47BC-B996-C2E1AA339724,243,decoding,periodic,228570.663,20634188751,2032830420,24502005472,6337626112,3213099008,23742003491,2584281088,0,0,153944064,
2026-09-12T20:47:35Z,7A84D6F5-3851-47BC-B996-C2E1AA339724,244,decoding,periodic,229578.240,20587707391,2049083292,24464846560,6337626112,3213099008,23742003491,2584281088,0,0,153944064,
2026-09-12T20:47:36Z,7A84D6F5-3851-47BC-B996-C2E1AA339724,245,decoding,periodic,230594.734,20583270071,2053520612,24464846560,6337626112,3213099008,23742003491,2584281088,0,0,153944064,
2026-09-12T20:47:37Z,7A84D6F5-3851-47BC-B996-C2E1AA339724,246,decoding,periodic,231600.378,20639300571,2072440196,24539819744,6337626112,3213099008,23742003491,2584281088,0,0,153944064,
2026-09-12T20:47:38Z,7A84D6F5-3851-47BC-B996-C2E1AA339724,247,decoding,periodic,232604.487,20552398691,2111114304,24491585248,6337626112,3213099008,23742003491,2584281088,0,0,153944064,
2026-09-12T20:47:39Z,7A84D6F5-3851-47BC-B996-C2E1AA339724,248,decoding,periodic,233607.671,20636351451,2027161544,24491585248,6337626112,3213099008,23742003491,2584281088,0,0,153944064,
2026-09-12T20:47:40Z,7A84D6F5-3851-47BC-B996-C2E1AA339724,249,decoding,periodic,234616.006,20643838935,2019674060,24491585248,6337626112,3213099008,23742003491,2584281088,0,0,153944064,
2026-09-12T20:47:41Z,7A84D6F5-3851-47BC-B996-C2E1AA339724,250,decoding,periodic,235618.374,20600080055,2072902892,24501087968,6337626112,3213099008,23742003491,2584281088,0,0,153944064,
2026-09-12T20:47:42Z,7A84D6F5-3851-47BC-B996-C2E1AA339724,251,decoding,periodic,236618.758,20627717095,2045265852,24501087968,6337626112,3213099008,23742003491,2584281088,0,0,153944064,
2026-09-12T20:47:43Z,7A84D6F5-3851-47BC-B996-C2E1AA339724,252,decoding,periodic,237633.644,20568780875,2104202072,24501087968,6337626112,3213099008,23742003491,2584281088,0,0,153944064,
2026-09-12T20:47:44Z,7A84D6F5-3851-47BC-B996-C2E1AA339724,253,decoding,periodic,238638.053,20637350887,2097888940,24563314400,6337626112,3213099008,23742003491,2584281088,0,0,153944064,
2026-09-12T20:47:45Z,7A84D6F5-3851-47BC-B996-C2E1AA339724,254,decoding,periodic,239660.527,20557362999,2145077484,24613154528,6337626112,3213099008,23742003491,2584281088,0,0,153944064,
2026-09-12T20:47:46Z,7A84D6F5-3851-47BC-B996-C2E1AA339724,255,decoding,periodic,240665.964,20660714455,2041775180,24552632032,6337626112,3213099008,23742003491,2584281088,0,0,153944064,
2026-09-12T20:47:47Z,7A84D6F5-3851-47BC-B996-C2E1AA339724,256,decoding,periodic,241690.554,20609694731,2085471248,24523288288,6337626112,3213099008,23742003491,2584281088,0,0,153944064,
2026-09-12T20:47:48Z,7A84D6F5-3851-47BC-B996-C2E1AA339724,257,decoding,periodic,242693.710,20724956031,1970209948,24523288288,6337626112,3213099008,23742003491,2584281088,0,0,153944064,
2026-09-12T20:47:49Z,7A84D6F5-3851-47BC-B996-C2E1AA339724,258,decoding,periodic,243699.309,20653210587,2041955392,24523255520,6337626112,3213099008,23742003491,2584281088,0,0,153944064,
2026-09-12T20:47:50Z,7A84D6F5-3851-47BC-B996-C2E1AA339724,259,decoding,periodic,244703.470,20642511931,2074496544,24545144544,6337626112,3213099008,23742003491,2584281088,0,0,153944064,
2026-09-12T20:47:51Z,7A84D6F5-3851-47BC-B996-C2E1AA339724,260,decoding,periodic,245723.979,20633650935,2083357540,24545111776,6337626112,3213099008,23742003491,2584281088,0,0,153944064,
2026-09-12T20:47:52Z,7A84D6F5-3851-47BC-B996-C2E1AA339724,261,decoding,periodic,246727.449,20661271591,2055736884,24545160928,6337626112,3213099008,23742003491,2584281088,0,0,153944064,
2026-09-12T20:47:53Z,7A84D6F5-3851-47BC-B996-C2E1AA339724,262,decoding,periodic,247736.014,20633716447,2002568060,24464436960,6337626112,3213099008,23742003491,2584281088,0,0,153944064,
2026-09-12T20:47:54Z,7A84D6F5-3851-47BC-B996-C2E1AA339724,263,decoding,periodic,248738.761,20665711651,1970572856,24464404192,6337626112,3213099008,23742003491,2584281088,0,0,153944064,
2026-09-12T20:47:55Z,7A84D6F5-3851-47BC-B996-C2E1AA339724,264,decoding,periodic,249770.015,21281717351,1962741240,24789020384,6337626112,3213099008,23742003491,2584281088,0,0,153944064,
2026-09-12T20:47:57Z,7A84D6F5-3851-47BC-B996-C2E1AA339724,265,decoding,periodic,250772.530,20670970855,2058587251,24557727456,6337626112,3213099008,23742003491,2584281088,0,0,153944064,
2026-09-12T20:47:58Z,7A84D6F5-3851-47BC-B996-C2E1AA339724,266,decoding,periodic,251773.273,20602746755,2059751639,24490700512,6337626112,3213099008,23742003491,2584281088,0,0,153944064,
2026-09-12T20:47:59Z,7A84D6F5-3851-47BC-B996-C2E1AA339724,267,decoding,periodic,252790.969,20733180907,1929317487,24490700512,6337626112,3213099008,23742003491,2584281088,0,0,153944064,
2026-09-12T20:48:00Z,7A84D6F5-3851-47BC-B996-C2E1AA339724,268,decoding,periodic,253800.825,20647771199,2014727195,24490733280,6337626112,3213099008,23742003491,2584281088,0,0,153944064,
2026-09-12T20:48:01Z,7A84D6F5-3851-47BC-B996-C2E1AA339724,269,decoding,periodic,254808.515,20768062407,1894435987,24490700512,6337626112,3213099008,23742003491,2584281088,0,0,153944064,
2026-09-12T20:48:02Z,7A84D6F5-3851-47BC-B996-C2E1AA339724,270,decoding,periodic,255816.936,20749974507,2072579703,24650755808,6337626112,3213099008,23742003491,2584281088,0,0,153944064,
2026-09-12T20:48:03Z,7A84D6F5-3851-47BC-B996-C2E1AA339724,271,decoding,periodic,256825.177,20656946243,2061176343,24546324192,6337626112,3213099008,23742003491,2584281088,0,0,153944064,
2026-09-12T20:48:04Z,7A84D6F5-3851-47BC-B996-C2E1AA339724,272,decoding,periodic,257833.531,20787821511,1900908179,24516931296,6337626112,3213099008,23742003491,2584281088,0,0,153944064,
2026-09-12T20:48:05Z,7A84D6F5-3851-47BC-B996-C2E1AA339724,273,decoding,periodic,258834.339,20664482887,2024246803,24516931296,6337626112,3213099008,23742003491,2584281088,0,0,153944064,
2026-09-12T20:48:06Z,7A84D6F5-3851-47BC-B996-C2E1AA339724,274,decoding,periodic,259847.032,20667221731,2021507959,24516964064,6337626112,3213099008,23742003491,2584281088,0,0,153944064,
2026-09-12T20:48:07Z,7A84D6F5-3851-47BC-B996-C2E1AA339724,275,decoding,periodic,260865.940,20662271123,2107673615,24610090720,6337626112,3213099008,23742003491,2584281088,0,0,153944064,
2026-09-12T20:48:08Z,7A84D6F5-3851-47BC-B996-C2E1AA339724,276,decoding,periodic,261879.346,20809120727,1957039299,24594411232,6337626112,3213099008,23742003491,2584281088,0,0,153944064,
2026-09-12T20:48:09Z,7A84D6F5-3851-47BC-B996-C2E1AA339724,277,decoding,periodic,262886.808,20727741483,2038418543,24594378464,6337626112,3213099008,23742003491,2584281088,0,0,153944064,
2026-09-12T20:48:10Z,7A84D6F5-3851-47BC-B996-C2E1AA339724,278,decoding,periodic,263902.533,20669594727,2040630319,24538476256,6337626112,3213099008,23742003491,2584281088,0,0,153944064,
2026-09-12T20:48:11Z,7A84D6F5-3851-47BC-B996-C2E1AA339724,279,decoding,periodic,264909.272,20804582363,1905642683,24538443488,6337626112,3213099008,23742003491,2584281088,0,0,153944064,
2026-09-12T20:48:12Z,7A84D6F5-3851-47BC-B996-C2E1AA339724,280,decoding,periodic,265924.943,20684015351,2026209695,24538443488,6337626112,3213099008,23742003491,2584281088,0,0,153944064,
2026-09-12T20:48:13Z,7A84D6F5-3851-47BC-B996-C2E1AA339724,281,decoding,periodic,266930.006,20731746394,2085794388,24645791456,6337626112,3213099008,23742003491,2584281088,0,0,153944064,
2026-09-12T20:48:14Z,7A84D6F5-3851-47BC-B996-C2E1AA339724,282,decoding,periodic,267932.590,20751793187,2049887379,24625131232,6337626112,3213099008,23742003491,2584281088,0,0,153944064,
2026-09-12T20:48:15Z,7A84D6F5-3851-47BC-B996-C2E1AA339724,283,decoding,periodic,268953.418,20686421095,2019626051,24534265568,6337626112,3213099008,23742003491,2584281088,0,0,153944064,
2026-09-12T20:48:16Z,7A84D6F5-3851-47BC-B996-C2E1AA339724,284,decoding,periodic,269969.679,20700858103,2040414643,24569523936,6337626112,3213099008,23742003491,2584281088,0,0,153944064,
2026-09-12T20:48:17Z,7A84D6F5-3851-47BC-B996-C2E1AA339724,285,decoding,periodic,270971.054,20737096751,2004175995,24569540320,6337626112,3213099008,23742003491,2584281088,0,0,153944064,
2026-09-12T20:48:18Z,7A84D6F5-3851-47BC-B996-C2E1AA339724,286,decoding,periodic,271983.474,20821895822,1919376924,24569507552,6337626112,3213099008,23742003491,2584281088,0,0,153944064,
2026-09-12T20:48:19Z,7A84D6F5-3851-47BC-B996-C2E1AA339724,287,decoding,periodic,272985.971,20722023439,2091250103,24641548000,6337626112,3213099008,23742003491,2584281088,0,0,153944064,
2026-09-12T20:48:20Z,7A84D6F5-3851-47BC-B996-C2E1AA339724,288,decoding,periodic,273990.954,20761443375,2068319651,24658063072,6337626112,3213099008,23742003491,2584281088,0,0,153944064,
2026-09-12T20:48:21Z,7A84D6F5-3851-47BC-B996-C2E1AA339724,289,decoding,periodic,275019.164,20710390883,2022346083,24561004256,6337626112,3213099008,23742003491,2584281088,0,0,153944064,
2026-09-12T20:48:22Z,7A84D6F5-3851-47BC-B996-C2E1AA339724,290,decoding,periodic,276022.283,20749696059,2013089163,24591052512,6337626112,3213099008,23742003491,2584281088,0,0,153944064,
2026-09-12T20:48:23Z,7A84D6F5-3851-47BC-B996-C2E1AA339724,291,decoding,periodic,277051.960,20717651703,2045133519,24591019744,6337626112,3213099008,23742003491,2584281088,0,0,153944064,
2026-09-12T20:48:24Z,7A84D6F5-3851-47BC-B996-C2E1AA339724,292,decoding,periodic,278061.772,20768537639,1994247583,24591019744,6337626112,3213099008,23742003491,2584281088,0,0,153944064,
2026-09-12T20:48:25Z,7A84D6F5-3851-47BC-B996-C2E1AA339724,293,decoding,periodic,279066.818,20820179971,2113632723,24762068704,6337626112,3213099008,23742003491,2584281088,0,0,153944064,
2026-09-12T20:48:26Z,7A84D6F5-3851-47BC-B996-C2E1AA339724,294,decoding,periodic,280074.215,20806835626,1976457244,24611581664,6337626112,3213099008,23742003491,2584281088,0,0,153944064,
2026-09-12T20:48:27Z,7A84D6F5-3851-47BC-B996-C2E1AA339724,295,decoding,periodic,281082.545,20796881947,1986410923,24611565280,6337626112,3213099008,23742003491,2584281088,0,0,153944064,
2026-09-12T20:48:28Z,7A84D6F5-3851-47BC-B996-C2E1AA339724,296,decoding,periodic,282111.459,20731640927,2062242149,24622165728,6337626112,3213099008,23742003491,2584281088,0,0,153944064,
2026-09-12T20:48:29Z,7A84D6F5-3851-47BC-B996-C2E1AA339724,297,decoding,periodic,283114.557,20840315883,1953567193,24622165728,6337626112,3213099008,23742003491,2584281088,0,0,153944064,
2026-09-12T20:48:30Z,7A84D6F5-3851-47BC-B996-C2E1AA339724,298,decoding,periodic,284115.272,20738800727,2055082349,24622198496,6337626112,3213099008,23742003491,2584281088,0,0,153944064,
2026-09-12T20:48:31Z,7A84D6F5-3851-47BC-B996-C2E1AA339724,299,decoding,periodic,285118.875,20843363307,1950519769,24622165728,6337626112,3213099008,23742003491,2584281088,0,0,153944064,
2026-09-12T20:48:32Z,7A84D6F5-3851-47BC-B996-C2E1AA339724,300,decoding,periodic,286139.458,20691580727,2144180379,24786923232,6337626112,3213099008,23742003491,2584281088,0,0,153944064,
2026-09-12T20:48:33Z,7A84D6F5-3851-47BC-B996-C2E1AA339724,301,decoding,periodic,287140.508,20837492325,1948772705,24614547168,6337626112,3213099008,23742003491,2584281088,0,0,153944064,
2026-09-12T20:48:34Z,7A84D6F5-3851-47BC-B996-C2E1AA339724,302,decoding,periodic,288145.558,20778662975,2040796039,24647741152,6337626112,3213099008,23742003491,2584281088,0,0,153944064,
2026-09-12T20:48:35Z,7A84D6F5-3851-47BC-B996-C2E1AA339724,303,decoding,periodic,289152.726,20751042295,2068416719,24647741152,6337626112,3213099008,23742003491,2584281088,0,0,153944064,
2026-09-12T20:48:36Z,7A84D6F5-3851-47BC-B996-C2E1AA339724,304,decoding,periodic,290156.853,20771503175,2047955839,24647741152,6337626112,3213099008,23742003491,2584281088,0,0,153944064,
2026-09-12T20:48:37Z,7A84D6F5-3851-47BC-B996-C2E1AA339724,305,decoding,periodic,291160.173,20799880251,2036599247,24664846048,6337626112,3213099008,23742003491,2584281088,0,0,153944064,
2026-09-12T20:48:38Z,7A84D6F5-3851-47BC-B996-C2E1AA339724,306,decoding,periodic,292170.041,20767803127,2068676371,24664813280,6337626112,3213099008,23742003491,2584281088,0,0,153944064,
2026-09-12T20:48:39Z,7A84D6F5-3851-47BC-B996-C2E1AA339724,307,decoding,periodic,293171.577,20765080671,2071398827,24664813280,6337626112,3213099008,23742003491,2584281088,0,0,153944064,
2026-09-12T20:48:40Z,7A84D6F5-3851-47BC-B996-C2E1AA339724,308,decoding,periodic,294179.448,21344468003,2058766819,25067368160,6337626112,3213099008,23742003491,2584281088,0,0,153944064,
2026-09-12T20:48:41Z,7A84D6F5-3851-47BC-B996-C2E1AA339724,309,decoding,periodic,295180.377,20909702107,1929767471,24667827936,6337626112,3213099008,23742003491,2584281088,0,0,153944064,
2026-09-12T20:48:42Z,7A84D6F5-3851-47BC-B996-C2E1AA339724,310,decoding,periodic,296182.547,20812217407,2027252171,24667827936,6337626112,3213099008,23742003491,2584281088,0,0,153944064,
2026-09-12T20:48:43Z,7A84D6F5-3851-47BC-B996-C2E1AA339724,311,decoding,periodic,297186.742,20847164431,2020262391,24695729888,6337626112,3213099008,23742003491,2584281088,0,0,153944064,
2026-09-12T20:48:44Z,7A84D6F5-3851-47BC-B996-C2E1AA339724,312,decoding,periodic,298189.779,20913814483,1953612339,24695729888,6337626112,3213099008,23742003491,2584281088,0,0,153944064,
2026-09-12T20:48:45Z,7A84D6F5-3851-47BC-B996-C2E1AA339724,313,decoding,periodic,299190.242,20805057607,2062369215,24695729888,6337626112,3213099008,23742003491,2584281088,0,0,153944064,
2026-09-12T20:48:46Z,7A84D6F5-3851-47BC-B996-C2E1AA339724,314,decoding,periodic,300191.781,20916861899,1955299899,24700464864,6337626112,3213099008,23742003491,2584281088,0,0,153944064,
2026-09-12T20:48:47Z,7A84D6F5-3851-47BC-B996-C2E1AA339724,315,decoding,periodic,301194.500,20793457747,2078704051,24700481248,6337626112,3213099008,23742003491,2584281088,0,0,153944064,
2026-09-12T20:48:48Z,7A84D6F5-3851-47BC-B996-C2E1AA339724,316,decoding,periodic,302200.073,20909702107,1962459691,24700530400,6337626112,3213099008,23742003491,2584281088,0,0,153944064,
2026-09-12T20:48:49Z,7A84D6F5-3851-47BC-B996-C2E1AA339724,317,decoding,periodic,303211.166,20801357559,2064873235,24694632160,6337626112,3213099008,23742003491,2584281088,0,0,153944064,
2026-09-12T20:48:50Z,7A84D6F5-3851-47BC-B996-C2E1AA339724,318,decoding,periodic,304211.570,20828994623,1973959111,24631373536,6337626112,3213099008,23742003491,2584281088,0,0,153944064,
2026-09-12T20:48:51Z,7A84D6F5-3851-47BC-B996-C2E1AA339724,319,decoding,periodic,305227.061,20801357559,2001596175,24631340768,6337626112,3213099008,23742003491,2584281088,0,0,153944064,
2026-09-12T20:48:52Z,7A84D6F5-3851-47BC-B996-C2E1AA339724,320,decoding,periodic,306233.345,20828994623,1973959111,24631340768,6337626112,3213099008,23742003491,2584281088,0,0,153944064,
2026-09-12T20:48:53Z,7A84D6F5-3851-47BC-B996-C2E1AA339724,321,decoding,periodic,307262.558,20801357559,2006331151,24636042976,6337626112,3213099008,23742003491,2584281088,0,0,153944064,
2026-09-12T20:48:54Z,7A84D6F5-3851-47BC-B996-C2E1AA339724,322,decoding,periodic,308282.524,20798635103,2009053607,24636042976,6337626112,3213099008,23742003491,2584281088,0,0,153944064,
2026-09-12T20:48:55Z,7A84D6F5-3851-47BC-B996-C2E1AA339724,323,decoding,periodic,309284.197,20845788223,2068271489,24742489824,6337626112,3213099008,23742003491,2584281088,0,0,153944064,
2026-09-12T20:48:56Z,7A84D6F5-3851-47BC-B996-C2E1AA339724,324,decoding,periodic,310298.381,20818151159,2015228111,24661782240,6337626112,3213099008,23742003491,2584281088,0,0,153944064,
2026-09-12T20:48:57Z,7A84D6F5-3851-47BC-B996-C2E1AA339724,325,decoding,periodic,311304.894,20850228283,1983150987,24661798624,6337626112,3213099008,23742003491,2584281088,0,0,153944064,
2026-09-12T20:48:58Z,7A84D6F5-3851-47BC-B996-C2E1AA339724,326,decoding,periodic,312313.158,20890689006,1942690264,24661798624,6337626112,3213099008,23742003491,2584281088,0,0,153944064,
2026-09-12T20:48:59Z,7A84D6F5-3851-47BC-B996-C2E1AA339724,327,decoding,periodic,313315.852,20880669723,1952709547,24661798624,6337626112,3213099008,23742003491,2584281088,0,0,153944064,
2026-09-12T20:49:00Z,7A84D6F5-3851-47BC-B996-C2E1AA339724,328,decoding,periodic,314349.213,20815428703,2017950567,24661798624,6337626112,3213099008,23742003491,2584281088,0,0,153944064,
2026-09-12T20:49:01Z,7A84D6F5-3851-47BC-B996-C2E1AA339724,329,decoding,periodic,315360.819,20943272923,1890106347,24679591648,6337626112,3213099008,23742003491,2584281088,0,0,153944064,
2026-09-12T20:49:02Z,7A84D6F5-3851-47BC-B996-C2E1AA339724,330,decoding,periodic,316363.821,20831140939,2002238331,24680443616,6337626112,3213099008,23742003491,2584281088,0,0,153944064,
2026-09-12T20:49:03Z,7A84D6F5-3851-47BC-B996-C2E1AA339724,331,decoding,periodic,317374.189,20818151159,2015228111,24680853216,6337626112,3213099008,23742003491,2584281088,0,0,153944064,
2026-09-12T20:49:04Z,7A84D6F5-3851-47BC-B996-C2E1AA339724,332,decoding,periodic,318381.653,20896685550,1936693720,24680918752,6337609728,3213099008,23742003491,2584281088,0,0,153944064,
2026-09-12T20:49:05Z,7A84D6F5-3851-47BC-B996-C2E1AA339724,333,decoding,periodic,319399.766,20839365719,2080455539,24766738144,6337609728,3213099008,23742003491,2584281088,0,0,153944064,
2026-09-12T20:49:06Z,7A84D6F5-3851-47BC-B996-C2E1AA339724,334,decoding,periodic,320407.990,20932344823,1987476435,24766836448,6337609728,3213099008,23742003491,2584281088,0,0,153944064,
2026-09-12T20:49:07Z,7A84D6F5-3851-47BC-B996-C2E1AA339724,335,decoding,periodic,321417.593,20832205919,2087615339,24766869216,6337609728,3213099008,23742003491,2584281088,0,0,153944064,
2026-09-12T20:49:08Z,7A84D6F5-3851-47BC-B996-C2E1AA339724,336,decoding,periodic,322419.992,20943944683,1909963743,24701054688,6337609728,3213099008,23742003491,2584281088,0,0,153944064,
2026-09-12T20:49:09Z,7A84D6F5-3851-47BC-B996-C2E1AA339724,337,decoding,periodic,323425.163,20832205919,2021702507,24701775584,6337609728,3213099008,23742003491,2584281088,0,0,153944064,
2026-09-12T20:49:10Z,7A84D6F5-3851-47BC-B996-C2E1AA339724,338,decoding,periodic,324444.291,20834944759,2018963667,24702086880,6337609728,3213099008,23742003491,2584281088,0,0,153944064,
2026-09-12T20:49:11Z,7A84D6F5-3851-47BC-B996-C2E1AA339724,339,decoding,periodic,325445.472,20839365719,2019801971,24705527520,6337609728,3213099008,23742003491,2584281088,0,0,153944064,
2026-09-12T20:49:12Z,7A84D6F5-3851-47BC-B996-C2E1AA339724,340,decoding,periodic,326447.784,20943944683,1915223007,24705527520,6337609728,3213099008,23742003491,2584281088,0,0,153944064,
2026-09-12T20:49:13Z,7A84D6F5-3851-47BC-B996-C2E1AA339724,341,decoding,periodic,327454.525,20836351063,2022816627,24705527520,6337609728,3213099008,23742003491,2584281088,0,0,153944064,
2026-09-12T20:49:14Z,7A84D6F5-3851-47BC-B996-C2E1AA339724,342,decoding,periodic,328471.667,20856192087,2015435123,24718388960,6337609728,3213099008,23742003491,2584281088,0,0,153944064,
2026-09-12T20:49:15Z,7A84D6F5-3851-47BC-B996-C2E1AA339724,343,decoding,periodic,329476.559,20872215623,1982191999,24701169376,6337609728,3213099008,23742003491,2584281088,0,0,153944064,
2026-09-12T20:49:16Z,7A84D6F5-3851-47BC-B996-C2E1AA339724,344,decoding,periodic,330499.090,20851754743,2002652879,24701136608,6337609728,3213099008,23742003491,2584281088,0,0,153944064,
2026-09-12T20:49:17Z,7A84D6F5-3851-47BC-B996-C2E1AA339724,345,decoding,periodic,331500.018,20849015903,2031778151,24727531232,6337609728,3213099008,23742003491,2584281088,0,0,153944064,
2026-09-12T20:49:18Z,7A84D6F5-3851-47BC-B996-C2E1AA339724,346,decoding,periodic,332514.698,20965178343,1915615711,24727531232,6337609728,3213099008,23742003491,2584281088,0,0,153944064,
2026-09-12T20:49:19Z,7A84D6F5-3851-47BC-B996-C2E1AA339724,347,decoding,periodic,333519.140,20849015903,2031778151,24727531232,6337609728,3213099008,23742003491,2584281088,0,0,153944064,
2026-09-12T20:49:20Z,7A84D6F5-3851-47BC-B996-C2E1AA339724,348,decoding,periodic,334525.017,20949138423,1935849935,24732102368,6337609728,3213099008,23742003491,2584281088,0,0,153944064,
2026-09-12T20:49:21Z,7A84D6F5-3851-47BC-B996-C2E1AA339724,349,decoding,periodic,335532.308,20924292590,1960695768,24732102368,6337609728,3213099008,23742003491,2584281088,0,0,153944064,
2026-09-12T20:49:22Z,7A84D6F5-3851-47BC-B996-C2E1AA339724,350,decoding,periodic,336533.364,20864728139,2020260219,24732118752,6337609728,3213099008,23742003491,2584281088,0,0,153944064,
2026-09-12T20:49:23Z,7A84D6F5-3851-47BC-B996-C2E1AA339724,351,decoding,periodic,337535.961,20896152575,2009708999,24850558688,6337609728,3213099008,23742003491,2584281088,0,0,153944064,
2026-09-12T20:49:24Z,7A84D6F5-3851-47BC-B996-C2E1AA339724,352,decoding,periodic,338557.490,20868499191,2037362383,24752959200,6337609728,3213099008,23742003491,2584281088,0,0,153944064,
2026-09-12T20:49:25Z,7A84D6F5-3851-47BC-B996-C2E1AA339724,353,decoding,periodic,339559.018,20868515575,2037345999,24752959200,6337609728,3213099008,23742003491,2584281088,0,0,153944064,
2026-09-12T20:49:26Z,7A84D6F5-3851-47BC-B996-C2E1AA339724,354,decoding,periodic,340566.678,20873034831,2032826743,24752959200,6337609728,3213099008,23742003491,2584281088,0,0,153944064,
2026-09-12T20:49:27Z,7A84D6F5-3851-47BC-B996-C2E1AA339724,355,decoding,periodic,341574.987,20965899255,1939962319,24752975584,6337593344,3213099008,23742003491,2584281088,0,0,153944064,
2026-09-12T20:49:28Z,7A84D6F5-3851-47BC-B996-C2E1AA339724,356,decoding,periodic,342582.408,20833816143,2072045431,24753008352,6337593344,3213099008,23742003491,2584281088,0,0,153944064,
2026-09-12T20:49:29Z,7A84D6F5-3851-47BC-B996-C2E1AA339724,357,decoding,periodic,343619.974,20997749707,1908111867,24752975584,6337593344,3213099008,23742003491,2584281088,0,0,153944064,
2026-09-12T20:49:30Z,7A84D6F5-3851-47BC-B996-C2E1AA339724,358,decoding,periodic,344623.680,20888992839,2016868735,24752975584,6337593344,3213099008,23742003491,2584281088,0,0,153944064,
2026-09-12T20:49:31Z,7A84D6F5-3851-47BC-B996-C2E1AA339724,359,decoding,periodic,345624.743,20989098975,1916762599,24752975584,6337593344,3213099008,23742003491,2584281088,0,0,153944064,
2026-09-12T20:49:32Z,7A84D6F5-3851-47BC-B996-C2E1AA339724,360,decoding,periodic,346624.963,20885325495,1997220931,24856178400,6337593344,3213099008,23742003491,2584281088,0,0,153944064,
2026-09-12T20:49:33Z,7A84D6F5-3851-47BC-B996-C2E1AA339724,361,decoding,periodic,347628.706,20882570335,2053796127,24783498976,6337593344,3213099008,23742003491,2584281088,0,0,153944064,
2026-09-12T20:49:34Z,7A84D6F5-3851-47BC-B996-C2E1AA339724,362,decoding,periodic,348635.397,20975516671,1960849791,24783466208,6337593344,3213099008,23742003491,2584281088,0,0,153944064,
2026-09-12T20:49:35Z,7A84D6F5-3851-47BC-B996-C2E1AA339724,363,decoding,periodic,349656.231,20885292791,2051073671,24783498976,6337593344,3213099008,23742003491,2584281088,0,0,153944064,
2026-09-12T20:49:36Z,7A84D6F5-3851-47BC-B996-C2E1AA339724,364,decoding,periodic,350659.125,20882553951,2053812511,24783466208,6337593344,3213099008,23742003491,2584281088,0,0,153944064,
2026-09-12T20:49:37Z,7A84D6F5-3851-47BC-B996-C2E1AA339724,365,decoding,periodic,351666.677,20979645431,1956721031,24783482592,6337593344,3213099008,23742003491,2584281088,0,0,153944064,
2026-09-12T20:49:38Z,7A84D6F5-3851-47BC-B996-C2E1AA339724,366,decoding,periodic,352667.064,21399930559,2102666959,25011547872,6337593344,3213099008,23742003491,2584281088,0,0,153944064,
2026-09-12T20:49:39Z,7A84D6F5-3851-47BC-B996-C2E1AA339724,367,decoding,periodic,353678.508,20906507351,2050883943,24804536032,6337593344,3213099008,23742003491,2584281088,0,0,153944064,
2026-09-12T20:49:40Z,7A84D6F5-3851-47BC-B996-C2E1AA339724,368,decoding,periodic,354678.727,20999453687,1957937607,24804568800,6337593344,3213099008,23742003491,2584281088,0,0,153944064,
2026-09-12T20:49:41Z,7A84D6F5-3851-47BC-B996-C2E1AA339724,369,decoding,periodic,355690.570,20894825571,2062565723,24804568800,6337593344,3213099008,23742003491,2584281088,0,0,153944064,
2026-09-12T20:49:42Z,7A84D6F5-3851-47BC-B996-C2E1AA339724,370,decoding,periodic,356691.646,20976172047,1981227439,24804568800,6337593344,3213099008,23742003491,2584281088,0,0,153944064,
2026-09-12T20:49:43Z,7A84D6F5-3851-47BC-B996-C2E1AA339724,371,decoding,periodic,357715.735,20891810915,2065588571,24804568800,6337593344,3213099008,23742003491,2584281088,0,0,153944064,
2026-09-12T20:49:44Z,7A84D6F5-3851-47BC-B996-C2E1AA339724,372,decoding,periodic,358740.619,20902070007,2055329479,24804568800,6337593344,3213099008,23742003491,2584281088,0,0,153944064,
2026-09-12T20:49:45Z,7A84D6F5-3851-47BC-B996-C2E1AA339724,373,decoding,periodic,359754.850,20894825571,2062573915,24804601568,6337593344,3213099008,23742003491,2584281088,0,0,153944064,
2026-09-12T20:49:47Z,7A84D6F5-3851-47BC-B996-C2E1AA339724,374,decoding,periodic,360770.858,20884131407,2075209579,24806551264,6337593344,3213099008,23742003491,2584281088,0,0,153944064,
2026-09-12T20:49:48Z,7A84D6F5-3851-47BC-B996-C2E1AA339724,375,decoding,periodic,361774.052,20958084147,2001256839,24806567648,6337593344,3213099008,23742003491,2584281088,0,0,153944064,
2026-09-12T20:49:49Z,7A84D6F5-3851-47BC-B996-C2E1AA339724,376,decoding,periodic,362781.872,20918847223,2068813507,24834846432,6337593344,3213099008,23742003491,2584281088,0,0,153944064,
2026-09-12T20:49:50Z,7A84D6F5-3851-47BC-B996-C2E1AA339724,377,decoding,periodic,363784.184,20946484287,2041176443,24834846432,6337593344,3213099008,23742003491,2584281088,0,0,153944064,
2026-09-12T20:49:51Z,7A84D6F5-3851-47BC-B996-C2E1AA339724,378,decoding,periodic,364791.232,20918847223,2068813507,24834846432,6337593344,3213099008,23742003491,2584281088,0,0,153944064,
2026-09-12T20:49:52Z,7A84D6F5-3851-47BC-B996-C2E1AA339724,379,decoding,periodic,365791.883,20923284567,2067865955,24838336224,6337593344,3213099008,23742003491,2584281088,0,0,153944064,
2026-09-12T20:49:53Z,7A84D6F5-3851-47BC-B996-C2E1AA339724,380,decoding,periodic,366799.085,20969782311,2021368211,24838336224,6337593344,3213099008,23742003491,2584281088,0,0,153944064,
2026-09-12T20:49:54Z,7A84D6F5-3851-47BC-B996-C2E1AA339724,381,decoding,periodic,367799.943,20940045399,2047285999,24834617056,6337593344,3213099008,23742003491,2584281088,0,0,153944064,
2026-09-12T20:49:55Z,7A84D6F5-3851-47BC-B996-C2E1AA339724,382,decoding,periodic,368805.854,21009726479,2005592875,24862584544,6337593344,3213099008,23742003491,2584281088,0,0,153944064,
2026-09-12T20:49:56Z,7A84D6F5-3851-47BC-B996-C2E1AA339724,383,decoding,periodic,369806.829,21025848319,1989471035,24862617312,6337593344,3213099008,23742003491,2584281088,0,0,153944064,
2026-09-12T20:49:57Z,7A84D6F5-3851-47BC-B996-C2E1AA339724,384,decoding,periodic,370808.302,21002566679,2012752675,24862584544,6337593344,3213099008,23742003491,2584281088,0,0,153944064,
2026-09-12T20:49:58Z,7A84D6F5-3851-47BC-B996-C2E1AA339724,385,decoding,periodic,371816.261,20919777171,2088994727,24863960800,6337593344,3213099008,23742003491,2584281088,0,0,153944064,
2026-09-12T20:49:59Z,7A84D6F5-3851-47BC-B996-C2E1AA339724,386,decoding,periodic,372816.595,20948597835,2068120303,24863960800,6337593344,3213099008,23742003491,2584281088,0,0,153944064,
2026-09-12T20:50:00Z,7A84D6F5-3851-47BC-B996-C2E1AA339724,387,decoding,periodic,373819.869,20956855383,2054632779,24858783456,6337593344,3213099008,23742003491,2584281088,0,0,153944064,
2026-09-12T20:50:01Z,7A84D6F5-3851-47BC-B996-C2E1AA339724,388,decoding,periodic,374824.031,21026536455,1936864663,24810712800,6337593344,3213099008,23742003491,2584281088,0,0,153944064,
2026-09-12T20:50:02Z,7A84D6F5-3851-47BC-B996-C2E1AA339724,389,decoding,periodic,375829.730,21073469542,1965487416,24886193888,6337593344,3213099008,23742003491,2584281088,0,0,153944064,
2026-09-12T20:50:03Z,7A84D6F5-3851-47BC-B996-C2E1AA339724,390,decoding,periodic,376832.370,21000289319,2038667639,24886161120,6337593344,3213099008,23742003491,2584281088,0,0,153944064,
2026-09-12T20:50:04Z,7A84D6F5-3851-47BC-B996-C2E1AA339724,391,decoding,periodic,377855.750,20930722959,2108233999,24886161120,6337593344,3213099008,23742003491,2584281088,0,0,153944064,
2026-09-12T20:50:05Z,7A84D6F5-3851-47BC-B996-C2E1AA339724,392,decoding,periodic,378869.900,21038218243,2000738715,24886161120,6337593344,3213099008,23742003491,2584281088,0,0,153944064,
2026-09-12T20:50:06Z,7A84D6F5-3851-47BC-B996-C2E1AA339724,393,decoding,periodic,379874.033,20913366571,2125590387,24886161120,6337593344,3213099008,23742003491,2584281088,0,0,153944064,
2026-09-12T20:50:07Z,7A84D6F5-3851-47BC-B996-C2E1AA339724,394,decoding,periodic,380877.026,20969228023,2068496155,24884981472,6337576960,3213099008,23742003491,2584281088,0,0,153944064,
2026-09-12T20:50:08Z,7A84D6F5-3851-47BC-B996-C2E1AA339724,395,decoding,periodic,381880.428,20966505567,2088725935,24902463200,6337576960,3213099008,23742003491,2584281088,0,0,153944064,
2026-09-12T20:50:09Z,7A84D6F5-3851-47BC-B996-C2E1AA339724,396,decoding,periodic,382882.393,21071068147,1984163355,24902463200,6337576960,3213099008,23742003491,2584281088,0,0,153944064,
2026-09-12T20:50:10Z,7A84D6F5-3851-47BC-B996-C2E1AA339724,397,decoding,periodic,383903.166,20967291983,2087939519,24902430432,6337576960,3213099008,23742003491,2584281088,0,0,153944064,
2026-09-12T20:50:11Z,7A84D6F5-3851-47BC-B996-C2E1AA339724,398,decoding,periodic,384925.395,20969244407,1999512343,24815988448,6337576960,3213099008,23742003491,2584281088,0,0,153944064,
2026-09-12T20:50:12Z,7A84D6F5-3851-47BC-B996-C2E1AA339724,399,decoding,periodic,385927.467,20966505567,2002251183,24815955680,6337576960,3213099008,23742003491,2584281088,0,0,153944064,
2026-09-12T20:50:13Z,7A84D6F5-3851-47BC-B996-C2E1AA339724,400,decoding,periodic,386947.510,20969244407,1999512343,24815955680,6337576960,3213099008,23742003491,2584281088,0,0,153944064,
2026-09-12T20:50:14Z,7A84D6F5-3851-47BC-B996-C2E1AA339724,401,decoding,periodic,387950.659,20989705287,1979051463,24815955680,6337576960,3213099008,23742003491,2584281088,0,0,153944064,
2026-09-12T20:50:15Z,7A84D6F5-3851-47BC-B996-C2E1AA339724,402,decoding,periodic,388962.134,21596388375,2065346039,25334902496,6337576960,3213099008,23742003491,2584281088,0,0,153944064,
2026-09-12T20:50:16Z,7A84D6F5-3851-47BC-B996-C2E1AA339724,403,decoding,periodic,389968.862,20986038007,2078015259,24911310560,6337576960,3213099008,23742003491,2584281088,0,0,153944064,
2026-09-12T20:50:17Z,7A84D6F5-3851-47BC-B996-C2E1AA339724,404,decoding,periodic,390986.486,20990475351,1998717879,24836402912,6337576960,3213099008,23742003491,2584281088,0,0,153944064,
2026-09-12T20:50:18Z,7A84D6F5-3851-47BC-B996-C2E1AA339724,405,decoding,periodic,391986.980,21018098747,1971094483,24836419296,6337576960,3213099008,23742003491,2584281088,0,0,153944064,
2026-09-12T20:50:19Z,7A84D6F5-3851-47BC-B996-C2E1AA339724,406,decoding,periodic,392996.621,20986038007,2003155223,24836419296,6337576960,3213099008,23742003491,2584281088,0,0,153944064,
2026-09-12T20:50:20Z,7A84D6F5-3851-47BC-B996-C2E1AA339724,407,decoding,periodic,393999.883,20983299167,2010629039,24841154272,6337576960,3213099008,23742003491,2584281088,0,0,153944064,
2026-09-12T20:50:21Z,7A84D6F5-3851-47BC-B996-C2E1AA339724,408,decoding,periodic,395025.665,20986038007,2007890199,24841154272,6337576960,3213099008,23742003491,2584281088,0,0,153944064,
2026-09-12T20:50:22Z,7A84D6F5-3851-47BC-B996-C2E1AA339724,409,decoding,periodic,396033.168,21013658687,1980269519,24841187040,6337576960,3213099008,23742003491,2584281088,0,0,153944064,
2026-09-12T20:50:23Z,7A84D6F5-3851-47BC-B996-C2E1AA339724,410,decoding,periodic,397054.323,20986038007,2007890199,24841187040,6337576960,3213099008,23742003491,2584281088,0,0,153944064,
2026-09-12T20:50:24Z,7A84D6F5-3851-47BC-B996-C2E1AA339724,411,decoding,periodic,398065.676,21084012022,1909056400,24840351456,6337576960,3213099008,23742003491,2584281088,0,0,153944064,
2026-09-12T20:50:25Z,7A84D6F5-3851-47BC-B996-C2E1AA339724,412,decoding,periodic,399067.296,21001223235,1989600575,24838106848,6337576960,3213099008,23742003491,2584281088,0,0,153944064,
2026-09-12T20:50:26Z,7A84D6F5-3851-47BC-B996-C2E1AA339724,413,decoding,periodic,400087.972,21113945043,1902272431,24863452896,6337576960,3213099008,23742003491,2584281088,0,0,153944064,
2026-09-12T20:50:27Z,7A84D6F5-3851-47BC-B996-C2E1AA339724,414,decoding,periodic,401107.756,20997356619,2018860855,24863518432,6337576960,3213099008,23742003491,2584281088,0,0,153944064,
2026-09-12T20:50:28Z,7A84D6F5-3851-47BC-B996-C2E1AA339724,415,decoding,periodic,402108.360,21001272387,2014945087,24863518432,6337576960,3213099008,23742003491,2584281088,0,0,153944064,
2026-09-12T20:50:29Z,7A84D6F5-3851-47BC-B996-C2E1AA339724,416,decoding,periodic,403116.522,21082913775,1933836179,24864059104,6337576960,3213099008,23742003491,2584281088,0,0,153944064,
2026-09-12T20:50:30Z,7A84D6F5-3851-47BC-B996-C2E1AA339724,417,decoding,periodic,404126.437,20963746595,2053003359,24863993568,6337576960,3213099008,23742003491,2584281088,0,0,153944064,
2026-09-12T20:50:31Z,7A84D6F5-3851-47BC-B996-C2E1AA339724,418,decoding,periodic,405128.180,21036268575,1980481379,24863993568,6337576960,3213099008,23742003491,2584281088,0,0,153944064,
2026-09-12T20:50:32Z,7A84D6F5-3851-47BC-B996-C2E1AA339724,419,decoding,periodic,406143.409,20993492723,2023257231,24863878880,6337576960,3213099008,23742003491,2584281088,0,0,153944064,
2026-09-12T20:50:33Z,7A84D6F5-3851-47BC-B996-C2E1AA339724,420,decoding,periodic,407171.856,21010384627,2006175827,24863764192,6337576960,3213099008,23742003491,2584281088,0,0,153944064,
2026-09-12T20:50:34Z,7A84D6F5-3851-47BC-B996-C2E1AA339724,421,decoding,periodic,408176.477,21029633079,1986927375,24863764192,6337576960,3213099008,23742003491,2584281088,0,0,153944064,
2026-09-12T20:50:35Z,7A84D6F5-3851-47BC-B996-C2E1AA339724,422,decoding,periodic,409207.724,21010450099,2031487633,24889061088,6337576960,3213099008,23742003491,2584281088,0,0,153944064,
2026-09-12T20:50:36Z,7A84D6F5-3851-47BC-B996-C2E1AA339724,423,decoding,periodic,410219.654,21018033219,2023904513,24889077472,6337576960,3213099008,23742003491,2584281088,0,0,153944064,
2026-09-12T20:50:37Z,7A84D6F5-3851-47BC-B996-C2E1AA339724,424,decoding,periodic,411243.779,21010384627,2031553105,24889077472,6337576960,3213099008,23742003491,2584281088,0,0,153944064,
2026-09-12T20:50:38Z,7A84D6F5-3851-47BC-B996-C2E1AA339724,425,decoding,periodic,412249.936,21085329410,1956608322,24889077472,6337576960,3213099008,23742003491,2584281088,0,0,153944064,
2026-09-12T20:50:39Z,7A84D6F5-3851-47BC-B996-C2E1AA339724,426,decoding,periodic,413253.108,21029698615,2012239117,24889093856,6337576960,3213099008,23742003491,2584281088,0,0,153944064,
2026-09-12T20:50:40Z,7A84D6F5-3851-47BC-B996-C2E1AA339724,427,decoding,periodic,414258.613,21034826819,2007372382,24889470688,6337576960,3213099008,23742003491,2584281088,0,0,153944064,
2026-09-12T20:50:41Z,7A84D6F5-3851-47BC-B996-C2E1AA339724,428,decoding,periodic,415288.213,21027129075,2015070126,24889405152,6337576960,3213099008,23742003491,2584281088,0,0,153944064,
2026-09-12T20:50:42Z,7A84D6F5-3851-47BC-B996-C2E1AA339724,429,decoding,periodic,416291.584,21034826819,2032258142,24914308832,6337576960,3213099008,23742003491,2584281088,0,0,153944064,
2026-09-12T20:50:43Z,7A84D6F5-3851-47BC-B996-C2E1AA339724,430,decoding,periodic,417315.536,21156625351,1910459610,24914243296,6337576960,3213099008,23742003491,2584281088,0,0,153944064,
2026-09-12T20:50:44Z,7A84D6F5-3851-47BC-B996-C2E1AA339724,431,decoding,periodic,418317.237,21034826819,2032258142,24914243296,6337576960,3213099008,23742003491,2584281088,0,0,153944064,
2026-09-12T20:50:45Z,7A84D6F5-3851-47BC-B996-C2E1AA339724,432,decoding,periodic,419335.186,21151349707,1915735254,24914308832,6337576960,3213099008,23742003491,2584281088,0,0,153944064,
2026-09-12T20:50:46Z,7A84D6F5-3851-47BC-B996-C2E1AA339724,433,decoding,periodic,420359.575,21004089247,2063931142,24915226336,6337576960,3213099008,23742003491,2584281088,0,0,153944064,
2026-09-12T20:50:47Z,7A84D6F5-3851-47BC-B996-C2E1AA339724,434,decoding,periodic,421366.495,21064399919,2003620470,24915291872,6337576960,3213099008,23742003491,2584281088,0,0,153944064,
2026-09-12T20:50:48Z,7A84D6F5-3851-47BC-B996-C2E1AA339724,435,decoding,periodic,422373.901,21109914623,1977715894,24934805216,6337576960,3213099008,23742003491,2584281088,0,0,153944064,
2026-09-12T20:50:49Z,7A84D6F5-3851-47BC-B996-C2E1AA339724,436,decoding,periodic,423378.577,21164325835,1923304682,24934821600,6337576960,3213099008,23742003491,2584281088,0,0,153944064,
2026-09-12T20:50:50Z,7A84D6F5-3851-47BC-B996-C2E1AA339724,437,decoding,periodic,424391.527,21034187847,2053442670,24934854368,6337576960,3213099008,23742003491,2584281088,0,0,153944064,
2026-09-12T20:50:51Z,7A84D6F5-3851-47BC-B996-C2E1AA339724,438,decoding,periodic,425394.666,21098265611,1989364906,24934887136,6337576960,3213099008,23742003491,2584281088,0,0,153944064,
2026-09-12T20:50:52Z,7A84D6F5-3851-47BC-B996-C2E1AA339724,439,decoding,periodic,426399.844,21179857847,1907772670,24934870752,6337576960,3213099008,23742003491,2584281088,0,0,153944064,
2026-09-12T20:50:53Z,7A84D6F5-3851-47BC-B996-C2E1AA339724,440,decoding,periodic,427410.455,21172992983,1920461163,24940752608,6337576960,3213099008,23742003491,2584281088,0,0,153944064,
2026-09-12T20:50:54Z,7A84D6F5-3851-47BC-B996-C2E1AA339724,441,decoding,periodic,428416.461,21045017691,2072240871,24964509408,6337576960,3213099008,23742003491,2584281088,0,0,153944064,
2026-09-12T20:50:55Z,7A84D6F5-3851-47BC-B996-C2E1AA339724,442,decoding,periodic,429428.508,21149711343,1967547219,24964509408,6337576960,3213099008,23742003491,2584281088,0,0,153944064,
2026-09-12T20:50:56Z,7A84D6F5-3851-47BC-B996-C2E1AA339724,443,decoding,periodic,430433.149,21146066350,1971192212,24964542176,6337576960,3213099008,23742003491,2584281088,0,0,153944064,
2026-09-12T20:50:57Z,7A84D6F5-3851-47BC-B996-C2E1AA339724,444,decoding,periodic,431445.187,21068299323,2048967431,24964542176,6337576960,3213099008,23742003491,2584281088,0,0,153944064,
2026-09-12T20:50:58Z,7A84D6F5-3851-47BC-B996-C2E1AA339724,445,decoding,periodic,432448.895,21103098911,2014167843,24964574944,6337576960,3213099008,23742003491,2584281088,0,0,153944064,
2026-09-12T20:50:59Z,7A84D6F5-3851-47BC-B996-C2E1AA339724,446,decoding,periodic,433470.228,21085174851,2033946567,24966442720,6337576960,3213099008,23742003491,2584281088,0,0,153944064,
2026-09-12T20:51:00Z,7A84D6F5-3851-47BC-B996-C2E1AA339724,447,decoding,periodic,434473.886,21139258383,2003143159,24989675232,6337576960,3213099008,23742003491,2584281088,0,0,153944064,
2026-09-12T20:51:01Z,7A84D6F5-3851-47BC-B996-C2E1AA339724,448,decoding,periodic,435486.801,21037660051,2104741491,24989708000,6337576960,3213099008,23742003491,2584281088,0,0,153944064,
2026-09-12T20:51:02Z,7A84D6F5-3851-47BC-B996-C2E1AA339724,449,decoding,periodic,436494.197,21084978243,2057423299,24989642464,6337576960,3213099008,23742003491,2584281088,0,0,153944064,
2026-09-12T20:51:03Z,7A84D6F5-3851-47BC-B996-C2E1AA339724,450,decoding,periodic,437523.896,21101788159,2065794559,25014939360,6337576960,3213099008,23742003491,2584281088,0,0,153944064,
2026-09-12T20:51:04Z,7A84D6F5-3851-47BC-B996-C2E1AA339724,451,decoding,periodic,438533.107,21194963935,1972618783,25014939360,6337576960,3213099008,23742003491,2584281088,0,0,153944064,
2026-09-12T20:51:05Z,7A84D6F5-3851-47BC-B996-C2E1AA339724,452,decoding,periodic,439546.474,21078621271,2088961447,25014873824,6337576960,3213099008,23742003491,2584281088,0,0,153944064,
2026-09-12T20:51:06Z,7A84D6F5-3851-47BC-B996-C2E1AA339724,453,decoding,periodic,440548.889,21136964627,2030618091,25014873824,6337576960,3213099008,23742003491,2584281088,0,0,153944064,
2026-09-12T20:51:07Z,7A84D6F5-3851-47BC-B996-C2E1AA339724,454,decoding,periodic,441557.525,21194963935,1972618783,25014873824,6337576960,3213099008,23742003491,2584281088,0,0,153944064,
2026-09-12T20:51:08Z,7A84D6F5-3851-47BC-B996-C2E1AA339724,455,decoding,periodic,442582.294,21223406415,2024672387,25095417568,6337576960,3213099008,23742003491,2584281088,0,0,153944064,
2026-09-12T20:51:09Z,7A84D6F5-3851-47BC-B996-C2E1AA339724,456,decoding,periodic,443583.369,21184478203,1985874899,25017757408,6337560576,3213099008,23742003491,2584281088,0,0,153944064,
2026-09-12T20:51:10Z,7A84D6F5-3851-47BC-B996-C2E1AA339724,457,decoding,periodic,444600.599,21110834931,2076949207,25035140832,6337560576,3213099008,23742003491,2584281088,0,0,153944064,
2026-09-12T20:51:11Z,7A84D6F5-3851-47BC-B996-C2E1AA339724,458,decoding,periodic,445607.202,21118663751,2069120387,25035124448,6337560576,3213099008,23742003491,2584281088,0,0,153944064,
2026-09-12T20:51:12Z,7A84D6F5-3851-47BC-B996-C2E1AA339724,459,decoding,periodic,446608.128,21176679435,2011104703,25035140832,6337560576,3213099008,23742003491,2584281088,0,0,153944064,
2026-09-12T20:51:13Z,7A84D6F5-3851-47BC-B996-C2E1AA339724,460,decoding,periodic,447621.065,21110884095,2081635019,25039859424,6337560576,3213099008,23742003491,2584281088,0,0,153944064,
2026-09-12T20:51:14Z,7A84D6F5-3851-47BC-B996-C2E1AA339724,461,decoding,periodic,448628.413,21118581819,2073937295,25039859424,6337560576,3213099008,23742003491,2584281088,0,0,153944064,
2026-09-12T20:51:15Z,7A84D6F5-3851-47BC-B996-C2E1AA339724,462,decoding,periodic,449652.438,21224504267,1968014847,25039859424,6337560576,3213099008,23742003491,2584281088,0,0,153944064,
2026-09-12T20:51:16Z,7A84D6F5-3851-47BC-B996-C2E1AA339724,463,decoding,periodic,450679.545,21118581831,2073937283,25039908576,6337560576,3213099008,23742003491,2584281088,0,0,153944064,
2026-09-12T20:51:17Z,7A84D6F5-3851-47BC-B996-C2E1AA339724,464,decoding,periodic,451683.944,21100526527,1991328343,24939179744,6337560576,3213099008,23742003491,2584281088,0,0,153944064,
2026-09-12T20:51:18Z,7A84D6F5-3851-47BC-B996-C2E1AA339724,465,decoding,periodic,452706.848,21208004303,2113941876,25169276640,6337560576,3213099008,23742003491,2584281088,0,0,153944064,
2026-09-12T20:51:19Z,7A84D6F5-3851-47BC-B996-C2E1AA339724,466,decoding,periodic,453713.389,21252062083,1864584906,24964017888,6337560576,3213099008,23742003491,2584281088,0,0,153944064,
2026-09-12T20:51:20Z,7A84D6F5-3851-47BC-B996-C2E1AA339724,467,decoding,periodic,454743.139,21135375355,1981271634,24964116192,6337560576,3213099008,23742003491,2584281088,0,0,153944064,
2026-09-12T20:51:21Z,7A84D6F5-3851-47BC-B996-C2E1AA339724,468,decoding,periodic,455748.665,21213035439,1903611550,24964165344,6337560576,3213099008,23742003491,2584281088,0,0,153944064,
2026-09-12T20:51:22Z,7A84D6F5-3851-47BC-B996-C2E1AA339724,469,decoding,periodic,456751.841,21079930771,2036716218,24964099808,6337560576,3213099008,23742003491,2584281088,0,0,153944064,
2026-09-12T20:51:23Z,7A84D6F5-3851-47BC-B996-C2E1AA339724,470,decoding,periodic,457761.104,21135457275,1981189714,24964067040,6337560576,3213099008,23742003491,2584281088,0,0,153944064,
2026-09-12T20:51:24Z,7A84D6F5-3851-47BC-B996-C2E1AA339724,471,decoding,periodic,458761.337,21178121171,1938525818,24964050656,6337560576,3213099008,23742003491,2584281088,0,0,153944064,
2026-09-12T20:51:26Z,7A84D6F5-3851-47BC-B996-C2E1AA339724,472,decoding,periodic,459778.419,21127694003,1988952986,24964050656,6337560576,3213099008,23742003491,2584281088,0,0,153944064,
2026-09-12T20:51:27Z,7A84D6F5-3851-47BC-B996-C2E1AA339724,473,decoding,periodic,460788.101,21135522811,1981124178,24964050656,6337560576,3213099008,23742003491,2584281088,0,0,153944064,
2026-09-12T20:51:28Z,7A84D6F5-3851-47BC-B996-C2E1AA339724,474,decoding,periodic,461789.198,21182004171,1934642818,24964050656,6337560576,3213099008,23742003491,2584281088,0,0,153944064,
2026-09-12T20:51:29Z,7A84D6F5-3851-47BC-B996-C2E1AA339724,475,decoding,periodic,462791.694,21152545783,1980023002,24979975904,6337560576,3213099008,23742003491,2584281088,0,0,153944064,
2026-09-12T20:51:30Z,7A84D6F5-3851-47BC-B996-C2E1AA339724,476,decoding,periodic,463792.231,21175516199,1965899962,24988823264,6337560576,3213099008,23742003491,2584281088,0,0,153944064,
2026-09-12T20:51:31Z,7A84D6F5-3851-47BC-B996-C2E1AA339724,477,decoding,periodic,464794.848,21171518511,1969897650,24988839648,6337560576,3213099008,23742003491,2584281088,0,0,153944064,
2026-09-12T20:51:32Z,7A84D6F5-3851-47BC-B996-C2E1AA339724,478,decoding,periodic,465796.845,21229878251,1911701750,24989003488,6337560576,3213099008,23742003491,2584281088,0,0,153944064,
2026-09-12T20:51:33Z,7A84D6F5-3851-47BC-B996-C2E1AA339724,479,decoding,periodic,466800.305,21233244797,1908335204,24989003488,6337560576,3213099008,23742003491,2584281088,0,0,153944064,
2026-09-12T20:51:34Z,7A84D6F5-3851-47BC-B996-C2E1AA339724,480,decoding,periodic,467806.613,21146729535,1994850466,24989003488,6337560576,3213099008,23742003491,2584281088,0,0,153944064,
2026-09-12T20:51:35Z,7A84D6F5-3851-47BC-B996-C2E1AA339724,481,decoding,periodic,468832.636,21257075667,1884504334,24989069024,6337560576,3213099008,23742003491,2584281088,0,0,153944064,
2026-09-12T20:51:36Z,7A84D6F5-3851-47BC-B996-C2E1AA339724,482,decoding,periodic,469834.600,21144897267,1996682734,24989036256,6337560576,3213099008,23742003491,2584281088,0,0,153944064,
2026-09-12T20:51:37Z,7A84D6F5-3851-47BC-B996-C2E1AA339724,483,decoding,periodic,470837.256,21210414083,1931165918,24989822688,6337560576,3213099008,23742003491,2584281088,0,0,153944064,
2026-09-12T20:51:38Z,7A84D6F5-3851-47BC-B996-C2E1AA339724,484,decoding,periodic,471840.479,21268806599,1872773402,24989855456,6337560576,3213099008,23742003491,2584281088,0,0,153944064,
2026-09-12T20:51:39Z,7A84D6F5-3851-47BC-B996-C2E1AA339724,485,decoding,periodic,472842.682,21191916459,2047674438,25087864544,6337560576,3213099008,23742003491,2584281088,0,0,153944064,
2026-09-12T20:51:40Z,7A84D6F5-3851-47BC-B996-C2E1AA339724,486,decoding,periodic,473847.904,21238594415,1898759374,24985546464,6337560576,3213099008,23742003491,2584281088,0,0,153944064,
2026-09-12T20:51:41Z,7A84D6F5-3851-47BC-B996-C2E1AA339724,487,decoding,periodic,474853.862,21204007827,1933345962,24985530080,6337560576,3213099008,23742003491,2584281088,0,0,153944064,
2026-09-12T20:51:42Z,7A84D6F5-3851-47BC-B996-C2E1AA339724,488,decoding,periodic,475859.014,21223046019,1961657530,25032879840,6337560576,3213099008,23742003491,2584281088,0,0,153944064,
2026-09-12T20:51:43Z,7A84D6F5-3851-47BC-B996-C2E1AA339724,489,decoding,periodic,476860.632,21281454919,1903249578,25033010912,6337560576,3213099008,23742003491,2584281088,0,0,153944064,
2026-09-12T20:51:44Z,7A84D6F5-3851-47BC-B996-C2E1AA339724,490,decoding,periodic,477874.309,21285255999,1899448498,25032994528,6337560576,3213099008,23742003491,2584281088,0,0,153944064,
2026-09-12T20:51:45Z,7A84D6F5-3851-47BC-B996-C2E1AA339724,491,decoding,periodic,478882.576,21293103931,1891600566,25032847072,6337560576,3213099008,23742003491,2584281088,0,0,153944064,
2026-09-12T20:51:46Z,7A84D6F5-3851-47BC-B996-C2E1AA339724,492,decoding,periodic,479887.189,21157280719,2027423778,25032994528,6337560576,3213099008,23742003491,2584281088,0,0,153944064,
2026-09-12T20:51:47Z,7A84D6F5-3851-47BC-B996-C2E1AA339724,493,decoding,periodic,480890.983,21211397007,1973307490,25033092832,6337560576,3213099008,23742003491,2584281088,0,0,153944064,
2026-09-12T20:51:48Z,7A84D6F5-3851-47BC-B996-C2E1AA339724,494,decoding,periodic,481905.240,21296905011,1887799486,25033092832,6337560576,3213099008,23742003491,2584281088,0,0,153944064,
2026-09-12T20:51:49Z,7A84D6F5-3851-47BC-B996-C2E1AA339724,495,decoding,periodic,482916.642,21267004335,1903184343,25018478304,6337560576,3213099008,23742003491,2584281088,0,0,153944064,
2026-09-12T20:51:50Z,7A84D6F5-3851-47BC-B996-C2E1AA339724,496,decoding,periodic,483919.826,21122463535,2047725143,25018642144,6337560576,3213099008,23742003491,2584281088,0,0,153944064,
2026-09-12T20:51:51Z,7A84D6F5-3851-47BC-B996-C2E1AA339724,497,decoding,periodic,484920.575,21093977840,2123560598,25065991904,6337560576,3213099008,23742003491,2584281088,0,0,153944064,
2026-09-12T20:51:52Z,7A84D6F5-3851-47BC-B996-C2E1AA339724,498,decoding,periodic,485926.389,21211942346,1977856444,25038057184,6337560576,3213099008,23742003491,2584281088,0,0,153944064,
2026-09-12T20:51:53Z,7A84D6F5-3851-47BC-B996-C2E1AA339724,499,decoding,periodic,486927.198,21251546446,1938252344,25038040800,6337560576,3213099008,23742003491,2584281088,0,0,153944064,
2026-09-12T20:51:54Z,7A84D6F5-3851-47BC-B996-C2E1AA339724,500,decoding,periodic,487932.045,21208759199,1981039591,25038204640,6337560576,3213099008,23742003491,2584281088,0,0,153944064,
2026-09-12T20:51:55Z,7A84D6F5-3851-47BC-B996-C2E1AA339724,501,decoding,periodic,488933.888,21160265219,2030057859,25038728928,6337560576,3213099008,23742003491,2584281088,0,0,153944064,
2026-09-12T20:51:56Z,7A84D6F5-3851-47BC-B996-C2E1AA339724,502,decoding,periodic,489934.122,21185461175,2004861903,25038630624,6337560576,3213099008,23742003491,2584281088,0,0,153944064,
2026-09-12T20:51:57Z,7A84D6F5-3851-47BC-B996-C2E1AA339724,503,decoding,periodic,490935.577,21209037727,1981285351,25038565088,6337560576,3213099008,23742003491,2584281088,0,0,153944064,
2026-09-12T20:51:58Z,7A84D6F5-3851-47BC-B996-C2E1AA339724,504,decoding,periodic,491936.508,21624994727,2094859243,25567719136,6337560576,3213099008,23742003491,2584281088,0,0,153944064,
2026-09-12T20:51:59Z,7A84D6F5-3851-47BC-B996-C2E1AA339724,505,decoding,periodic,492940.898,21178923983,2016306410,25043693280,6337560576,3213099008,23742003491,2584281088,0,0,153944064,
2026-09-12T20:52:00Z,7A84D6F5-3851-47BC-B996-C2E1AA339724,506,decoding,periodic,493947.968,21190638531,2004591862,25043676896,6337560576,3213099008,23742003491,2584281088,0,0,153944064,
2026-09-12T20:52:01Z,7A84D6F5-3851-47BC-B996-C2E1AA339724,507,decoding,periodic,494951.913,21225339807,1989500698,25063091936,6337560576,3213099008,23742003491,2584281088,0,0,153944064,
2026-09-12T20:52:02Z,7A84D6F5-3851-47BC-B996-C2E1AA339724,508,decoding,periodic,495954.892,21208333235,2006507270,25063059168,6337560576,3213099008,23742003491,2584281088,0,0,153944064,
2026-09-12T20:52:03Z,7A84D6F5-3851-47BC-B996-C2E1AA339724,509,decoding,periodic,496955.079,21237021587,1977818918,25063239392,6337560576,3213099008,23742003491,2584281088,0,0,153944064,
2026-09-12T20:52:04Z,7A84D6F5-3851-47BC-B996-C2E1AA339724,510,decoding,periodic,497983.399,21280595271,1934253426,25063272160,6337560576,3213099008,23742003491,2584281088,0,0,153944064,
2026-09-12T20:52:05Z,7A84D6F5-3851-47BC-B996-C2E1AA339724,511,decoding,periodic,498984.009,21178961350,2035887347,25063272160,6337560576,3213099008,23742003491,2584281088,0,0,153944064,
2026-09-12T20:52:06Z,7A84D6F5-3851-47BC-B996-C2E1AA339724,512,decoding,periodic,499993.189,21225339875,1989508822,25063124704,6337560576,3213099008,23742003491,2584281088,0,0,153944064,
2026-09-12T20:52:07Z,7A84D6F5-3851-47BC-B996-C2E1AA339724,513,decoding,periodic,500994.554,21360489133,1836186508,25163706080,6337560576,3213099008,23742003491,2584281088,0,0,153944064,
2026-09-12T20:52:08Z,7A84D6F5-3851-47BC-B996-C2E1AA339724,514,decoding,periodic,501997.218,21207284671,2027356290,25082932960,6337560576,3213099008,23742003491,2584281088,0,0,153944064,
2026-09-12T20:52:09Z,7A84D6F5-3851-47BC-B996-C2E1AA339724,515,decoding,periodic,503006.746,21248342943,1986298018,25082932960,6337560576,3213099008,23742003491,2584281088,0,0,153944064,
2026-09-12T20:52:10Z,7A84D6F5-3851-47BC-B996-C2E1AA339724,516,decoding,periodic,504020.002,21258877827,1980776638,25087946464,6337560576,3213099008,23742003491,2584281088,0,0,153944064,
2026-09-12T20:52:11Z,7A84D6F5-3851-47BC-B996-C2E1AA339724,517,decoding,periodic,505024.487,21308111727,1931542738,25087962848,6337560576,3213099008,23742003491,2584281088,0,0,153944064,
2026-09-12T20:52:12Z,7A84D6F5-3851-47BC-B996-C2E1AA339724,518,decoding,periodic,506040.208,21277211511,1962442954,25087962848,6337560576,3213099008,23742003491,2584281088,0,0,153944064,
2026-09-12T20:52:13Z,7A84D6F5-3851-47BC-B996-C2E1AA339724,519,decoding,periodic,507045.577,21300280159,1939374306,25087979232,6337560576,3213099008,23742003491,2584281088,0,0,153944064,
2026-09-12T20:52:14Z,7A84D6F5-3851-47BC-B996-C2E1AA339724,520,decoding,periodic,508082.827,21335587643,1904066822,25088143072,6337560576,3213099008,23742003491,2584281088,0,0,153944064,
2026-09-12T20:52:15Z,7A84D6F5-3851-47BC-B996-C2E1AA339724,521,decoding,periodic,509103.568,21228291775,2017181343,25094008544,6337560576,3213099008,23742003491,2584281088,0,0,153944064,
2026-09-12T20:52:16Z,7A84D6F5-3851-47BC-B996-C2E1AA339724,522,decoding,periodic,510105.270,21235727299,2009745819,25094008544,6337560576,3213099008,23742003491,2584281088,0,0,153944064,
2026-09-12T20:52:17Z,7A84D6F5-3851-47BC-B996-C2E1AA339724,523,decoding,periodic,511139.758,21228291771,2035742883,25112522464,6337560576,3213099008,23742003491,2584281088,0,0,153944064,
2026-09-12T20:52:18Z,7A84D6F5-3851-47BC-B996-C2E1AA339724,524,decoding,periodic,512145.455,21197978927,2066055727,25112522464,6337560576,3213099008,23742003491,2584281088,0,0,153944064,
2026-09-12T20:52:19Z,7A84D6F5-3851-47BC-B996-C2E1AA339724,525,decoding,periodic,513155.542,21244427171,2019607483,25112522464,6337560576,3213099008,23742003491,2584281088,0,0,153944064,
2026-09-12T20:52:20Z,7A84D6F5-3851-47BC-B996-C2E1AA339724,526,decoding,periodic,514162.206,21282126723,1981907931,25112375008,6337560576,3213099008,23742003491,2584281088,0,0,153944064,
2026-09-12T20:52:21Z,7A84D6F5-3851-47BC-B996-C2E1AA339724,527,decoding,periodic,515170.116,21324954471,1939080183,25112375008,6337560576,3213099008,23742003491,2584281088,0,0,153944064,
2026-09-12T20:52:22Z,7A84D6F5-3851-47BC-B996-C2E1AA339724,528,decoding,periodic,516179.171,21333916483,1930118171,25112375008,6337560576,3213099008,23742003491,2584281088,0,0,153944064,
2026-09-12T20:52:23Z,7A84D6F5-3851-47BC-B996-C2E1AA339724,529,decoding,periodic,517186.149,21328755539,1935279115,25112391392,6337560576,3213099008,23742003491,2584281088,0,0,153944064,
2026-09-12T20:52:24Z,7A84D6F5-3851-47BC-B996-C2E1AA339724,530,decoding,periodic,518189.403,21322103659,1948525090,25119190752,6337560576,3213099008,23742003491,2584281088,0,0,153944064,
2026-09-12T20:52:25Z,7A84D6F5-3851-47BC-B996-C2E1AA339724,531,decoding,periodic,519208.266,21380414255,1890214494,25119190752,6337560576,3213099008,23742003491,2584281088,0,0,153944064,
2026-09-12T20:52:26Z,7A84D6F5-3851-47BC-B996-C2E1AA339724,532,decoding,periodic,520214.341,21368765243,1919899806,25137032928,6337560576,3213099008,23742003491,2584281088,0,0,153944064,
2026-09-12T20:52:27Z,7A84D6F5-3851-47BC-B996-C2E1AA339724,533,decoding,periodic,521216.038,21369060163,1919605834,25137032928,6337560576,3213099008,23742003491,2584281088,0,0,153944064,
2026-09-12T20:52:28Z,7A84D6F5-3851-47BC-B996-C2E1AA339724,534,decoding,periodic,522229.793,21365914423,1922751574,25137098464,6337560576,3213099008,23742003491,2584281088,0,0,153944064,
2026-09-12T20:52:29Z,7A84D6F5-3851-47BC-B996-C2E1AA339724,535,decoding,periodic,523234.355,21353233231,1935432766,25137098464,6337560576,3213099008,23742003491,2584281088,0,0,153944064,
2026-09-12T20:52:30Z,7A84D6F5-3851-47BC-B996-C2E1AA339724,536,decoding,periodic,524243.493,21345385299,1943288890,25137016544,6337560576,3213099008,23742003491,2584281088,0,0,153944064,
2026-09-12T20:52:31Z,7A84D6F5-3851-47BC-B996-C2E1AA339724,537,decoding,periodic,525272.463,21370059599,1925698051,25144241888,6337560576,3213099008,23742003491,2584281088,0,0,153944064,
2026-09-12T20:52:32Z,7A84D6F5-3851-47BC-B996-C2E1AA339724,538,decoding,periodic,526287.280,21355520363,1940237287,25144307424,6337560576,3213099008,23742003491,2584281088,0,0,153944064,
2026-09-12T20:52:33Z,7A84D6F5-3851-47BC-B996-C2E1AA339724,539,decoding,periodic,527293.868,21397240623,1916029987,25161789152,6337560576,3213099008,23742003491,2584281088,0,0,153944064,
2026-09-12T20:52:34Z,7A84D6F5-3851-47BC-B996-C2E1AA339724,540,decoding,periodic,528300.335,21261911727,2051358883,25161641696,6337560576,3213099008,23742003491,2584281088,0,0,153944064,
2026-09-12T20:52:35Z,7A84D6F5-3851-47BC-B996-C2E1AA339724,541,decoding,periodic,529307.911,21177314996,2135955614,25161740000,6337560576,3213099008,23742003491,2584281088,0,0,153944064,
2026-09-12T20:52:36Z,7A84D6F5-3851-47BC-B996-C2E1AA339724,542,decoding,periodic,530312.291,21261780655,2051489955,25161641696,6337560576,3213099008,23742003491,2584281088,0,0,153944064,
2026-09-12T20:52:37Z,7A84D6F5-3851-47BC-B996-C2E1AA339724,543,decoding,periodic,531321.868,21231640307,2081630303,25161641696,6337560576,3213099008,23742003491,2584281088,0,0,153944064,
2026-09-12T20:52:38Z,7A84D6F5-3851-47BC-B996-C2E1AA339724,544,decoding,periodic,532323.881,21253651399,2059619211,25161641696,6337560576,3213099008,23742003491,2584281088,0,0,153944064,
2026-09-12T20:52:39Z,7A84D6F5-3851-47BC-B996-C2E1AA339724,545,decoding,periodic,533329.854,21393619847,1930633722,25169538784,6337560576,3213099008,23742003491,2584281088,0,0,153944064,
2026-09-12T20:52:40Z,7A84D6F5-3851-47BC-B996-C2E1AA339724,546,decoding,periodic,534349.169,21402680123,1937203782,25188413152,6337560576,3213099008,23742003491,2584281088,0,0,153944064,
2026-09-12T20:52:41Z,7A84D6F5-3851-47BC-B996-C2E1AA339724,547,decoding,periodic,535351.316,21372533587,1967350318,25188331232,6337560576,3213099008,23742003491,2584281088,0,0,153944064,
2026-09-12T20:52:42Z,7A84D6F5-3851-47BC-B996-C2E1AA339724,548,decoding,periodic,536375.864,21278541487,2059391182,25186397920,6337560576,3213099008,23742003491,2584281088,0,0,153944064,
2026-09-12T20:52:43Z,7A84D6F5-3851-47BC-B996-C2E1AA339724,549,decoding,periodic,537381.110,21379005267,1958927402,25186332384,6337560576,3213099008,23742003491,2584281088,0,0,153944064,
2026-09-12T20:52:44Z,7A84D6F5-3851-47BC-B996-C2E1AA339724,550,decoding,periodic,538388.156,21390654279,1947278390,25186512608,6337560576,3213099008,23742003491,2584281088,0,0,153944064,
2026-09-12T20:52:45Z,7A84D6F5-3851-47BC-B996-C2E1AA339724,551,decoding,periodic,539416.069,21218948911,2118983758,25186299616,6337560576,3213099008,23742003491,2584281088,0,0,153944064,
2026-09-12T20:52:46Z,7A84D6F5-3851-47BC-B996-C2E1AA339724,552,decoding,periodic,540445.311,21274688447,2063252414,25186299616,6337560576,3213099008,23742003491,2584281088,0,0,153944064,
2026-09-12T20:52:47Z,7A84D6F5-3851-47BC-B996-C2E1AA339724,553,decoding,periodic,541461.760,21295384239,1982437214,25290534624,6337560576,3213099008,23742003491,2584281088,0,0,153944064,
2026-09-12T20:52:48Z,7A84D6F5-3851-47BC-B996-C2E1AA339724,554,decoding,periodic,542464.944,21265268122,2080874611,25194655456,6337560576,3213099008,23742003491,2584281088,0,0,153944064,
2026-09-12T20:52:49Z,7A84D6F5-3851-47BC-B996-C2E1AA339724,555,decoding,periodic,543465.942,21370624997,1991848692,25210810080,6337560576,3213099008,23742003491,2584281088,0,0,153944064,
2026-09-12T20:52:50Z,7A84D6F5-3851-47BC-B996-C2E1AA339724,556,decoding,periodic,544471.614,21378652649,1877393024,25104412384,6337560576,3213099008,23742003491,2584281088,0,0,153944064,
2026-09-12T20:52:51Z,7A84D6F5-3851-47BC-B996-C2E1AA339724,557,decoding,periodic,545482.595,21284672607,1971373066,25104412384,6337560576,3213099008,23742003491,2584281088,0,0,153944064,
2026-09-12T20:52:52Z,7A84D6F5-3851-47BC-B996-C2E1AA339724,558,decoding,periodic,546493.324,21298920379,1957133486,25104379616,6337560576,3213099008,23742003491,2584281088,0,0,153944064,
2026-09-12T20:52:53Z,7A84D6F5-3851-47BC-B996-C2E1AA339724,559,decoding,periodic,547495.739,21211196263,2044857602,25104412384,6337560576,3213099008,23742003491,2584281088,0,0,153944064,
2026-09-12T20:52:54Z,7A84D6F5-3851-47BC-B996-C2E1AA339724,560,decoding,periodic,548501.255,21377457478,1878596387,25104412384,6337560576,3213099008,23742003491,2584281088,0,0,153944064,
2026-09-12T20:52:55Z,7A84D6F5-3851-47BC-B996-C2E1AA339724,561,decoding,periodic,549517.319,21273690931,1982362934,25104510688,6337560576,3213099008,23742003491,2584281088,0,0,153944064,
2026-09-12T20:52:56Z,7A84D6F5-3851-47BC-B996-C2E1AA339724,562,decoding,periodic,550525.575,21308638883,1983768826,25394081504,6337560576,3213099008,23742003491,2584281088,0,0,153944064,
2026-09-12T20:52:57Z,7A84D6F5-3851-47BC-B996-C2E1AA339724,563,decoding,periodic,551530.202,21281928435,2089363782,25219886816,6337544192,3213099008,23742003491,2584281088,0,0,153944064,
2026-09-12T20:52:58Z,7A84D6F5-3851-47BC-B996-C2E1AA339724,564,decoding,periodic,552533.961,21296315339,1979226330,25124024032,6337544192,3213099008,23742003491,2584281088,0,0,153944064,
2026-09-12T20:52:59Z,7A84D6F5-3851-47BC-B996-C2E1AA339724,565,decoding,periodic,553551.097,21296577483,1978964186,25124024032,6337544192,3213099008,23742003491,2584281088,0,0,153944064,
2026-09-12T20:53:00Z,7A84D6F5-3851-47BC-B996-C2E1AA339724,566,decoding,periodic,554597.915,21407495967,1868046630,25124171488,6337544192,3213099008,23742003491,2584281088,0,0,153944064,
2026-09-12T20:53:01Z,7A84D6F5-3851-47BC-B996-C2E1AA339724,567,decoding,periodic,555624.537,21309671091,1970614674,25128791776,6337544192,3213099008,23742003491,2584281088,0,0,153944064,
2026-09-12T20:53:02Z,7A84D6F5-3851-47BC-B996-C2E1AA339724,568,decoding,periodic,556633.337,21264463695,2015822070,25128890080,6337544192,3213099008,23742003491,2584281088,0,0,153944064,
2026-09-12T20:53:03Z,7A84D6F5-3851-47BC-B996-C2E1AA339724,569,decoding,periodic,557655.162,21412789087,1867496678,25128890080,6337544192,3213099008,23742003491,2584281088,0,0,153944064,
2026-09-12T20:53:04Z,7A84D6F5-3851-47BC-B996-C2E1AA339724,570,decoding,periodic,558680.754,21400861547,1879424218,25128955616,6337544192,3213099008,23742003491,2584281088,0,0,153944064,
2026-09-12T20:53:05Z,7A84D6F5-3851-47BC-B996-C2E1AA339724,571,decoding,periodic,559681.058,21302951199,2080373614,25231912672,6337544192,3213099008,23742003491,2584281088,0,0,153944064,
2026-09-12T20:53:06Z,7A84D6F5-3851-47BC-B996-C2E1AA339724,572,decoding,periodic,560684.555,21332376587,2050948226,25231912672,6337544192,3213099008,23742003491,2584281088,0,0,153944064,
2026-09-12T20:53:07Z,7A84D6F5-3851-47BC-B996-C2E1AA339724,573,decoding,periodic,561691.621,21371091923,2012232890,25232092896,6337544192,3213099008,23742003491,2584281088,0,0,153944064,
2026-09-12T20:53:08Z,7A84D6F5-3851-47BC-B996-C2E1AA339724,574,decoding,periodic,562699.117,21320891399,2002304134,25171898080,6337544192,3213099008,23742003491,2584281088,0,0,153944064,
2026-09-12T20:53:09Z,7A84D6F5-3851-47BC-B996-C2E1AA339724,575,decoding,periodic,563700.243,21310143431,2013052102,25171898080,6337544192,3213099008,23742003491,2584281088,0,0,153944064,
2026-09-12T20:53:10Z,7A84D6F5-3851-47BC-B996-C2E1AA339724,576,decoding,periodic,564707.689,21332474811,1990720722,25171734240,6337544192,3213099008,23742003491,2584281088,0,0,153944064,
2026-09-12T20:53:11Z,7A84D6F5-3851-47BC-B996-C2E1AA339724,577,decoding,periodic,565714.480,21365750679,1957446134,25171881696,6337544192,3213099008,23742003491,2584281088,0,0,153944064,
2026-09-12T20:53:12Z,7A84D6F5-3851-47BC-B996-C2E1AA339724,578,decoding,periodic,566749.751,21374944935,1948251878,25171881696,6337544192,3213099008,23742003491,2584281088,0,0,153944064,
2026-09-12T20:53:14Z,7A84D6F5-3851-47BC-B996-C2E1AA339724,579,decoding,periodic,567774.343,21325069247,1998127566,25171832544,6337544192,3213099008,23742003491,2584281088,0,0,153944064,
2026-09-12T20:53:15Z,7A84D6F5-3851-47BC-B996-C2E1AA339724,580,decoding,periodic,568788.343,21307116851,2016079962,25171832544,6337544192,3213099008,23742003491,2584281088,0,0,153944064,
2026-09-12T20:53:16Z,7A84D6F5-3851-47BC-B996-C2E1AA339724,581,decoding,periodic,569802.979,21297805151,2015538621,25162002144,6337544192,3213099008,23742003491,2584281088,0,0,153944064,
2026-09-12T20:53:17Z,7A84D6F5-3851-47BC-B996-C2E1AA339724,582,decoding,periodic,570804.211,21431277511,1882066261,25162100448,6337544192,3213099008,23742003491,2584281088,0,0,153944064,
2026-09-12T20:53:18Z,7A84D6F5-3851-47BC-B996-C2E1AA339724,583,decoding,periodic,571826.565,21341469643,1986765649,25176862432,6337544192,3213099008,23742003491,2584281088,0,0,153944064,
2026-09-12T20:53:19Z,7A84D6F5-3851-47BC-B996-C2E1AA339724,584,decoding,periodic,572838.962,21341486027,1986749265,25176764128,6337544192,3213099008,23742003491,2584281088,0,0,153944064,
2026-09-12T20:53:20Z,7A84D6F5-3851-47BC-B996-C2E1AA339724,585,decoding,periodic,573857.423,21349137351,1979097941,25176764128,6337544192,3213099008,23742003491,2584281088,0,0,153944064,
2026-09-12T20:53:21Z,7A84D6F5-3851-47BC-B996-C2E1AA339724,586,decoding,periodic,574876.386,21337537491,1990697801,25176764128,6337544192,3213099008,23742003491,2584281088,0,0,153944064,
2026-09-12T20:53:22Z,7A84D6F5-3851-47BC-B996-C2E1AA339724,587,decoding,periodic,575889.228,21376138139,1952106625,25176764128,6337544192,3213099008,23742003491,2584281088,0,0,153944064,
2026-09-12T20:53:23Z,7A84D6F5-3851-47BC-B996-C2E1AA339724,588,decoding,periodic,576891.278,21322446735,2015414118,25186528992,6337544192,3213099008,23742003491,2584281088,0,0,153944064,
2026-09-12T20:53:24Z,7A84D6F5-3851-47BC-B996-C2E1AA339724,589,decoding,periodic,577893.662,21377465263,1960398602,25186528992,6337544192,3213099008,23742003491,2584281088,0,0,153944064,
2026-09-12T20:53:25Z,7A84D6F5-3851-47BC-B996-C2E1AA339724,590,decoding,periodic,578908.980,21464628043,1887580974,25200766688,6337544192,3213099008,23742003491,2584281088,0,0,153944064,
2026-09-12T20:53:26Z,7A84D6F5-3851-47BC-B996-C2E1AA339724,591,decoding,periodic,579919.014,21404695439,1947513578,25200766688,6337544192,3213099008,23742003491,2584281088,0,0,153944064,
2026-09-12T20:53:27Z,7A84D6F5-3851-47BC-B996-C2E1AA339724,592,decoding,periodic,580920.759,21381331879,1970877138,25200766688,6337544192,3213099008,23742003491,2584281088,0,0,153944064,
2026-09-12T20:53:28Z,7A84D6F5-3851-47BC-B996-C2E1AA339724,593,decoding,periodic,581922.693,21351304743,2000912466,25200733920,6337544192,3213099008,23742003491,2584281088,0,0,153944064,
2026-09-12T20:53:29Z,7A84D6F5-3851-47BC-B996-C2E1AA339724,594,decoding,periodic,582925.255,21278142168,2074075041,25200766688,6337544192,3213099008,23742003491,2584281088,0,0,153944064,
2026-09-12T20:53:30Z,7A84D6F5-3851-47BC-B996-C2E1AA339724,595,decoding,periodic,583944.868,21365930939,1986286270,25200766688,6337544192,3213099008,23742003491,2584281088,0,0,153944064,
2026-09-12T20:53:31Z,7A84D6F5-3851-47BC-B996-C2E1AA339724,596,decoding,periodic,584950.589,21335652151,2040075726,25333477088,6337544192,3213099008,23742003491,2584281088,0,0,153944064,
2026-09-12T20:53:32Z,7A84D6F5-3851-47BC-B996-C2E1AA339724,597,decoding,periodic,585963.981,21508897595,1866830282,25224441568,6337544192,3213099008,23742003491,2584281088,0,0,153944064,
2026-09-12T20:53:33Z,7A84D6F5-3851-47BC-B996-C2E1AA339724,598,decoding,periodic,586978.291,21361149511,2014578366,25224294112,6337544192,3213099008,23742003491,2584281088,0,0,153944064,
2026-09-12T20:53:34Z,7A84D6F5-3851-47BC-B996-C2E1AA339724,599,decoding,periodic,587981.370,21454428002,1921299875,25224376032,6337544192,3213099008,23742003491,2584281088,0,0,153944064,
2026-09-12T20:53:35Z,7A84D6F5-3851-47BC-B996-C2E1AA339724,600,decoding,periodic,588983.206,21514287923,1861448146,25224392416,6337544192,3213099008,23742003491,2584281088,0,0,153944064,
2026-09-12T20:53:36Z,7A84D6F5-3851-47BC-B996-C2E1AA339724,601,decoding,periodic,590009.782,21478390587,1897345482,25224261344,6337544192,3213099008,23742003491,2584281088,0,0,153944064,
2026-09-12T20:53:37Z,7A84D6F5-3851-47BC-B996-C2E1AA339724,602,decoding,periodic,591011.237,21487106899,1888678322,25224310496,6337544192,3213099008,23742003491,2584281088,0,0,153944064,
2026-09-12T20:53:38Z,7A84D6F5-3851-47BC-B996-C2E1AA339724,603,decoding,periodic,592039.921,21490924363,1884860858,25224343264,6337544192,3213099008,23742003491,2584281088,0,0,153944064,
2026-09-12T20:53:39Z,7A84D6F5-3851-47BC-B996-C2E1AA339724,604,decoding,periodic,593044.493,21456108399,1919676822,25224359648,6337544192,3213099008,23742003491,2584281088,0,0,153944064,
2026-09-12T20:53:40Z,7A84D6F5-3851-47BC-B996-C2E1AA339724,605,decoding,periodic,594050.748,21381266383,2005779983,25235762912,6337544192,3213099008,23742003491,2584281088,0,0,153944064,
2026-09-12T20:53:41Z,7A84D6F5-3851-47BC-B996-C2E1AA339724,606,decoding,periodic,595053.497,21311450804,2088389930,25248575200,6337544192,3213099008,23742003491,2584281088,0,0,153944064,
2026-09-12T20:53:42Z,7A84D6F5-3851-47BC-B996-C2E1AA339724,607,decoding,periodic,596054.696,21335963439,2063877295,25248476896,6337544192,3213099008,23742003491,2584281088,0,0,153944064,
2026-09-12T20:53:43Z,7A84D6F5-3851-47BC-B996-C2E1AA339724,608,decoding,periodic,597066.897,21335947055,2063893679,25248378592,6337544192,3213099008,23742003491,2584281088,0,0,153944064,
2026-09-12T20:53:44Z,7A84D6F5-3851-47BC-B996-C2E1AA339724,609,decoding,periodic,598067.309,21513878339,1886486683,25248902880,6337544192,3213099008,23742003491,2584281088,0,0,153944064,
2026-09-12T20:53:45Z,7A84D6F5-3851-47BC-B996-C2E1AA339724,610,decoding,periodic,599071.302,21484354399,1916010623,25248935648,6337544192,3213099008,23742003491,2584281088,0,0,153944064,
2026-09-12T20:53:46Z,7A84D6F5-3851-47BC-B996-C2E1AA339724,611,decoding,periodic,600082.643,21391932351,2008432671,25249033952,6337544192,3213099008,23742003491,2584281088,0,0,153944064,
2026-09-12T20:53:47Z,7A84D6F5-3851-47BC-B996-C2E1AA339724,612,decoding,periodic,601093.168,21376564223,2023800799,25249033952,6337544192,3213099008,23742003491,2584281088,0,0,153944064,
2026-09-12T20:53:48Z,7A84D6F5-3851-47BC-B996-C2E1AA339724,613,decoding,periodic,602093.411,21501131631,1910558691,25260453600,6337544192,3213099008,23742003491,2584281088,0,0,153944064,
2026-09-12T20:53:49Z,7A84D6F5-3851-47BC-B996-C2E1AA339724,614,decoding,periodic,603095.435,21513010003,1898680319,25260453600,6337544192,3213099008,23742003491,2584281088,0,0,153944064,
2026-09-12T20:53:50Z,7A84D6F5-3851-47BC-B996-C2E1AA339724,615,decoding,periodic,604100.535,21489531755,1922158567,25260519136,6337544192,3213099008,23742003491,2584281088,0,0,153944064,
2026-09-12T20:53:51Z,7A84D6F5-3851-47BC-B996-C2E1AA339724,616,decoding,periodic,605103.448,21431630759,1992839595,25273118432,6337544192,3213099008,23742003491,2584281088,0,0,153944064,
2026-09-12T20:53:52Z,7A84D6F5-3851-47BC-B996-C2E1AA339724,617,decoding,periodic,606114.583,21396803006,2027667348,25273052896,6337544192,3213099008,23742003491,2584281088,0,0,153944064,
2026-09-12T20:53:53Z,7A84D6F5-3851-47BC-B996-C2E1AA339724,618,decoding,periodic,607145.721,21501207977,1923262377,25273118432,6337544192,3213099008,23742003491,2584281088,0,0,153944064,
2026-09-12T20:53:54Z,7A84D6F5-3851-47BC-B996-C2E1AA339724,619,decoding,periodic,608159.010,21536095035,1888383511,25273265888,6337544192,3213099008,23742003491,2584281088,0,0,153944064,
2026-09-12T20:53:55Z,7A84D6F5-3851-47BC-B996-C2E1AA339724,620,decoding,periodic,609164.777,21536389947,1888088599,25273200352,6337544192,3213099008,23742003491,2584281088,0,0,153944064,
2026-09-12T20:53:56Z,7A84D6F5-3851-47BC-B996-C2E1AA339724,621,decoding,periodic,610178.360,21413559259,2022622743,25284898528,6337544192,3213099008,23742003491,2584281088,0,0,153944064,
2026-09-12T20:53:57Z,7A84D6F5-3851-47BC-B996-C2E1AA339724,622,decoding,periodic,611207.301,21436742595,2007564335,25292975840,6337544192,3213099008,23742003491,2584281088,0,0,153944064,
2026-09-12T20:53:58Z,7A84D6F5-3851-47BC-B996-C2E1AA339724,623,decoding,periodic,612210.070,21448555447,1995751483,25293024992,6337544192,3213099008,23742003491,2584281088,0,0,153944064,
2026-09-12T20:53:59Z,7A84D6F5-3851-47BC-B996-C2E1AA339724,624,decoding,periodic,613211.173,21444459439,1999847491,25293024992,6337544192,3213099008,23742003491,2584281088,0,0,153944064,
2026-09-12T20:54:00Z,7A84D6F5-3851-47BC-B996-C2E1AA339724,625,decoding,periodic,614212.669,21345200364,2099106566,25293024992,6337544192,3213099008,23742003491,2584281088,0,0,153944064,
2026-09-12T20:54:01Z,7A84D6F5-3851-47BC-B996-C2E1AA339724,626,decoding,periodic,615225.619,21429061295,2019439939,25297071840,6337544192,3213099008,23742003491,2584281088,0,0,153944064,
2026-09-12T20:54:02Z,7A84D6F5-3851-47BC-B996-C2E1AA339724,627,decoding,periodic,616244.536,21378325880,2070175354,25297153760,6337527808,3213099008,23742003491,2584281088,0,0,153944064,
2026-09-12T20:54:03Z,7A84D6F5-3851-47BC-B996-C2E1AA339724,628,decoding,periodic,617270.278,21373417263,2075083971,25297022688,6337527808,3213099008,23742003491,2584281088,0,0,153944064,
2026-09-12T20:54:04Z,7A84D6F5-3851-47BC-B996-C2E1AA339724,629,decoding,periodic,618272.758,21506456427,1942044807,25297022688,6337527808,3213099008,23742003491,2584281088,0,0,153944064,
2026-09-12T20:54:05Z,7A84D6F5-3851-47BC-B996-C2E1AA339724,630,decoding,periodic,619278.866,21490744191,1957757043,25297022688,6337527808,3213099008,23742003491,2584281088,0,0,153944064,
2026-09-12T20:54:06Z,7A84D6F5-3851-47BC-B996-C2E1AA339724,631,decoding,periodic,620298.720,21535046571,1993903223,25377697504,6337527808,3213099008,23742003491,2584281088,0,0,153944064,
2026-09-12T20:54:07Z,7A84D6F5-3851-47BC-B996-C2E1AA339724,632,decoding,periodic,621303.198,21453536179,2018526831,25320763104,6337527808,3213099008,23742003491,2584281088,0,0,153944064,
2026-09-12T20:54:08Z,7A84D6F5-3851-47BC-B996-C2E1AA339724,633,decoding,periodic,622314.958,21453536255,2018526755,25320599264,6337527808,3213099008,23742003491,2584281088,0,0,153944064,
2026-09-12T20:54:09Z,7A84D6F5-3851-47BC-B996-C2E1AA339724,634,decoding,periodic,623316.334,21435504592,2036558418,25320664800,6337527808,3213099008,23742003491,2584281088,0,0,153944064,
2026-09-12T20:54:10Z,7A84D6F5-3851-47BC-B996-C2E1AA339724,635,decoding,periodic,624317.934,21577317251,1894745759,25320697568,6337527808,3213099008,23742003491,2584281088,0,0,153944064,
2026-09-12T20:54:11Z,7A84D6F5-3851-47BC-B996-C2E1AA339724,636,decoding,periodic,625333.304,21546154835,1925908175,25320697568,6337527808,3213099008,23742003491,2584281088,0,0,153944064,
2026-09-12T20:54:12Z,7A84D6F5-3851-47BC-B996-C2E1AA339724,637,decoding,periodic,626338.801,21488270223,1983792787,25320599264,6337527808,3213099008,23742003491,2584281088,0,0,153944064,
2026-09-12T20:54:13Z,7A84D6F5-3851-47BC-B996-C2E1AA339724,638,decoding,periodic,627339.643,21453519795,2018543215,25320566496,6337527808,3213099008,23742003491,2584281088,0,0,153944064,
2026-09-12T20:54:14Z,7A84D6F5-3851-47BC-B996-C2E1AA339724,639,decoding,periodic,628352.368,21453536243,2018526767,25320697568,6337527808,3213099008,23742003491,2584281088,0,0,153944064,
2026-09-12T20:54:15Z,7A84D6F5-3851-47BC-B996-C2E1AA339724,640,decoding,periodic,629357.704,21435521436,2036541574,25320238816,6337527808,3213099008,23742003491,2584281088,0,0,153944064,
2026-09-12T20:54:16Z,7A84D6F5-3851-47BC-B996-C2E1AA339724,641,decoding,periodic,630359.311,21501377495,2058728482,25404649184,6337511424,3213099008,23742003491,2584281088,0,0,153944064,
2026-09-12T20:54:17Z,7A84D6F5-3851-47BC-B996-C2E1AA339724,642,decoding,periodic,631366.031,21596715955,1895341286,25339899616,6337511424,3213099008,23742003491,2584281088,0,0,153944064,
2026-09-12T20:54:18Z,7A84D6F5-3851-47BC-B996-C2E1AA339724,643,decoding,periodic,632374.326,21584148243,1911054726,25339899616,6337511424,3213099008,23742003491,2584281088,0,0,153944064,
2026-09-12T20:54:19Z,7A84D6F5-3851-47BC-B996-C2E1AA339724,644,decoding,periodic,633375.967,21422880659,2069176582,25339899616,6337511424,3213099008,23742003491,2584281088,0,0,153944064,
2026-09-12T20:54:20Z,7A84D6F5-3851-47BC-B996-C2E1AA339724,645,decoding,periodic,634387.343,21414934419,2077131014,25339899616,6337511424,3213099008,23742003491,2584281088,0,0,153944064,
2026-09-12T20:54:21Z,7A84D6F5-3851-47BC-B996-C2E1AA339724,646,decoding,periodic,635388.207,21462648563,2029416870,25339932384,6337511424,3213099008,23742003491,2584281088,0,0,153944064,
2026-09-12T20:54:22Z,7A84D6F5-3851-47BC-B996-C2E1AA339724,647,decoding,periodic,636398.954,21462615795,2029449638,25339899616,6337511424,3213099008,23742003491,2584281088,0,0,153944064,
2026-09-12T20:54:23Z,7A84D6F5-3851-47BC-B996-C2E1AA339724,648,decoding,periodic,637415.728,21462615795,2029449638,25339932384,6337511424,3213099008,23742003491,2584281088,0,0,153944064,
2026-09-12T20:54:24Z,7A84D6F5-3851-47BC-B996-C2E1AA339724,649,decoding,periodic,638422.032,21582511047,1909554386,25339899616,6337511424,3213099008,23742003491,2584281088,0,0,153944064,
2026-09-12T20:54:25Z,7A84D6F5-3851-47BC-B996-C2E1AA339724,650,decoding,periodic,639443.934,21462615791,2029449642,25340194528,6337511424,3213099008,23742003491,2584281088,0,0,153944064,
2026-09-12T20:54:26Z,7A84D6F5-3851-47BC-B996-C2E1AA339724,651,decoding,periodic,640482.036,21462615791,2029449642,25340161760,6337511424,3213099008,23742003491,2584281088,0,0,153944064,
2026-09-12T20:54:27Z,7A84D6F5-3851-47BC-B996-C2E1AA339724,652,decoding,periodic,641486.880,21479392959,2030796537,25358364384,6337511424,3213099008,23742003491,2584281088,0,0,153944064,
2026-09-12T20:54:28Z,7A84D6F5-3851-47BC-B996-C2E1AA339724,653,decoding,periodic,642491.251,21533637591,1976551905,25358331616,6337511424,3213099008,23742003491,2584281088,0,0,153944064,
2026-09-12T20:54:29Z,7A84D6F5-3851-47BC-B996-C2E1AA339724,654,decoding,periodic,643514.534,21475834899,2034354597,25358397152,6337511424,3213099008,23742003491,2584281088,0,0,153944064,
2026-09-12T20:54:30Z,7A84D6F5-3851-47BC-B996-C2E1AA339724,655,decoding,periodic,644516.017,21610937227,1909952557,25368964832,6337511424,3213099008,23742003491,2584281088,0,0,153944064,
2026-09-12T20:54:31Z,7A84D6F5-3851-47BC-B996-C2E1AA339724,656,decoding,periodic,645531.890,21479393023,2041496761,25368964832,6337511424,3213099008,23742003491,2584281088,0,0,153944064,
2026-09-12T20:54:32Z,7A84D6F5-3851-47BC-B996-C2E1AA339724,657,decoding,periodic,646535.892,21579758503,1941131281,25368964832,6337511424,3213099008,23742003491,2584281088,0,0,153944064,
2026-09-12T20:54:33Z,7A84D6F5-3851-47BC-B996-C2E1AA339724,658,decoding,periodic,647548.990,21568420787,1952468997,25368964832,6337511424,3213099008,23742003491,2584281088,0,0,153944064,
2026-09-12T20:54:34Z,7A84D6F5-3851-47BC-B996-C2E1AA339724,659,decoding,periodic,648574.829,21479393023,2041496761,25368997600,6337511424,3213099008,23742003491,2584281088,0,0,153944064,
2026-09-12T20:54:35Z,7A84D6F5-3851-47BC-B996-C2E1AA339724,660,decoding,periodic,649590.079,21557967815,1915635410,25321729760,6337511424,3213099008,23742003491,2584281088,0,0,153944064,
2026-09-12T20:54:36Z,7A84D6F5-3851-47BC-B996-C2E1AA339724,661,decoding,periodic,650594.252,21515680751,2028768424,25392525024,6337511424,3213099008,23742003491,2584281088,0,0,153944064,
2026-09-12T20:54:37Z,7A84D6F5-3851-47BC-B996-C2E1AA339724,662,decoding,periodic,651602.132,21497379899,2047069276,25392525024,6337511424,3213099008,23742003491,2584281088,0,0,153944064,
2026-09-12T20:54:38Z,7A84D6F5-3851-47BC-B996-C2E1AA339724,663,decoding,periodic,652606.545,21496186611,2048262564,25392525024,6337511424,3213099008,23742003491,2584281088,0,0,153944064,
2026-09-12T20:54:39Z,7A84D6F5-3851-47BC-B996-C2E1AA339724,664,decoding,periodic,653612.517,21618768835,1925680340,25392525024,6337495040,3213099008,23742003491,2584281088,0,0,153944064,
2026-09-12T20:54:40Z,7A84D6F5-3851-47BC-B996-C2E1AA339724,665,decoding,periodic,654613.797,21601893327,1942555848,25392525024,6337495040,3213099008,23742003491,2584281088,0,0,153944064,
2026-09-12T20:54:41Z,7A84D6F5-3851-47BC-B996-C2E1AA339724,666,decoding,periodic,655639.056,21496186611,2048262564,25392525024,6337495040,3213099008,23742003491,2584281088,0,0,153944064,
2026-09-12T20:54:42Z,7A84D6F5-3851-47BC-B996-C2E1AA339724,667,decoding,periodic,656640.961,21630237623,1914211552,25392525024,6337495040,3213099008,23742003491,2584281088,0,0,153944064,
2026-09-12T20:54:43Z,7A84D6F5-3851-47BC-B996-C2E1AA339724,668,decoding,periodic,657645.730,21496153843,2048295332,25392525024,6337495040,3213099008,23742003491,2584281088,0,0,153944064,
2026-09-12T20:54:44Z,7A84D6F5-3851-47BC-B996-C2E1AA339724,669,decoding,periodic,658651.626,21532458043,2026423434,25407008480,6337495040,3213099008,23742003491,2584281088,0,0,153944064,
2026-09-12T20:54:45Z,7A84D6F5-3851-47BC-B996-C2E1AA339724,670,decoding,periodic,659668.799,21520645191,2038236286,25407008480,6337495040,3213099008,23742003491,2584281088,0,0,153944064,
2026-09-12T20:54:46Z,7A84D6F5-3851-47BC-B996-C2E1AA339724,671,decoding,periodic,660672.413,21595413109,1973070924,25416593120,6337495040,3213099008,23742003491,2584281088,0,0,153944064,
2026-09-12T20:54:47Z,7A84D6F5-3851-47BC-B996-C2E1AA339724,672,decoding,periodic,661674.399,21613263847,1955220186,25416625888,6337495040,3213099008,23742003491,2584281088,0,0,153944064,
2026-09-12T20:54:48Z,7A84D6F5-3851-47BC-B996-C2E1AA339724,673,decoding,periodic,662710.908,21624896475,1943587558,25416560352,6337495040,3213099008,23742003491,2584281088,0,0,153944064,
2026-09-12T20:54:49Z,7A84D6F5-3851-47BC-B996-C2E1AA339724,674,decoding,periodic,663753.044,21624847323,1943636710,25416560352,6337495040,3213099008,23742003491,2584281088,0,0,153944064,
2026-09-12T20:54:50Z,7A84D6F5-3851-47BC-B996-C2E1AA339724,675,decoding,periodic,664755.358,21972633307,2080859838,26075737824,6337478656,3213099008,23742003491,2584281088,0,0,153944064,
2026-09-12T20:54:52Z,7A84D6F5-3851-47BC-B996-C2E1AA339724,676,decoding,periodic,665777.296,21529741043,2054347298,25432223456,6337478656,3213099008,23742003491,2584281088,0,0,153944064,
2026-09-12T20:54:53Z,7A84D6F5-3851-47BC-B996-C2E1AA339724,677,decoding,periodic,666778.035,21606923255,1977165086,25432223456,6337478656,3213099008,23742003491,2584281088,0,0,153944064,
2026-09-12T20:54:54Z,7A84D6F5-3851-47BC-B996-C2E1AA339724,678,decoding,periodic,667779.561,21533637703,2059570634,25441283808,6337462272,3213099008,23742003491,2584281088,0,0,153944064,
2026-09-12T20:54:55Z,7A84D6F5-3851-47BC-B996-C2E1AA339724,679,decoding,periodic,668813.191,21532064839,2061143498,25441283808,6337462272,3213099008,23742003491,2584281088,0,0,153944064,
2026-09-12T20:54:56Z,7A84D6F5-3851-47BC-B996-C2E1AA339724,680,decoding,periodic,669815.940,21605506478,1987701859,25441283808,6337462272,3213099008,23742003491,2584281088,0,0,153944064,
2026-09-12T20:54:57Z,7A84D6F5-3851-47BC-B996-C2E1AA339724,681,decoding,periodic,670818.621,21550349387,2076764998,25475264224,6337462272,3213099008,23742003491,2584281088,0,0,153944064,
2026-09-12T20:54:58Z,7A84D6F5-3851-47BC-B996-C2E1AA339724,682,decoding,periodic,671824.277,21516548835,2110565550,25475264224,6337462272,3213099008,23742003491,2584281088,0,0,153944064,
2026-09-12T20:54:59Z,7A84D6F5-3851-47BC-B996-C2E1AA339724,683,decoding,periodic,672828.821,21546485491,2080628894,25475231456,6337462272,3213099008,23742003491,2584281088,0,0,153944064,
2026-09-12T20:55:00Z,7A84D6F5-3851-47BC-B996-C2E1AA339724,684,decoding,periodic,673878.049,21670427595,1941611970,25460174560,6337462272,3213099008,23742003491,2584281088,0,0,153944064,
2026-09-12T20:55:01Z,7A84D6F5-3851-47BC-B996-C2E1AA339724,685,decoding,periodic,674906.661,21680536511,1931503054,25460174560,6337462272,3213099008,23742003491,2584281088,0,0,153944064,
2026-09-12T20:55:02Z,7A84D6F5-3851-47BC-B996-C2E1AA339724,686,decoding,periodic,675907.606,21619751939,1992287626,25460109024,6337462272,3213099008,23742003491,2584281088,0,0,153944064,
2026-09-12T20:55:03Z,7A84D6F5-3851-47BC-B996-C2E1AA339724,687,decoding,periodic,676930.042,21563262639,2002028034,25530756832,6369083392,3213099008,23742003491,2584281088,0,0,153944064,
2026-09-12T20:55:04Z,7A84D6F5-3851-47BC-B996-C2E1AA339724,688,decoding,periodic,677949.094,21563262707,2077616574,25491369696,6369083392,3213099008,23742003491,2584281088,0,0,153944064,
2026-09-12T20:55:05Z,7A84D6F5-3851-47BC-B996-C2E1AA339724,689,decoding,periodic,678970.495,21563262707,2077616574,25491369696,6369083392,3213099008,23742003491,2584281088,0,0,153944064,
2026-09-12T20:55:06Z,7A84D6F5-3851-47BC-B996-C2E1AA339724,690,decoding,periodic,679987.346,21563262707,2077616574,25491369696,6369083392,3213099008,23742003491,2584281088,0,0,153944064,
2026-09-12T20:55:07Z,7A84D6F5-3851-47BC-B996-C2E1AA339724,691,decoding,periodic,680989.255,21671361435,1969517846,25491369696,6369083392,3213099008,23742003491,2584281088,0,0,153944064,
2026-09-12T20:55:08Z,7A84D6F5-3851-47BC-B996-C2E1AA339724,692,decoding,periodic,681997.319,21613411287,2027467994,25491369696,6369083392,3213099008,23742003491,2584281088,0,0,153944064,
2026-09-12T20:55:09Z,7A84D6F5-3851-47BC-B996-C2E1AA339724,693,decoding,periodic,683003.137,21590227951,2050651330,25491402464,6369083392,3213099008,23742003491,2584281088,0,0,153944064,
2026-09-12T20:55:10Z,7A84D6F5-3851-47BC-B996-C2E1AA339724,694,decoding,periodic,684006.641,21645744641,1995134640,25491369696,6369067008,3213099008,23742003491,2584281088,0,0,153944064,
2026-09-12T20:55:11Z,7A84D6F5-3851-47BC-B996-C2E1AA339724,695,decoding,periodic,685018.745,21576500947,1972573966,25652457184,6702858240,3213099008,23742003491,2584281088,0,0,153944064,
2026-09-12T20:55:12Z,7A84D6F5-3851-47BC-B996-C2E1AA339724,696,decoding,periodic,686036.958,21580072703,2077409730,25508196064,6702858240,3213099008,23742003491,2584281088,0,0,153944064,
2026-09-12T20:55:13Z,7A84D6F5-3851-47BC-B996-C2E1AA339724,697,decoding,periodic,687056.086,21580105471,2075469246,25506229984,6702858240,3213099008,23742003491,2584281088,0,0,153944064,
2026-09-12T20:55:14Z,7A84D6F5-3851-47BC-B996-C2E1AA339724,698,decoding,periodic,688065.023,21676604335,1978970382,25506295520,6702858240,3213099008,23742003491,2584281088,0,0,153944064,
2026-09-12T20:55:15Z,7A84D6F5-3851-47BC-B996-C2E1AA339724,699,decoding,periodic,689069.159,21634317271,2021257446,25506295520,6702858240,3213099008,23742003491,2584281088,0,0,153944064,
2026-09-12T20:55:16Z,7A84D6F5-3851-47BC-B996-C2E1AA339724,700,decoding,periodic,690078.005,21578464255,2086580414,25515699936,6702858240,3213099008,23742003491,2584281088,0,0,153944064,
2026-09-12T20:55:17Z,7A84D6F5-3851-47BC-B996-C2E1AA339724,701,decoding,periodic,691096.712,21582429191,2082615478,25515699936,6702858240,3213099008,23742003491,2584281088,0,0,153944064,
2026-09-12T20:55:18Z,7A84D6F5-3851-47BC-B996-C2E1AA339724,702,decoding,periodic,692106.661,21650799571,2031292122,25532804832,6702858240,3213099008,23742003491,2584281088,0,0,153944064,
2026-09-12T20:55:19Z,7A84D6F5-3851-47BC-B996-C2E1AA339724,703,decoding,periodic,693108.159,21616868339,2065223354,25532804832,6702858240,3213099008,23742003491,2584281088,0,0,153944064,
2026-09-12T20:55:20Z,7A84D6F5-3851-47BC-B996-C2E1AA339724,704,decoding,periodic,694123.245,21600697355,2083686558,25535049440,6702858240,3213099008,23742003491,2584281088,0,0,153944064,
2026-09-12T20:55:21Z,7A84D6F5-3851-47BC-B996-C2E1AA339724,705,decoding,periodic,695124.223,21662628807,2021755106,25535049440,6702858240,3213099008,23742003491,2584281088,0,0,153944064,
2026-09-12T20:55:22Z,7A84D6F5-3851-47BC-B996-C2E1AA339724,706,decoding,periodic,696134.007,21600680971,2083702942,25535049440,6702858240,3213099008,23742003491,2584281088,0,0,153944064,
2026-09-12T20:55:23Z,7A84D6F5-3851-47BC-B996-C2E1AA339724,707,decoding,periodic,697139.966,21656026075,1929391539,25563819744,6702858240,3213099008,23742003491,2584281088,0,0,153944064,
2026-09-12T20:55:24Z,7A84D6F5-3851-47BC-B996-C2E1AA339724,708,decoding,periodic,698140.859,21697191270,1899645992,25447493344,6702858240,3213099008,23742003491,2584281088,0,0,153944064,
2026-09-12T20:55:25Z,7A84D6F5-3851-47BC-B996-C2E1AA339724,709,decoding,periodic,699145.525,21737520011,1859317251,25447493344,6702858240,3213099008,23742003491,2584281088,0,0,153944064,
2026-09-12T20:55:26Z,7A84D6F5-3851-47BC-B996-C2E1AA339724,710,decoding,periodic,700173.318,21553952475,2042884787,25447526112,6702858240,3213099008,23742003491,2584281088,0,0,153944064,
2026-09-12T20:55:27Z,7A84D6F5-3851-47BC-B996-C2E1AA339724,711,decoding,periodic,701176.527,21713894307,1882942955,25447493344,6702858240,3213099008,23742003491,2584281088,0,0,153944064,
2026-09-12T20:55:28Z,7A84D6F5-3851-47BC-B996-C2E1AA339724,712,decoding,periodic,702193.192,21679160263,1917676999,25447493344,6702858240,3213099008,23742003491,2584281088,0,0,153944064,
2026-09-12T20:55:29Z,7A84D6F5-3851-47BC-B996-C2E1AA339724,713,decoding,periodic,703232.509,21630338803,1984534773,25465597664,6702858240,3213099008,23742003491,2584281088,0,0,153944064,
2026-09-12T20:55:30Z,7A84D6F5-3851-47BC-B996-C2E1AA339724,714,decoding,periodic,704269.751,21630355123,1990482741,25471528672,6702858240,3213099008,23742003491,2584281088,0,0,153944064,
2026-09-12T20:55:31Z,7A84D6F5-3851-47BC-B996-C2E1AA339724,715,decoding,periodic,705274.184,21672819651,1948018213,25471528672,6702858240,3213099008,23742003491,2584281088,0,0,153944064,
2026-09-12T20:55:32Z,7A84D6F5-3851-47BC-B996-C2E1AA339724,716,decoding,periodic,706289.839,21638085607,1982752257,25471528672,6702858240,3213099008,23742003491,2584281088,0,0,153944064,
2026-09-12T20:55:33Z,7A84D6F5-3851-47BC-B996-C2E1AA339724,717,decoding,periodic,707309.711,21638085607,1982760449,25471528672,6702858240,3213099008,23742003491,2584281088,0,0,153944064,
2026-09-12T20:55:34Z,7A84D6F5-3851-47BC-B996-C2E1AA339724,718,decoding,periodic,708312.257,21728159099,1892686957,25471528672,6702858240,3213099008,23742003491,2584281088,0,0,153944064,
2026-09-12T20:55:35Z,7A84D6F5-3851-47BC-B996-C2E1AA339724,719,decoding,periodic,709315.839,21719350163,1901495893,25471528672,6702858240,3213099008,23742003491,2584281088,0,0,153944064,
2026-09-12T20:55:36Z,7A84D6F5-3851-47BC-B996-C2E1AA339724,720,decoding,periodic,710324.193,21759212331,1885117578,25613020896,6702858240,3213099008,23742003491,2584281088,0,0,153944064,
2026-09-12T20:55:37Z,7A84D6F5-3851-47BC-B996-C2E1AA339724,721,decoding,periodic,711324.420,21666446295,1977883614,25495056096,6702858240,3213099008,23742003491,2584281088,0,0,153944064,
2026-09-12T20:55:38Z,7A84D6F5-3851-47BC-B996-C2E1AA339724,722,decoding,periodic,712328.115,21647181555,1997148354,25495056096,6702858240,3213099008,23742003491,2584281088,0,0,153944064,
2026-09-12T20:55:39Z,7A84D6F5-3851-47BC-B996-C2E1AA339724,723,decoding,periodic,713332.521,21700131763,1944198146,25495056096,6702858240,3213099008,23742003491,2584281088,0,0,153944064,
2026-09-12T20:55:40Z,7A84D6F5-3851-47BC-B996-C2E1AA339724,724,decoding,periodic,714351.859,21651061739,1993800650,25495580384,6702858240,3213099008,23742003491,2584281088,0,0,153944064,
2026-09-12T20:55:41Z,7A84D6F5-3851-47BC-B996-C2E1AA339724,725,decoding,periodic,715357.492,21648538619,1988321137,25487634144,6702858240,3213099008,23742003491,2584281088,0,0,153944064,
2026-09-12T20:55:42Z,7A84D6F5-3851-47BC-B996-C2E1AA339724,726,decoding,periodic,716365.326,21748824995,1914661833,25514258144,6702858240,3213099008,23742003491,2584281088,0,0,153944064,
2026-09-12T20:55:43Z,7A84D6F5-3851-47BC-B996-C2E1AA339724,727,decoding,periodic,717373.263,21683223523,1985193353,25519140576,6702858240,3213099008,23742003491,2584281088,0,0,153944064,
2026-09-12T20:55:44Z,7A84D6F5-3851-47BC-B996-C2E1AA339724,728,decoding,periodic,718403.881,21667789815,2000627061,25519140576,6702858240,3213099008,23742003491,2584281088,0,0,153944064,
2026-09-12T20:55:45Z,7A84D6F5-3851-47BC-B996-C2E1AA339724,729,decoding,periodic,719404.634,21663958707,2004458169,25519140576,6702858240,3213099008,23742003491,2584281088,0,0,153944064,
2026-09-12T20:55:46Z,7A84D6F5-3851-47BC-B996-C2E1AA339724,730,decoding,periodic,720414.938,21772106615,1896318453,25519140576,6702858240,3213099008,23742003491,2584281088,0,0,153944064,
2026-09-12T20:55:47Z,7A84D6F5-3851-47BC-B996-C2E1AA339724,731,decoding,periodic,721415.820,21714107335,1954317733,25519156960,6702858240,3213099008,23742003491,2584281088,0,0,153944064,
2026-09-12T20:55:48Z,7A84D6F5-3851-47BC-B996-C2E1AA339724,732,decoding,periodic,722430.426,21667789815,2000635253,25519156960,6702858240,3213099008,23742003491,2584281088,0,0,153944064,
2026-09-12T20:55:49Z,7A84D6F5-3851-47BC-B996-C2E1AA339724,733,decoding,periodic,723432.537,21700393951,1952600023,25503772384,6702858240,3213099008,23742003491,2584281088,0,0,153944064,
2026-09-12T20:55:50Z,7A84D6F5-3851-47BC-B996-C2E1AA339724,734,decoding,periodic,724437.095,21680801523,2010840767,25542373088,6702858240,3213099008,23742003491,2584281088,0,0,153944064,
2026-09-12T20:55:51Z,7A84D6F5-3851-47BC-B996-C2E1AA339724,735,decoding,periodic,725439.093,21723233291,1968408999,25542373088,6702858240,3213099008,23742003491,2584281088,0,0,153944064,
2026-09-12T20:55:52Z,7A84D6F5-3851-47BC-B996-C2E1AA339724,736,decoding,periodic,726452.403,21775727575,1915914715,25542373088,6702858240,3213099008,23742003491,2584281088,0,0,153944064,
2026-09-12T20:55:53Z,7A84D6F5-3851-47BC-B996-C2E1AA339724,737,decoding,periodic,727457.487,21684599863,2007042427,25542373088,6702858240,3213099008,23742003491,2584281088,0,0,153944064,
2026-09-12T20:55:54Z,7A84D6F5-3851-47BC-B996-C2E1AA339724,738,decoding,periodic,728457.883,21680785139,2010857151,25542373088,6702858240,3213099008,23742003491,2584281088,0,0,153944064,
2026-09-12T20:55:55Z,7A84D6F5-3851-47BC-B996-C2E1AA339724,739,decoding,periodic,729468.568,21742468091,1949174199,25542373088,6702858240,3213099008,23742003491,2584281088,0,0,153944064,
2026-09-12T20:55:56Z,7A84D6F5-3851-47BC-B996-C2E1AA339724,740,decoding,periodic,730474.139,21763095459,1996136988,25610022624,6702858240,3213099008,23742003491,2584281088,0,0,153944064,
2026-09-12T20:55:57Z,7A84D6F5-3851-47BC-B996-C2E1AA339724,741,decoding,periodic,731477.893,21701377015,2014223304,25566342880,6702858240,3213099008,23742003491,2584281088,0,0,153944064,
2026-09-12T20:55:58Z,7A84D6F5-3851-47BC-B996-C2E1AA339724,742,decoding,periodic,732482.458,21821209463,1894390856,25566342880,6702858240,3213099008,23742003491,2584281088,0,0,153944064,
2026-09-12T20:55:59Z,7A84D6F5-3851-47BC-B996-C2E1AA339724,743,decoding,periodic,733494.795,21774728103,1940872216,25566342880,6702841856,3213099008,23742003491,2584281088,0,0,153944064,
2026-09-12T20:56:00Z,7A84D6F5-3851-47BC-B996-C2E1AA339724,744,decoding,periodic,734497.981,21711436779,2004171732,25566342880,6702841856,3213099008,23742003491,2584281088,0,0,153944064,
2026-09-12T20:56:01Z,7A84D6F5-3851-47BC-B996-C2E1AA339724,745,decoding,periodic,735503.311,21773294153,1942314358,25566310112,6702841856,3213099008,23742003491,2584281088,0,0,153944064,
2026-09-12T20:56:02Z,7A84D6F5-3851-47BC-B996-C2E1AA339724,746,decoding,periodic,736509.509,21711387627,2004220884,25566375648,6702841856,3213099008,23742003491,2584281088,0,0,153944064,
2026-09-12T20:56:03Z,7A84D6F5-3851-47BC-B996-C2E1AA339724,747,decoding,periodic,737515.833,21710552051,2027923579,25589313248,6702907392,3213099008,23742003491,2584281088,0,0,153944064,
2026-09-12T20:56:04Z,7A84D6F5-3851-47BC-B996-C2E1AA339724,748,decoding,periodic,738531.528,21849668451,1889102091,25589640928,6702907392,3213099008,23742003491,2584281088,0,0,153944064,
2026-09-12T20:56:05Z,7A84D6F5-3851-47BC-B996-C2E1AA339724,749,decoding,periodic,739543.943,21768354671,1970415871,25589886688,6702907392,3213099008,23742003491,2584281088,0,0,153944064,
2026-09-12T20:56:06Z,7A84D6F5-3851-47BC-B996-C2E1AA339724,750,decoding,periodic,740549.024,21789826306,1948944236,25589542624,6702907392,3213099008,23742003491,2584281088,0,0,153944064,
2026-09-12T20:56:07Z,7A84D6F5-3851-47BC-B996-C2E1AA339724,751,decoding,periodic,741559.818,21803023251,1935747291,25589624544,6702907392,3213099008,23742003491,2584281088,0,0,153944064,
2026-09-12T20:56:08Z,7A84D6F5-3851-47BC-B996-C2E1AA339724,752,decoding,periodic,742561.519,21705145339,2033625203,25589903072,6702907392,3213099008,23742003491,2584281088,0,0,153944064,
2026-09-12T20:56:09Z,7A84D6F5-3851-47BC-B996-C2E1AA339724,753,decoding,periodic,743564.834,21773581179,1925778822,25550286560,6702907392,3213099008,23742003491,2584281088,0,0,153944064,
2026-09-12T20:56:10Z,7A84D6F5-3851-47BC-B996-C2E1AA339724,754,decoding,periodic,744569.652,21705403671,2052150762,25608679136,6702907392,3213099008,23742003491,2584281088,0,0,153944064,
2026-09-12T20:56:11Z,7A84D6F5-3851-47BC-B996-C2E1AA339724,755,decoding,periodic,745573.267,21843262259,1914292174,25608384224,6702907392,3213099008,23742003491,2584281088,0,0,153944064,
2026-09-12T20:56:12Z,7A84D6F5-3851-47BC-B996-C2E1AA339724,756,decoding,periodic,746593.868,21811002195,1946273710,25608384224,6702907392,3213099008,23742003491,2584281088,0,0,153944064,
2026-09-12T20:56:13Z,7A84D6F5-3851-47BC-B996-C2E1AA339724,757,decoding,periodic,747616.100,21733391271,2024163162,25608384224,6702907392,3213099008,23742003491,2584281088,0,0,153944064,
2026-09-12T20:56:14Z,7A84D6F5-3851-47BC-B996-C2E1AA339724,758,decoding,periodic,748619.903,21817203217,1940351216,25608384224,6702907392,3213099008,23742003491,2584281088,0,0,153944064,
2026-09-12T20:56:15Z,7A84D6F5-3851-47BC-B996-C2E1AA339724,759,decoding,periodic,749627.212,21839166279,1918388154,25608384224,6702907392,3213099008,23742003491,2584281088,0,0,153944064,
2026-09-12T20:56:16Z,7A84D6F5-3851-47BC-B996-C2E1AA339724,760,decoding,periodic,750628.253,21785066343,1972488090,25608384224,6702907392,3213099008,23742003491,2584281088,0,0,153944064,
2026-09-12T20:56:17Z,7A84D6F5-3851-47BC-B996-C2E1AA339724,761,decoding,periodic,751636.753,21738781611,2018772822,25608384224,6702907392,3213099008,23742003491,2584281088,0,0,153944064,
2026-09-12T20:56:18Z,7A84D6F5-3851-47BC-B996-C2E1AA339724,762,decoding,periodic,752670.843,21738797995,2018756438,25608351456,6702907392,3213099008,23742003491,2584281088,0,0,153944064,
2026-09-12T20:56:19Z,7A84D6F5-3851-47BC-B996-C2E1AA339724,763,decoding,periodic,753699.585,21738781611,2018772822,25608351456,6702907392,3213099008,23742003491,2584281088,0,0,153944064,
2026-09-12T20:56:20Z,7A84D6F5-3851-47BC-B996-C2E1AA339724,764,decoding,periodic,754749.208,21883140899,1874918530,25608859360,6702907392,3213099008,23742003491,2584281088,0,0,153944064,
2026-09-12T20:56:21Z,7A84D6F5-3851-47BC-B996-C2E1AA339724,765,decoding,periodic,755756.196,21755558811,2002500618,25608859360,6702907392,3213099008,23742003491,2584281088,0,0,153944064,
2026-09-12T20:56:22Z,7A84D6F5-3851-47BC-B996-C2E1AA339724,766,decoding,periodic,756760.469,21744270247,2013789182,25608859360,6702907392,3213099008,23742003491,2584281088,0,0,153944064,
2026-09-12T20:56:24Z,7A84D6F5-3851-47BC-B996-C2E1AA339724,767,decoding,periodic,757766.167,21747828399,2057582070,25656274656,6702907392,3213099008,23742003491,2584281088,0,0,153944064,
2026-09-12T20:56:25Z,7A84D6F5-3851-47BC-B996-C2E1AA339724,768,decoding,periodic,758779.225,21755558823,2049851646,25656209120,6702907392,3213099008,23742003491,2584281088,0,0,153944064,
2026-09-12T20:56:26Z,7A84D6F5-3851-47BC-B996-C2E1AA339724,769,decoding,periodic,759782.084,21767371675,2038038794,25656209120,6702907392,3213099008,23742003491,2584281088,0,0,153944064,
2026-09-12T20:56:27Z,7A84D6F5-3851-47BC-B996-C2E1AA339724,770,decoding,periodic,760790.588,21764572847,2045347673,25660649184,6702907392,3213099008,23742003491,2584281088,0,0,153944064,
2026-09-12T20:56:28Z,7A84D6F5-3851-47BC-B996-C2E1AA339724,771,decoding,periodic,761825.837,21772270515,2037650005,25660747488,6702907392,3213099008,23742003491,2584281088,0,0,153944064,
2026-09-12T20:56:29Z,7A84D6F5-3851-47BC-B996-C2E1AA339724,772,decoding,periodic,762831.297,21784116135,2025804385,25660813024,6702907392,3213099008,23742003491,2584281088,0,0,153944064,
2026-09-12T20:56:30Z,7A84D6F5-3851-47BC-B996-C2E1AA339724,773,decoding,periodic,763838.889,21791554439,2018374273,25663450848,6702907392,3213099008,23742003491,2584281088,0,0,153944064,
2026-09-12T20:56:31Z,7A84D6F5-3851-47BC-B996-C2E1AA339724,774,decoding,periodic,764839.835,22496394035,2008658677,26317647584,6702907392,3213099008,23742003491,2584281088,0,0,153944064,
2026-09-12T20:56:32Z,7A84D6F5-3851-47BC-B996-C2E1AA339724,775,decoding,periodic,765855.906,21781415599,2050159813,25685126880,6702907392,3213099008,23742003491,2584281088,0,0,153944064,
2026-09-12T20:56:33Z,7A84D6F5-3851-47BC-B996-C2E1AA339724,776,decoding,periodic,766867.533,21808690899,2023136417,25685339872,6702907392,3213099008,23742003491,2584281088,0,0,153944064,
2026-09-12T20:56:34Z,7A84D6F5-3851-47BC-B996-C2E1AA339724,777,decoding,periodic,767876.207,21823880135,2009174441,25686568672,6702907392,3213099008,23742003491,2584281088,0,0,153944064,
2026-09-12T20:56:35Z,7A84D6F5-3851-47BC-B996-C2E1AA339724,778,decoding,periodic,768899.472,21905357683,1927696893,25686585056,6702907392,3213099008,23742003491,2584281088,0,0,153944064,
2026-09-12T20:56:36Z,7A84D6F5-3851-47BC-B996-C2E1AA339724,779,decoding,periodic,769900.951,21895740283,1937314293,25686552288,6702907392,3213099008,23742003491,2584281088,0,0,153944064,
2026-09-12T20:56:37Z,7A84D6F5-3851-47BC-B996-C2E1AA339724,780,decoding,periodic,770910.703,21806021595,1958984242,25618575072,6702907392,3213099008,23742003491,2584281088,0,0,153944064,
2026-09-12T20:56:38Z,7A84D6F5-3851-47BC-B996-C2E1AA339724,781,decoding,periodic,771922.089,21794618423,2061407190,25709522656,6702907392,3213099008,23742003491,2584281088,0,0,153944064,
2026-09-12T20:56:39Z,7A84D6F5-3851-47BC-B996-C2E1AA339724,782,decoding,periodic,772930.141,21817703455,2038322158,25709653728,6702907392,3213099008,23742003491,2584281088,0,0,153944064,
2026-09-12T20:56:40Z,7A84D6F5-3851-47BC-B996-C2E1AA339724,783,decoding,periodic,773937.519,21817703455,2034322922,25705688800,6702907392,3213099008,23742003491,2584281088,0,0,153944064,
2026-09-12T20:56:41Z,7A84D6F5-3851-47BC-B996-C2E1AA339724,784,decoding,periodic,774945.345,21817719839,2034306538,25705721568,6702907392,3213099008,23742003491,2584281088,0,0,153944064,
2026-09-12T20:56:42Z,7A84D6F5-3851-47BC-B996-C2E1AA339724,785,decoding,periodic,775960.671,21950266135,1807377525,25611431648,6702907392,3213099008,23742003491,2584281088,0,0,153944064,
2026-09-12T20:56:43Z,7A84D6F5-3851-47BC-B996-C2E1AA339724,786,decoding,periodic,776972.213,21814970031,2065568478,25734147808,6702907392,3213099008,23742003491,2584281088,0,0,153944064,
2026-09-12T20:56:44Z,7A84D6F5-3851-47BC-B996-C2E1AA339724,787,decoding,periodic,778018.977,21950282667,1930502882,25734573792,6702907392,3213099008,23742003491,2584281088,0,0,153944064,
2026-09-12T20:56:45Z,7A84D6F5-3851-47BC-B996-C2E1AA339724,788,decoding,periodic,779024.101,21814986487,2065799062,25734622944,6702907392,3213099008,23742003491,2584281088,0,0,153944064,
2026-09-12T20:56:46Z,7A84D6F5-3851-47BC-B996-C2E1AA339724,789,decoding,periodic,780029.422,21835627431,1993184134,25682718432,6702907392,3213099008,23742003491,2584281088,0,0,153944064,
2026-09-12T20:56:47Z,7A84D6F5-3851-47BC-B996-C2E1AA339724,790,decoding,periodic,781054.533,21839494195,2064865730,25758265056,6702907392,3213099008,23742003491,2584281088,0,0,153944064,
2026-09-12T20:56:48Z,7A84D6F5-3851-47BC-B996-C2E1AA339724,791,decoding,periodic,782065.748,21839494195,2064865730,25758248672,6702907392,3213099008,23742003491,2584281088,0,0,153944064,
2026-09-12T20:56:49Z,7A84D6F5-3851-47BC-B996-C2E1AA339724,792,decoding,periodic,783079.938,21839477811,2064882114,25758183136,6702907392,3213099008,23742003491,2584281088,0,0,153944064,
2026-09-12T20:56:50Z,7A84D6F5-3851-47BC-B996-C2E1AA339724,793,decoding,periodic,784117.269,21887747747,2041038893,25782857440,6702907392,3213099008,23742003491,2584281088,0,0,153944064,
2026-09-12T20:56:51Z,7A84D6F5-3851-47BC-B996-C2E1AA339724,794,decoding,periodic,785130.064,21848524535,1956536341,25659174624,6702907392,3213099008,23742003491,2584281088,0,0,153944064,
2026-09-12T20:56:52Z,7A84D6F5-3851-47BC-B996-C2E1AA339724,795,decoding,periodic,786141.511,21848524535,1956536341,25659240160,6702907392,3213099008,23742003491,2584281088,0,0,153944064,
2026-09-12T20:56:53Z,7A84D6F5-3851-47BC-B996-C2E1AA339724,796,decoding,periodic,787150.937,21848508147,2079448857,25782136544,6702907392,3213099008,23742003491,2584281088,0,0,153944064,
2026-09-12T20:56:54Z,7A84D6F5-3851-47BC-B996-C2E1AA339724,797,decoding,periodic,788199.241,21848524531,2079432473,25782185696,6702907392,3213099008,23742003491,2584281088,0,0,153944064,
2026-09-12T20:56:55Z,7A84D6F5-3851-47BC-B996-C2E1AA339724,798,decoding,periodic,789200.873,22199674313,2136522924,26480160480,6702940160,3213099008,23742003491,2584281088,0,0,153944064,
2026-09-12T20:56:56Z,7A84D6F5-3851-47BC-B996-C2E1AA339724,799,decoding,periodic,790205.580,21843920059,1983115701,25681473248,6702940160,3213099008,23742003491,2584281088,0,0,153944064,
2026-09-12T20:56:57Z,7A84D6F5-3851-47BC-B996-C2E1AA339724,800,decoding,periodic,791236.640,21873032155,1954003609,25681489632,6702940160,3213099008,23742003491,2584281088,0,0,153944064,
2026-09-12T20:56:58Z,7A84D6F5-3851-47BC-B996-C2E1AA339724,801,decoding,periodic,792246.635,21872999387,1954036377,25681522400,6702940160,3213099008,23742003491,2584281088,0,0,153944064,
2026-09-12T20:56:59Z,7A84D6F5-3851-47BC-B996-C2E1AA339724,802,decoding,periodic,793294.227,21975932819,1923431525,25754119904,6702940160,3213099008,23742003491,2584281088,0,0,153944064,
2026-09-12T20:57:00Z,7A84D6F5-3851-47BC-B996-C2E1AA339724,803,decoding,periodic,794300.173,21979866411,1870246093,25704836832,6702940160,3213099008,23742003491,2584281088,0,0,153944064,
2026-09-12T20:57:01Z,7A84D6F5-3851-47BC-B996-C2E1AA339724,804,decoding,periodic,795310.271,21979882795,1870475469,25704967904,6702923776,3213099008,23742003491,2584281088,0,0,153944064,
2026-09-12T20:57:02Z,7A84D6F5-3851-47BC-B996-C2E1AA339724,805,decoding,periodic,796327.302,21906537367,2024117349,25785413344,6706855936,3213099008,23742003491,2584281088,0,0,153944064,
2026-09-12T20:57:03Z,7A84D6F5-3851-47BC-B996-C2E1AA339724,806,decoding,periodic,797333.399,21906570135,1966542449,25728020192,6706855936,3213099008,23742003491,2584281088,0,0,153944064,
2026-09-12T20:57:04Z,7A84D6F5-3851-47BC-B996-C2E1AA339724,807,decoding,periodic,798343.933,21902736311,1970622033,25728315104,6706855936,3213099008,23742003491,2584281088,0,0,153944064,
2026-09-12T20:57:05Z,7A84D6F5-3851-47BC-B996-C2E1AA339724,808,decoding,periodic,799356.422,22006954815,1866403529,25728495328,6706855936,3213099008,23742003491,2584281088,0,0,153944064,
2026-09-12T20:57:06Z,7A84D6F5-3851-47BC-B996-C2E1AA339724,809,decoding,periodic,800373.953,21911714723,2006438557,25773420256,6706855936,3213099008,23742003491,2584281088,0,0,153944064,
2026-09-12T20:57:07Z,7A84D6F5-3851-47BC-B996-C2E1AA339724,810,decoding,periodic,801401.033,21923314583,1994838697,25773272800,6706855936,3213099008,23742003491,2584281088,0,0,153944064,
2026-09-12T20:57:08Z,7A84D6F5-3851-47BC-B996-C2E1AA339724,811,decoding,periodic,802422.787,21923593111,1994560169,25773371104,6706839552,3213099008,23742003491,2584281088,0,0,153944064,
2026-09-12T20:57:09Z,7A84D6F5-3851-47BC-B996-C2E1AA339724,812,decoding,periodic,803443.941,21923314595,1972953245,25751678688,6706839552,3213099008,23742003491,2584281088,0,0,153944064,
2026-09-12T20:57:10Z,7A84D6F5-3851-47BC-B996-C2E1AA339724,813,decoding,periodic,804448.093,21928541107,1994171649,25778302688,6707363840,3213099008,23742003491,2584281088,0,0,153944064,
2026-09-12T20:57:11Z,DC3E2C15-ABB3-47B8-9734-7DB23E89C1FA,1,preparing,observation,0.020,22283808451,1061011456,26295252168,7303184384,3213099008,23742003491,,,,,
2026-09-12T20:57:11Z,DC3E2C15-ABB3-47B8-9734-7DB23E89C1FA,2,preparing,observation,0.091,22283808451,1061011456,26295792840,7303184384,3213099008,23742003491,,,,,
2026-09-12T20:57:11Z,DC3E2C15-ABB3-47B8-9734-7DB23E89C1FA,3,preparing,observation,1.023,22162075331,1182744576,26297677000,7299252224,3213099008,23742003491,,,,,
2026-09-12T20:57:11Z,DC3E2C15-ABB3-47B8-9734-7DB23E89C1FA,4,preparing,phaseEnd,210.832,21242474179,2103115776,27788590176,7297368064,3213099008,23742003491,,,,,
2026-09-12T20:57:11Z,DC3E2C15-ABB3-47B8-9734-7DB23E89C1FA,5,restoring,phaseBegin,210.916,21242474179,2103115776,27789130848,7297368064,3213099008,23742003491,4531617792,0,0,,
2026-09-12T20:57:11Z,DC3E2C15-ABB3-47B8-9734-7DB23E89C1FA,6,restoring,observation,210.975,21242474179,2103115776,27789130848,7297368064,3213099008,23742003491,4531617792,0,0,,
2026-09-12T20:57:11Z,DC3E2C15-ABB3-47B8-9734-7DB23E89C1FA,7,restoring,phaseEnd,217.285,21397352131,1948238304,27822505080,7297236992,3213099008,23742003491,4531617792,0,0,,
2026-09-12T20:57:11Z,DC3E2C15-ABB3-47B8-9734-7DB23E89C1FA,8,restored,phaseBegin,217.424,21397352131,1948238304,27823946872,7297236992,3213099008,23742003491,4531617792,0,0,153944064,
2026-09-12T20:57:11Z,DC3E2C15-ABB3-47B8-9734-7DB23E89C1FA,9,restored,phaseEnd,225.109,21397352131,1948238304,27880307880,7297531904,3213099008,23742003491,4531617792,0,0,153944064,
2026-09-12T20:57:11Z,DC3E2C15-ABB3-47B8-9734-7DB23E89C1FA,10,prefilling,phaseBegin,225.236,21397352131,1948238304,27880668328,7297531904,3213099008,23742003491,4531617792,0,0,153944064,
2026-09-12T20:57:11Z,DC3E2C15-ABB3-47B8-9734-7DB23E89C1FA,11,prefilling,phaseEnd,225.323,21397352131,1948238304,27881602216,7297531904,3213099008,23742003491,4531617792,0,0,153944064,
2026-09-12T20:57:11Z,DC3E2C15-ABB3-47B8-9734-7DB23E89C1FA,12,dflashPreparing,phaseBegin,225.382,21397352131,1948238304,27882454184,7297531904,3213099008,23742003491,4531617792,0,0,153944064,
2026-09-12T20:57:11Z,7A84D6F5-3851-47BC-B996-C2E1AA339724,814,decoding,phaseEnd,804977.309,21396876995,2148314557,25483505376,6707363840,3213099008,23742003491,2584281088,0,0,153944064,
2026-09-12T20:57:11Z,7A84D6F5-3851-47BC-B996-C2E1AA339724,815,generationQuiescent,phaseBegin,804977.418,21396876995,2148314557,25474068192,6707363840,3213099008,23742003491,2584281088,0,0,153944064,
2026-09-12T20:57:11Z,7A84D6F5-3851-47BC-B996-C2E1AA339724,816,generationQuiescent,phaseEnd,804977.972,21396876995,2148314557,25451310816,6707363840,3213099008,23742003491,2584281088,0,0,153944064,
2026-09-12T20:57:11Z,7A84D6F5-3851-47BC-B996-C2E1AA339724,817,admittingCheckpoints,phaseBegin,804978.042,21396876995,2148314557,25448165088,6707363840,3213099008,23742003491,2584281088,0,0,153944064,
2026-09-12T20:57:11Z,7A84D6F5-3851-47BC-B996-C2E1AA339724,818,admittingCheckpoints,phaseEnd,804985.647,21396876995,2148314557,25438760672,6707363840,3213099008,23742003491,2584281088,0,0,153944064,
2026-09-12T20:57:11Z,7A84D6F5-3851-47BC-B996-C2E1AA339724,819,storingLeaf,phaseBegin,804985.739,21396876995,2148314557,25438760672,6707363840,3213099008,23742003491,2584281088,2251096064,1,153944064,
2026-09-12T20:57:11Z,7A84D6F5-3851-47BC-B996-C2E1AA339724,820,storingLeaf,phaseEnd,805052.816,21396876995,2148314557,25438875360,6707347456,3213099008,23742003491,2584281088,2251096064,1,153944064,
2026-09-12T20:57:11Z,7A84D6F5-3851-47BC-B996-C2E1AA339724,821,capturingLeaf,phaseBegin,805052.889,21396876995,2148314557,25438875360,6707347456,3213099008,23742003491,2584281088,2251096064,1,153944064,
2026-09-12T20:57:11Z,7A84D6F5-3851-47BC-B996-C2E1AA339724,822,capturingLeaf,phaseEnd,805053.143,21396876995,2148314557,25438875360,6707347456,3213099008,23742003491,2584281088,2251096064,1,153944064,
2026-09-12T20:57:11Z,7A84D6F5-3851-47BC-B996-C2E1AA339724,823,preparingPayload,phaseBegin,805053.226,21396876995,2148314557,25438875360,6707347456,3213099008,23742003491,2584281088,2251096064,1,153944064,
2026-09-12T20:57:11Z,7A84D6F5-3851-47BC-B996-C2E1AA339724,824,preparingPayload,phaseEnd,805282.677,23499484867,1867083243,27222306528,7466991616,3213099008,23742003491,2584281088,2251096064,1,153944064,
2026-09-12T20:57:11Z,7A84D6F5-3851-47BC-B996-C2E1AA339724,825,admittingLeaf,phaseBegin,805283.109,23499484867,1867083243,27222306528,7466991616,3213099008,23742003491,2584281088,2251096064,1,153944064,
2026-09-12T20:57:11Z,7A84D6F5-3851-47BC-B996-C2E1AA339724,826,admittingLeaf,observation,805283.467,23344819907,2021748203,27222306528,7466991616,3213099008,23742003491,2584281088,2251096064,1,0,
2026-09-12T20:57:11Z,7A84D6F5-3851-47BC-B996-C2E1AA339724,827,admittingLeaf,phaseEnd,805337.335,23344819907,0,25321926152,7312850944,3213099008,23742003491,2584281088,2251096064,1,0,
2026-09-12T20:57:11Z,7A84D6F5-3851-47BC-B996-C2E1AA339724,828,recordingRequest,phaseBegin,805337.441,23344819907,0,25321926152,7312850944,3213099008,23742003491,2584281088,2251096064,1,0,
2026-09-12T20:57:11Z,7A84D6F5-3851-47BC-B996-C2E1AA339724,829,recordingRequest,phaseEnd,805338.497,23338364611,6455296,25321942560,7312850944,3213099008,23742003491,2584281088,2251096064,1,0,
2026-09-12T20:57:11Z,7A84D6F5-3851-47BC-B996-C2E1AA339724,830,finishingStream,phaseBegin,805338.588,23338364611,6455296,25321942560,7312850944,3213099008,23742003491,4531617792,0,0,0,
2026-09-12T20:57:11Z,7A84D6F5-3851-47BC-B996-C2E1AA339724,831,finishingStream,cancelSignal,805338.674,23338364611,6455296,25321942560,7312850944,3213099008,23742003491,4531617792,0,0,0,
2026-09-12T20:57:11Z,7A84D6F5-3851-47BC-B996-C2E1AA339724,832,finishingStream,phaseEnd,805338.771,23338364611,6455296,25321942560,7312850944,3213099008,23742003491,4531617792,0,0,0,
2026-09-12T20:57:11Z,7A84D6F5-3851-47BC-B996-C2E1AA339724,833,releasingRequest,phaseBegin,805338.840,23338364611,6455296,25321942560,7312850944,3213099008,23742003491,4531617792,0,0,0,
2026-09-12T20:57:11Z,7A84D6F5-3851-47BC-B996-C2E1AA339724,834,releasingRequest,observation,805339.014,23335136963,9682944,25322597944,7312850944,3213099008,23742003491,4531617792,0,0,0,
2026-09-12T20:57:11Z,7A84D6F5-3851-47BC-B996-C2E1AA339724,835,releasingRequest,phaseEnd,805339.126,23335136963,9682944,25323286072,7312850944,3213099008,23742003491,4531617792,0,0,0,completed
2026-09-12T20:57:11Z,7A84D6F5-3851-47BC-B996-C2E1AA339724,836,finished,terminal,805339.200,23335136963,9682944,25323695672,7312850944,3213099008,23742003491,4531617792,0,0,0,completed
2026-09-12T20:57:12Z,DC3E2C15-ABB3-47B8-9734-7DB23E89C1FA,13,dflashPreparing,periodic,1010.199,21440585491,10484594,27359968280,9028435968,3213099008,23742003491,4531617792,0,0,153944064,
2026-09-12T20:57:12Z,DC3E2C15-ABB3-47B8-9734-7DB23E89C1FA,14,dflashPreparing,phaseEnd,1154.108,21505356455,72046681,27486698520,8866463744,3213099008,23742003491,4531617792,0,0,153944064,
2026-09-12T20:57:12Z,DC3E2C15-ABB3-47B8-9734-7DB23E89C1FA,15,prefilled,phaseBegin,1154.280,21505356455,72046681,27486698520,8866447360,3213099008,23742003491,4531617792,0,0,153944064,
2026-09-12T20:57:12Z,DC3E2C15-ABB3-47B8-9734-7DB23E89C1FA,16,prefilled,phaseEnd,1165.712,21481747075,95656061,27486714904,8837234688,3213099008,23742003491,4531617792,0,0,153944064,
2026-09-12T20:57:12Z,DC3E2C15-ABB3-47B8-9734-7DB23E89C1FA,17,decoding,phaseBegin,1165.829,21481747075,95656061,27486714904,8837234688,3213099008,23742003491,4531617792,0,0,153944064,
2026-09-12T20:57:12Z,DC3E2C15-ABB3-47B8-9734-7DB23E89C1FA,18,decoding,observation,1166.026,21479813803,97589333,27486714904,8836874240,3213099008,23742003491,4531617792,0,0,153944064,
2026-09-12T20:57:12Z,7A84D6F5-3851-47BC-B996-C2E1AA339724,837,settled,afterRelease,806340.783,21691133919,2083106380,29330358112,9341173760,3213099008,23742003491,4531617792,0,0,0,completed
2026-09-12T20:57:13Z,DC3E2C15-ABB3-47B8-9734-7DB23E89C1FA,19,decoding,periodic,2014.440,22008031962,254304744,28172762136,7973355520,3213099008,23742003491,4531617792,0,0,153944064,
2026-09-12T20:57:14Z,DC3E2C15-ABB3-47B8-9734-7DB23E89C1FA,20,decoding,periodic,3026.611,22005873521,256484689,25035485928,7261814784,3213099008,23742003491,4531617792,0,0,153944064,
2026-09-12T20:57:15Z,DC3E2C15-ABB3-47B8-9734-7DB23E89C1FA,21,decoding,periodic,4043.894,22066396013,195962197,25037484800,7257309184,3213099008,23742003491,4531617792,0,0,153944064,
2026-09-12T20:57:16Z,DC3E2C15-ABB3-47B8-9734-7DB23E89C1FA,22,decoding,periodic,5054.665,21932427091,329931119,25037484800,7257014272,3213099008,23742003491,4531617792,0,0,153944064,
2026-09-12T20:57:17Z,DC3E2C15-ABB3-47B8-9734-7DB23E89C1FA,23,decoding,periodic,6083.246,21932427091,329947503,25037468416,7256817664,3213099008,23742003491,4531617792,0,0,153944064,
2026-09-12T20:57:18Z,DC3E2C15-ABB3-47B8-9734-7DB23E89C1FA,24,decoding,periodic,7098.545,21951724413,1953543823,26808169216,7256571904,3213099008,23742003491,4531617792,0,0,153944064,
2026-09-12T20:57:19Z,DC3E2C15-ABB3-47B8-9734-7DB23E89C1FA,25,decoding,periodic,8123.971,21953264515,1953427373,26682716928,7256539136,3213099008,23742003491,4531617792,0,0,153944064,
2026-09-12T20:57:20Z,DC3E2C15-ABB3-47B8-9734-7DB23E89C1FA,26,decoding,periodic,9152.335,21957147515,1949552573,26682749696,7256457216,3213099008,23742003491,4531617792,0,0,153944064,
2026-09-12T20:57:21Z,DC3E2C15-ABB3-47B8-9734-7DB23E89C1FA,27,decoding,periodic,10152.777,21957147515,1949552573,26682766080,7256408064,3213099008,23742003491,4531617792,0,0,153944064,
2026-09-12T20:57:22Z,DC3E2C15-ABB3-47B8-9734-7DB23E89C1FA,28,decoding,periodic,11163.435,21957147515,1949552573,26683110144,7256375296,3213099008,23742003491,4531617792,0,0,153944064,
2026-09-12T20:57:23Z,DC3E2C15-ABB3-47B8-9734-7DB23E89C1FA,29,decoding,periodic,12175.114,21957147515,1949552573,26683290368,7256375296,3213099008,23742003491,4531617792,0,0,153944064,
2026-09-12T20:57:24Z,DC3E2C15-ABB3-47B8-9734-7DB23E89C1FA,30,decoding,periodic,13188.616,21957147515,1949552573,26683290368,7256326144,3213099008,23742003491,4531617792,0,0,153944064,
2026-09-12T20:57:25Z,DC3E2C15-ABB3-47B8-9734-7DB23E89C1FA,31,decoding,periodic,14212.216,21949204101,2000782515,26726576896,7256211456,3213099008,23742003491,4531617792,0,0,153944064,
2026-09-12T20:57:26Z,DC3E2C15-ABB3-47B8-9734-7DB23E89C1FA,32,decoding,periodic,15226.636,21973924731,1995849143,26746221312,7256113152,3213099008,23742003491,4531617792,0,0,153944064,
2026-09-12T20:57:27Z,DC3E2C15-ABB3-47B8-9734-7DB23E89C1FA,33,decoding,periodic,16228.025,21948761547,2021012327,26746221312,7256096768,3213099008,23742003491,4531617792,0,0,153944064,
2026-09-12T20:57:28Z,DC3E2C15-ABB3-47B8-9734-7DB23E89C1FA,34,decoding,periodic,17259.945,21973924735,1995852211,26751054592,7255851008,3213099008,23742003491,4531617792,0,0,153944064,
2026-09-12T20:57:30Z,DC3E2C15-ABB3-47B8-9734-7DB23E89C1FA,35,decoding,periodic,18281.624,21973924735,1995855283,26751054592,7255851008,3213099008,23742003491,4531617792,0,0,153944064,
2026-09-12T20:57:31Z,DC3E2C15-ABB3-47B8-9734-7DB23E89C1FA,36,decoding,periodic,19302.682,21970041735,1999738283,26751054592,7255474176,3213099008,23742003491,4531617792,0,0,153944064,
2026-09-12T20:57:32Z,DC3E2C15-ABB3-47B8-9734-7DB23E89C1FA,37,decoding,periodic,20322.931,22048537411,1944798643,26782987032,7253950464,3213099008,23742003491,4531617792,0,0,153944064,
2026-09-12T20:57:33Z,DC3E2C15-ABB3-47B8-9734-7DB23E89C1FA,38,decoding,periodic,21328.304,21996829567,1996509559,26782987032,7253803008,3213099008,23742003491,4531617792,0,0,153944064,
2026-09-12T20:57:34Z,DC3E2C15-ABB3-47B8-9734-7DB23E89C1FA,39,decoding,periodic,22332.955,22058651400,1934687726,26782987032,7253786624,3213099008,23742003491,4531617792,0,0,153944064,
2026-09-12T20:57:35Z,DC3E2C15-ABB3-47B8-9734-7DB23E89C1FA,40,decoding,periodic,23334.045,22077848363,1915490763,26783003416,7253786624,3213099008,23742003491,4531617792,0,0,153944064,
2026-09-12T20:57:36Z,DC3E2C15-ABB3-47B8-9734-7DB23E89C1FA,41,decoding,periodic,24374.647,21999617655,2017368331,26806645528,7253753856,3213099008,23742003491,4531617792,0,0,153944064,
2026-09-12T20:57:37Z,DC3E2C15-ABB3-47B8-9734-7DB23E89C1FA,42,decoding,periodic,25381.650,22049880927,1967105059,26806612760,7253737472,3213099008,23742003491,4531617792,0,0,153944064,
2026-09-12T20:57:38Z,DC3E2C15-ABB3-47B8-9734-7DB23E89C1FA,43,decoding,periodic,26382.737,21995928467,2021057519,26806612760,7253721088,3213099008,23742003491,4531617792,0,0,153944064,
2026-09-12T20:57:39Z,DC3E2C15-ABB3-47B8-9734-7DB23E89C1FA,44,decoding,periodic,27383.363,22134864607,1882121379,26806612760,7252967424,3213099008,23742003491,4531617792,0,0,153944064,
2026-09-12T20:57:40Z,DC3E2C15-ABB3-47B8-9734-7DB23E89C1FA,45,decoding,periodic,28420.786,22818962257,2116052049,27490743064,7252934656,3213099008,23742003491,4531617792,0,0,153944064,
2026-09-12T20:57:41Z,DC3E2C15-ABB3-47B8-9734-7DB23E89C1FA,46,decoding,periodic,29425.744,22055716455,1984861285,26822046464,7252885504,3213099008,23742003491,4531617792,0,0,153944064,
2026-09-12T20:57:42Z,DC3E2C15-ABB3-47B8-9734-7DB23E89C1FA,47,decoding,periodic,30470.639,22016411251,2024169561,26822046464,7252885504,3213099008,23742003491,4531617792,0,0,153944064,
2026-09-12T20:57:43Z,DC3E2C15-ABB3-47B8-9734-7DB23E89C1FA,48,decoding,periodic,31487.814,22016427635,2013518633,26811347712,7252885504,3213099008,23742003491,4531617792,0,0,153944064,
2026-09-12T20:57:44Z,DC3E2C15-ABB3-47B8-9734-7DB23E89C1FA,49,decoding,periodic,32517.073,22016427635,2013518633,26811347712,7252885504,3213099008,23742003491,4531617792,0,0,153944064,
2026-09-12T20:57:45Z,DC3E2C15-ABB3-47B8-9734-7DB23E89C1FA,50,decoding,periodic,33541.268,22016411251,2013535017,26811347712,7252852736,3213099008,23742003491,4531617792,0,0,153944064,
2026-09-12T20:57:46Z,DC3E2C15-ABB3-47B8-9734-7DB23E89C1FA,51,decoding,periodic,34571.370,22041066357,2023332035,26845852416,7252852736,3213099008,23742003491,4531617792,0,0,153944064,
2026-09-12T20:57:47Z,DC3E2C15-ABB3-47B8-9734-7DB23E89C1FA,52,decoding,periodic,35573.732,22098836285,1965597947,26843656960,7251214336,3213099008,23742003491,4531617792,0,0,153944064,
2026-09-12T20:57:48Z,DC3E2C15-ABB3-47B8-9734-7DB23E89C1FA,53,decoding,periodic,36577.072,22071884603,1992549629,26843722496,7250378752,3213099008,23742003491,4531617792,0,0,153944064,
2026-09-12T20:57:49Z,DC3E2C15-ABB3-47B8-9734-7DB23E89C1FA,54,decoding,periodic,37586.208,22041000825,2023433407,26845836032,7250198528,3213099008,23742003491,4531617792,0,0,153944064,
2026-09-12T20:57:50Z,DC3E2C15-ABB3-47B8-9734-7DB23E89C1FA,55,decoding,periodic,38609.265,22041000825,2023433407,26845885184,7250165760,3213099008,23742003491,4531617792,0,0,153944064,
2026-09-12T20:57:51Z,DC3E2C15-ABB3-47B8-9734-7DB23E89C1FA,56,decoding,periodic,39626.592,22104095629,1983973375,26869527296,7250165760,3213099008,23742003491,4531617792,0,0,153944064,
2026-09-12T20:57:52Z,DC3E2C15-ABB3-47B8-9734-7DB23E89C1FA,57,decoding,periodic,40636.461,22057778109,2030290895,26869527296,7250165760,3213099008,23742003491,4531617792,0,0,153944064,
2026-09-12T20:57:53Z,DC3E2C15-ABB3-47B8-9734-7DB23E89C1FA,58,decoding,periodic,41640.545,22071428737,2016640267,26869527296,7250165760,3213099008,23742003491,4531617792,0,0,153944064,
2026-09-12T20:57:54Z,DC3E2C15-ABB3-47B8-9734-7DB23E89C1FA,59,decoding,periodic,42677.042,22089320065,1998748939,26869527296,7250132992,3213099008,23742003491,4531617792,0,0,153944064,
2026-09-12T20:57:55Z,DC3E2C15-ABB3-47B8-9734-7DB23E89C1FA,60,decoding,periodic,43710.017,22089320065,1991528971,26862269184,7250083840,3213099008,23742003491,4531617792,0,0,153944064,
2026-09-12T20:57:56Z,DC3E2C15-ABB3-47B8-9734-7DB23E89C1FA,61,decoding,periodic,44741.208,22050014857,2030834179,26862285568,7249723392,3213099008,23742003491,4531617792,0,0,153944064,
2026-09-12T20:57:57Z,DC3E2C15-ABB3-47B8-9734-7DB23E89C1FA,62,decoding,periodic,45759.204,22155819885,1955769167,26893415168,7249641472,3213099008,23742003491,4531617792,0,0,153944064,
2026-09-12T20:57:58Z,DC3E2C15-ABB3-47B8-9734-7DB23E89C1FA,63,decoding,periodic,46764.057,22116973427,1994713929,26891186944,7249608704,3213099008,23742003491,4531617792,0,0,153944064,
2026-09-12T20:57:59Z,DC3E2C15-ABB3-47B8-9734-7DB23E89C1FA,64,decoding,periodic,47782.179,22074555227,2037132129,26890941184,7249575936,3213099008,23742003491,4531617792,0,0,153944064,
2026-09-12T20:58:00Z,DC3E2C15-ABB3-47B8-9734-7DB23E89C1FA,65,decoding,periodic,48784.948,22164595951,1910422477,26854191872,7249575936,3213099008,23742003491,4531617792,0,0,153944064,
2026-09-12T20:58:01Z,DC3E2C15-ABB3-47B8-9734-7DB23E89C1FA,66,decoding,periodic,49818.479,22164595951,1910422477,26854191872,7249559552,3213099008,23742003491,4531617792,0,0,153944064,
2026-09-12T20:58:02Z,DC3E2C15-ABB3-47B8-9734-7DB23E89C1FA,67,decoding,periodic,50820.654,22181373163,1953358389,26913993472,7249559552,3213099008,23742003491,4531617792,0,0,153944064,
2026-09-12T20:58:03Z,DC3E2C15-ABB3-47B8-9734-7DB23E89C1FA,68,decoding,periodic,51868.179,22083552883,2042332857,26905260800,7249510400,3213099008,23742003491,4531617792,0,0,153944064,
2026-09-12T20:58:04Z,DC3E2C15-ABB3-47B8-9734-7DB23E89C1FA,69,decoding,periodic,52891.454,22122841707,2003044033,26905375488,7249510400,3213099008,23742003491,4531617792,0,0,153944064,
2026-09-12T20:58:05Z,DC3E2C15-ABB3-47B8-9734-7DB23E89C1FA,70,decoding,periodic,53926.178,22169425803,1956463009,26905375488,7249510400,3213099008,23742003491,4531617792,0,0,153944064,
2026-09-12T20:58:06Z,DC3E2C15-ABB3-47B8-9734-7DB23E89C1FA,71,decoding,periodic,54965.433,22122841707,2003055297,26905391872,7249510400,3213099008,23742003491,4531617792,0,0,153944064,
2026-09-12T20:58:07Z,DC3E2C15-ABB3-47B8-9734-7DB23E89C1FA,72,decoding,periodic,55981.169,22079765355,2046131649,26905408256,7249510400,3213099008,23742003491,4531617792,0,0,153944064,
2026-09-12T20:58:08Z,DC3E2C15-ABB3-47B8-9734-7DB23E89C1FA,73,decoding,periodic,57006.889,22154378027,2004000693,26938028800,7249510400,3213099008,23742003491,4531617792,0,0,153944064,
2026-09-12T20:58:09Z,DC3E2C15-ABB3-47B8-9734-7DB23E89C1FA,74,decoding,periodic,58016.227,22108126043,2050252677,26937963264,7249510400,3213099008,23742003491,4531617792,0,0,153944064,
2026-09-12T20:58:10Z,DC3E2C15-ABB3-47B8-9734-7DB23E89C1FA,75,decoding,periodic,59019.983,22198183147,1946234865,26924102400,7249510400,3213099008,23742003491,4531617792,0,0,153944064,
2026-09-12T20:58:11Z,DC3E2C15-ABB3-47B8-9734-7DB23E89C1FA,76,decoding,periodic,60034.854,22635903855,2180127117,27372499712,7249477632,3213099008,23742003491,4531617792,0,0,153944064,
2026-09-12T20:58:12Z,DC3E2C15-ABB3-47B8-9734-7DB23E89C1FA,77,decoding,periodic,61048.861,22229301999,1821069861,26830484224,7249477632,3213099008,23742003491,4531617792,0,0,153944064,
2026-09-12T20:58:13Z,DC3E2C15-ABB3-47B8-9734-7DB23E89C1FA,78,decoding,periodic,62050.695,22159637303,2013105117,26952725248,7249477632,3213099008,23742003491,4531617792,0,0,153944064,
2026-09-12T20:58:14Z,DC3E2C15-ABB3-47B8-9734-7DB23E89C1FA,79,decoding,periodic,63071.462,22124886951,2047856801,26952971008,7249477632,3213099008,23742003491,4531617792,0,0,153944064,
2026-09-12T20:58:15Z,DC3E2C15-ABB3-47B8-9734-7DB23E89C1FA,80,decoding,periodic,64074.143,22214960367,1957789529,26953134848,7249428480,3213099008,23742003491,4531617792,0,0,153944064,
2026-09-12T20:58:16Z,DC3E2C15-ABB3-47B8-9734-7DB23E89C1FA,81,decoding,periodic,65074.553,22231852267,1964008478,26976350976,7249428480,3213099008,23742003491,4531617792,0,0,153944064,
2026-09-12T20:58:17Z,DC3E2C15-ABB3-47B8-9734-7DB23E89C1FA,82,decoding,periodic,66077.150,22130408371,2065454170,26976465664,7249412096,3213099008,23742003491,4531617792,0,0,153944064,
2026-09-12T20:58:18Z,DC3E2C15-ABB3-47B8-9734-7DB23E89C1FA,83,decoding,periodic,67081.183,22234282743,1961579798,26976563968,7249346560,3213099008,23742003491,4531617792,0,0,153944064,
2026-09-12T20:58:19Z,DC3E2C15-ABB3-47B8-9734-7DB23E89C1FA,84,decoding,periodic,68085.745,22231753963,1964108578,26977497856,7246036992,3213099008,23742003491,4531617792,0,0,153944064,
2026-09-12T20:58:20Z,DC3E2C15-ABB3-47B8-9734-7DB23E89C1FA,85,decoding,periodic,69114.056,22230432511,1965438222,26977448704,7246036992,3213099008,23742003491,4531617792,0,0,153944064,
2026-09-12T20:58:21Z,DC3E2C15-ABB3-47B8-9734-7DB23E89C1FA,86,decoding,periodic,70131.197,23308450523,1871802542,27773022976,7377649664,3213099008,23742003491,4531617792,0,0,153944064,
2026-09-12T20:58:22Z,DC3E2C15-ABB3-47B8-9734-7DB23E89C1FA,87,decoding,periodic,71179.050,22248498411,1847964453,26878538496,7456014336,3213099008,23742003491,4531617792,0,0,153944064,
2026-09-12T20:58:23Z,DC3E2C15-ABB3-47B8-9734-7DB23E89C1FA,88,decoding,periodic,72182.638,22170024791,1911618307,26867659520,7455948800,3213099008,23742003491,4531617792,0,0,153944064,
2026-09-12T20:58:24Z,DC3E2C15-ABB3-47B8-9734-7DB23E89C1FA,89,decoding,periodic,73189.737,22243026213,1842614583,26867675904,7455490048,3213099008,23742003491,4531617792,0,0,153944064,
2026-09-12T20:58:25Z,DC3E2C15-ABB3-47B8-9734-7DB23E89C1FA,90,decoding,periodic,74193.290,22216555291,1869085505,26867675904,7455490048,3213099008,23742003491,4531617792,0,0,153944064,
2026-09-12T20:58:26Z,DC3E2C15-ABB3-47B8-9734-7DB23E89C1FA,91,decoding,periodic,75197.301,22131817379,1953823417,26867692288,7455457280,3213099008,23742003491,4531617792,0,0,153944064,
2026-09-12T20:58:27Z,DC3E2C15-ABB3-47B8-9734-7DB23E89C1FA,92,decoding,periodic,76229.487,22169893751,2083351761,27035415296,7455457280,3213099008,23742003491,4531617792,0,0,153944064,
2026-09-12T20:58:28Z,DC3E2C15-ABB3-47B8-9734-7DB23E89C1FA,93,decoding,periodic,77259.806,22293887719,1959357793,27035595520,7455375360,3213099008,23742003491,4531617792,0,0,153944064,
2026-09-12T20:58:29Z,DC3E2C15-ABB3-47B8-9734-7DB23E89C1FA,94,decoding,periodic,78278.682,22252419851,1867129265,26902033152,7455375360,3213099008,23742003491,4531617792,0,0,153944064,
2026-09-12T20:58:31Z,DC3E2C15-ABB3-47B8-9734-7DB23E89C1FA,95,decoding,periodic,79281.446,22186802059,1921423389,26890662656,7455342592,3213099008,23742003491,4531617792,0,0,153944064,
2026-09-12T20:58:32Z,DC3E2C15-ABB3-47B8-9734-7DB23E89C1FA,96,decoding,periodic,80284.401,22302751519,1805473929,26890793728,7455342592,3213099008,23742003491,4531617792,0,0,153944064,
2026-09-12T20:58:33Z,DC3E2C15-ABB3-47B8-9734-7DB23E89C1FA,97,decoding,periodic,81285.737,22210001791,1898223661,26890924800,7455326208,3213099008,23742003491,4531617792,0,0,153944064,
2026-09-12T20:58:34Z,DC3E2C15-ABB3-47B8-9734-7DB23E89C1FA,98,decoding,periodic,82286.254,22282085611,1908012789,26973074176,7460208640,3213099008,23742003491,4531617792,0,0,153944064,
2026-09-12T20:58:35Z,DC3E2C15-ABB3-47B8-9734-7DB23E89C1FA,99,decoding,periodic,83289.765,22192077743,2073565745,27048325888,7459946496,3213099008,23742003491,4531617792,0,0,153944064,
2026-09-12T20:58:36Z,DC3E2C15-ABB3-47B8-9734-7DB23E89C1FA,100,decoding,periodic,84297.146,22307961655,1957681833,27048112896,7459946496,3213099008,23742003491,4531617792,0,0,153944064,
2026-09-12T20:58:37Z,DC3E2C15-ABB3-47B8-9734-7DB23E89C1FA,101,decoding,periodic,85323.605,22261545831,2004100729,27048276736,7459946496,3213099008,23742003491,4531617792,0,0,153944064,
2026-09-12T20:58:38Z,DC3E2C15-ABB3-47B8-9734-7DB23E89C1FA,102,decoding,periodic,86339.207,22192077743,2073577009,27048424192,7459897344,3213099008,23742003491,4531617792,0,0,153944064,
2026-09-12T20:58:39Z,DC3E2C15-ABB3-47B8-9734-7DB23E89C1FA,103,decoding,periodic,87356.171,22226811787,2038842965,27048555264,7459880960,3213099008,23742003491,4531617792,0,0,153944064,
2026-09-12T20:58:40Z,DC3E2C15-ABB3-47B8-9734-7DB23E89C1FA,104,decoding,periodic,88406.120,22332619551,1967526005,27083240192,7459880960,3213099008,23742003491,4531617792,0,0,153944064,
2026-09-12T20:58:41Z,DC3E2C15-ABB3-47B8-9734-7DB23E89C1FA,105,decoding,periodic,89455.703,22298944815,1989738949,27071836928,7459880960,3213099008,23742003491,4531617792,0,0,153944064,
2026-09-12T20:58:42Z,DC3E2C15-ABB3-47B8-9734-7DB23E89C1FA,106,decoding,periodic,90505.364,22298912047,1989771717,27072033536,7459864576,3213099008,23742003491,4531617792,0,0,153944064,
2026-09-12T20:58:43Z,DC3E2C15-ABB3-47B8-9734-7DB23E89C1FA,107,decoding,periodic,91553.463,22298928431,1989755333,27072164608,7459831808,3213099008,23742003491,4531617792,0,0,153944064,
2026-09-12T20:58:44Z,DC3E2C15-ABB3-47B8-9734-7DB23E89C1FA,108,decoding,periodic,92563.977,22266788767,2021903189,27072475904,7459782656,3213099008,23742003491,4531617792,0,0,153944064,
2026-09-12T20:58:45Z,DC3E2C15-ABB3-47B8-9734-7DB23E89C1FA,109,decoding,periodic,93584.869,22208904175,2079787781,27072639744,7459782656,3213099008,23742003491,4531617792,0,0,153944064,
2026-09-12T20:58:46Z,DC3E2C15-ABB3-47B8-9734-7DB23E89C1FA,110,decoding,periodic,94606.627,22225845147,1963070013,26973074176,7459766272,3213099008,23742003491,4531617792,0,0,153944064,
2026-09-12T20:58:47Z,DC3E2C15-ABB3-47B8-9734-7DB23E89C1FA,111,decoding,periodic,95609.792,22347758303,1841156857,26973221632,7459684352,3213099008,23742003491,4531617792,0,0,153944064,
2026-09-12T20:58:48Z,DC3E2C15-ABB3-47B8-9734-7DB23E89C1FA,112,decoding,periodic,96656.685,22341516003,1835027701,26960818944,7459667968,3213099008,23742003491,4531617792,0,0,153944064,
2026-09-12T20:58:49Z,DC3E2C15-ABB3-47B8-9734-7DB23E89C1FA,113,decoding,periodic,97657.538,22347758451,1828786533,26961113856,7459651584,3213099008,23742003491,4531617792,0,0,153944064,
2026-09-12T20:58:50Z,DC3E2C15-ABB3-47B8-9734-7DB23E89C1FA,114,decoding,periodic,98672.252,22300195739,1876355389,26961261312,7459651584,3213099008,23742003491,4531617792,0,0,153944064,
2026-09-12T20:58:51Z,DC3E2C15-ABB3-47B8-9734-7DB23E89C1FA,115,decoding,periodic,99697.888,22225632239,1950927081,26961441536,7459651584,3213099008,23742003491,4531617792,0,0,153944064,
2026-09-12T20:58:52Z,DC3E2C15-ABB3-47B8-9734-7DB23E89C1FA,116,decoding,periodic,100704.502,22242409311,1969476158,26996912896,7459651584,3213099008,23742003491,4531617792,0,0,153944064,
2026-09-12T20:58:53Z,DC3E2C15-ABB3-47B8-9734-7DB23E89C1FA,117,decoding,periodic,101721.401,22332466423,1879419306,26996765440,7459651584,3213099008,23742003491,4531617792,0,0,153944064,
2026-09-12T20:58:54Z,DC3E2C15-ABB3-47B8-9734-7DB23E89C1FA,118,decoding,periodic,102724.826,22288694063,1970541426,27044115200,7459651584,3213099008,23742003491,4531617792,0,0,153944064,
2026-09-12T20:58:55Z,DC3E2C15-ABB3-47B8-9734-7DB23E89C1FA,119,decoding,periodic,103751.469,22242409459,1956501802,26983887616,7459651584,3213099008,23742003491,4531617792,0,0,153944064,
2026-09-12T20:58:56Z,DC3E2C15-ABB3-47B8-9734-7DB23E89C1FA,120,decoding,periodic,104767.195,22259219447,1975921025,27020292864,7459536896,3213099008,23742003491,4531617792,0,0,153944064,
2026-09-12T20:58:57Z,DC3E2C15-ABB3-47B8-9734-7DB23E89C1FA,121,decoding,periodic,105772.742,22363388811,1871751661,27020833536,7459536896,3213099008,23742003491,4531617792,0,0,153944064,
2026-09-12T20:58:58Z,DC3E2C15-ABB3-47B8-9734-7DB23E89C1FA,122,decoding,periodic,106774.638,22259219447,1962487937,27007218432,7459536896,3213099008,23742003491,4531617792,0,0,153944064,
2026-09-12T20:58:59Z,DC3E2C15-ABB3-47B8-9734-7DB23E89C1FA,123,decoding,periodic,107805.593,22340484003,1881223381,27007447808,7459504128,3213099008,23742003491,4531617792,0,0,153944064,
2026-09-12T20:59:00Z,DC3E2C15-ABB3-47B8-9734-7DB23E89C1FA,124,decoding,periodic,108806.065,22311041919,1947014233,27044016896,7459504128,3213099008,23742003491,4531617792,0,0,153944064,
2026-09-12T20:59:01Z,DC3E2C15-ABB3-47B8-9734-7DB23E89C1FA,125,decoding,periodic,109811.629,22366119159,1878172895,27030303488,7459504128,3213099008,23742003491,4531617792,0,0,153944064,
2026-09-12T20:59:02Z,DC3E2C15-ABB3-47B8-9734-7DB23E89C1FA,126,decoding,periodic,110820.150,22322527019,1921765035,27030582016,7459504128,3213099008,23742003491,4531617792,0,0,153944064,
2026-09-12T20:59:03Z,DC3E2C15-ABB3-47B8-9734-7DB23E89C1FA,127,decoding,periodic,111848.774,22276225967,1968066087,27030811392,7459504128,3213099008,23742003491,4531617792,0,0,153944064,
2026-09-12T20:59:04Z,DC3E2C15-ABB3-47B8-9734-7DB23E89C1FA,128,decoding,periodic,112863.796,22293019479,1988236357,27068084992,7459504128,3213099008,23742003491,4531617792,0,0,153944064,
2026-09-12T20:59:05Z,DC3E2C15-ABB3-47B8-9734-7DB23E89C1FA,129,decoding,periodic,113889.126,22382896363,1883907249,27053781760,7459504128,3213099008,23742003491,4531617792,0,0,153944064,
2026-09-12T20:59:06Z,DC3E2C15-ABB3-47B8-9734-7DB23E89C1FA,130,decoding,periodic,114924.283,22397025003,1869778609,27053814528,7459438592,3213099008,23742003491,4531617792,0,0,153944064,
2026-09-12T20:59:07Z,DC3E2C15-ABB3-47B8-9734-7DB23E89C1FA,131,decoding,periodic,115932.041,22293019479,1973784133,27054060288,7459438592,3213099008,23742003491,4531617792,0,0,153944064,
2026-09-12T20:59:08Z,DC3E2C15-ABB3-47B8-9734-7DB23E89C1FA,132,decoding,periodic,116947.622,22377375013,1889436791,27054256896,7459389440,3213099008,23742003491,4531617792,0,0,153944064,
2026-09-12T20:59:09Z,DC3E2C15-ABB3-47B8-9734-7DB23E89C1FA,133,decoding,periodic,117978.379,22399640815,1904656773,27092153088,7459389440,3213099008,23742003491,4531617792,0,0,153944064,
2026-09-12T20:59:10Z,DC3E2C15-ABB3-47B8-9734-7DB23E89C1FA,134,decoding,periodic,118987.776,22317251423,1987046165,27092382464,7459389440,3213099008,23742003491,4531617792,0,0,153944064,
2026-09-12T20:59:11Z,DC3E2C15-ABB3-47B8-9734-7DB23E89C1FA,135,decoding,periodic,120003.410,22437083859,1914563489,27139928832,7459389440,3213099008,23742003491,4531617792,0,0,153944064,
2026-09-12T20:59:12Z,DC3E2C15-ABB3-47B8-9734-7DB23E89C1FA,136,decoding,periodic,121006.009,22309518179,1979262225,27077210880,7459389440,3213099008,23742003491,4531617792,0,0,153944064,
2026-09-12T20:59:13Z,DC3E2C15-ABB3-47B8-9734-7DB23E89C1FA,137,decoding,periodic,122018.892,22399608043,1889172361,27077456640,7459389440,3213099008,23742003491,4531617792,0,0,153944064,
2026-09-12T20:59:14Z,DC3E2C15-ABB3-47B8-9734-7DB23E89C1FA,138,decoding,periodic,123040.163,22410519869,1916873275,27116303104,7459373056,3213099008,23742003491,4531617792,0,0,153944064,
2026-09-12T20:59:15Z,DC3E2C15-ABB3-47B8-9734-7DB23E89C1FA,139,decoding,periodic,124084.706,22430546667,1876610699,27096085248,7459323904,3213099008,23742003491,4531617792,0,0,153944064,
2026-09-12T20:59:16Z,DC3E2C15-ABB3-47B8-9734-7DB23E89C1FA,140,decoding,periodic,125096.093,22326590295,1980567071,27096265472,7459307520,3213099008,23742003491,4531617792,0,0,153944064,
2026-09-12T20:59:17Z,DC3E2C15-ABB3-47B8-9734-7DB23E89C1FA,141,decoding,periodic,126109.699,22442523371,1864633995,27096593152,7459307520,3213099008,23742003491,4531617792,0,0,153944064,
2026-09-12T20:59:18Z,DC3E2C15-ABB3-47B8-9734-7DB23E89C1FA,142,decoding,periodic,127116.215,22326328155,1985562139,27101573888,7459307520,3213099008,23742003491,4531617792,0,0,153944064,
2026-09-12T20:59:19Z,DC3E2C15-ABB3-47B8-9734-7DB23E89C1FA,143,decoding,periodic,128143.203,22318597743,1993292551,27101704960,7459258368,3213099008,23742003491,4531617792,0,0,153944064,
2026-09-12T20:59:20Z,DC3E2C15-ABB3-47B8-9734-7DB23E89C1FA,144,decoding,periodic,129156.013,22377937727,1972376537,27140436736,7459258368,3213099008,23742003491,4531617792,0,0,153944064,
2026-09-12T20:59:21Z,DC3E2C15-ABB3-47B8-9734-7DB23E89C1FA,145,decoding,periodic,130165.470,22433228015,1917138473,27140731648,7459258368,3213099008,23742003491,4531617792,0,0,153944064,
2026-09-12T20:59:22Z,DC3E2C15-ABB3-47B8-9734-7DB23E89C1FA,146,decoding,periodic,131190.401,22399400735,1934940649,27124740864,7459258368,3213099008,23742003491,4531617792,0,0,153944064,
2026-09-12T20:59:23Z,DC3E2C15-ABB3-47B8-9734-7DB23E89C1FA,147,decoding,periodic,132191.550,22433244399,1901097001,27125101312,7459225600,3213099008,23742003491,4531617792,0,0,153944064,
2026-09-12T20:59:24Z,DC3E2C15-ABB3-47B8-9734-7DB23E89C1FA,148,decoding,periodic,133222.099,22444336433,1864673883,27100132096,7459192832,3213099008,23742003491,4531617792,0,0,153944064,
2026-09-12T20:59:25Z,DC3E2C15-ABB3-47B8-9734-7DB23E89C1FA,149,decoding,periodic,134251.392,22429350671,1927548541,27148202752,7459192832,3213099008,23742003491,4531617792,0,0,153944064,
2026-09-12T20:59:27Z,DC3E2C15-ABB3-47B8-9734-7DB23E89C1FA,150,decoding,periodic,135285.112,22359079767,1997819445,27148284672,7459192832,3213099008,23742003491,4531617792,0,0,153944064,
2026-09-12T20:59:28Z,DC3E2C15-ABB3-47B8-9734-7DB23E89C1FA,151,decoding,periodic,136301.635,22475815647,1881083565,27148563200,7459127296,3213099008,23742003491,4531617792,0,0,153944064,
2026-09-12T20:59:29Z,DC3E2C15-ABB3-47B8-9734-7DB23E89C1FA,152,decoding,periodic,137351.344,22388586127,2149075405,27367830272,7459110912,3213099008,23742003491,4531617792,0,0,153944064,
2026-09-12T20:59:30Z,DC3E2C15-ABB3-47B8-9734-7DB23E89C1FA,153,decoding,periodic,138355.986,22399793991,1979722009,27171828480,7459094528,3213099008,23742003491,4531617792,0,0,153944064,
2026-09-12T20:59:31Z,DC3E2C15-ABB3-47B8-9734-7DB23E89C1FA,154,decoding,periodic,139359.745,22372842347,2006677617,27172057856,7459012608,3213099008,23742003491,4531617792,0,0,153944064,
2026-09-12T20:59:32Z,DC3E2C15-ABB3-47B8-9734-7DB23E89C1FA,155,decoding,periodic,140382.519,22458312161,1921207803,27172320000,7458963456,3213099008,23742003491,4531617792,0,0,153944064,
2026-09-12T20:59:33Z,DC3E2C15-ABB3-47B8-9734-7DB23E89C1FA,156,decoding,periodic,141387.941,22400056127,1979463837,27172582144,7458963456,3213099008,23742003491,4531617792,0,0,153944064,
2026-09-12T20:59:34Z,DC3E2C15-ABB3-47B8-9734-7DB23E89C1FA,157,decoding,periodic,142414.473,22459540881,1919979083,27172664064,7458947072,3213099008,23742003491,4531617792,0,0,153944064,
2026-09-12T20:59:35Z,DC3E2C15-ABB3-47B8-9734-7DB23E89C1FA,158,decoding,periodic,143463.842,22963321675,2272884909,27820913408,7458947072,3213099008,23742003491,4531617792,0,0,153944064,
2026-09-12T20:59:36Z,DC3E2C15-ABB3-47B8-9734-7DB23E89C1FA,159,decoding,periodic,144500.152,22483608815,1918496909,27195929344,7458947072,3213099008,23742003491,4531617792,0,0,153944064,
2026-09-12T20:59:37Z,DC3E2C15-ABB3-47B8-9734-7DB23E89C1FA,160,decoding,periodic,145507.120,22411213651,1990892073,27196175104,7458947072,3213099008,23742003491,4531617792,0,0,153944064,
2026-09-12T20:59:38Z,DC3E2C15-ABB3-47B8-9734-7DB23E89C1FA,161,decoding,periodic,146533.975,22475072981,1927032743,27196437248,7458947072,3213099008,23742003491,4531617792,0,0,153944064,
2026-09-12T20:59:39Z,DC3E2C15-ABB3-47B8-9734-7DB23E89C1FA,162,decoding,periodic,147543.009,22412720967,1989384757,27196666624,7458947072,3213099008,23742003491,4531617792,0,0,153944064,
2026-09-12T20:59:40Z,DC3E2C15-ABB3-47B8-9734-7DB23E89C1FA,163,decoding,periodic,148569.905,22471891305,1930222611,27196732160,7458930688,3213099008,23742003491,4531617792,0,0,153944064,
2026-09-12T20:59:41Z,DC3E2C15-ABB3-47B8-9734-7DB23E89C1FA,164,decoding,periodic,149572.631,22483608815,1918505101,27197141760,7458914304,3213099008,23742003491,4531617792,0,0,153944064,
2026-09-12T20:59:42Z,DC3E2C15-ABB3-47B8-9734-7DB23E89C1FA,165,decoding,periodic,150603.660,22491929702,1950872270,27238150912,7458897920,3213099008,23742003491,4531617792,0,0,153944064,
2026-09-12T20:59:43Z,DC3E2C15-ABB3-47B8-9734-7DB23E89C1FA,166,decoding,periodic,151606.646,22410525531,2014134861,27220194048,7458848768,3213099008,23742003491,4531617792,0,0,153944064,
2026-09-12T20:59:44Z,DC3E2C15-ABB3-47B8-9734-7DB23E89C1FA,167,decoding,periodic,152630.548,22534109919,1890550477,27220259584,7458816000,3213099008,23742003491,4531617792,0,0,153944064,
2026-09-12T20:59:45Z,DC3E2C15-ABB3-47B8-9734-7DB23E89C1FA,168,decoding,periodic,153642.063,22410525531,2014138709,27220554496,7458750464,3213099008,23742003491,4531617792,0,0,153944064,
2026-09-12T20:59:46Z,DC3E2C15-ABB3-47B8-9734-7DB23E89C1FA,169,decoding,periodic,154675.837,22492587469,1932076771,27220800256,7458619392,3213099008,23742003491,4531617792,0,0,153944064,
2026-09-12T20:59:47Z,DC3E2C15-ABB3-47B8-9734-7DB23E89C1FA,170,decoding,periodic,155680.610,22427958091,1996714341,27220882176,7458570240,3213099008,23742003491,4531617792,0,0,153944064,
2026-09-12T20:59:48Z,DC3E2C15-ABB3-47B8-9734-7DB23E89C1FA,171,decoding,periodic,156696.582,22534109919,1890562513,27220947712,7458537472,3213099008,23742003491,4531617792,0,0,153944064,
2026-09-12T20:59:49Z,DC3E2C15-ABB3-47B8-9734-7DB23E89C1FA,172,decoding,periodic,157722.627,22543039239,1922729290,27262366464,7458422784,3213099008,23742003491,4531617792,0,0,153944064,
2026-09-12T20:59:50Z,6BA531E4-9A13-4936-83C6-519557C15B39,1,preparing,observation,0.031,21395402435,644087808,26007975760,6965379072,3213099008,23742003491,,,,,
2026-09-12T20:59:50Z,6BA531E4-9A13-4936-83C6-519557C15B39,2,preparing,observation,0.117,21395402435,644087808,26007975760,6965379072,3213099008,23742003491,,,,,
2026-09-12T20:59:50Z,6BA531E4-9A13-4936-83C6-519557C15B39,3,preparing,observation,1.136,21395402435,644087808,26007975760,6965280768,3213099008,23742003491,,,,,
2026-09-12T20:59:50Z,6BA531E4-9A13-4936-83C6-519557C15B39,4,preparing,phaseEnd,136.669,21395680963,644644864,26008942416,6952927232,3213099008,23742003491,,,,,
2026-09-12T20:59:50Z,6BA531E4-9A13-4936-83C6-519557C15B39,5,restoring,phaseBegin,136.738,21395680963,644644864,26008942416,6952927232,3213099008,23742003491,4687593472,0,0,,
2026-09-12T20:59:50Z,6BA531E4-9A13-4936-83C6-519557C15B39,6,restoring,observation,136.787,21395680963,644644864,26008942416,6952927232,3213099008,23742003491,4687593472,0,0,,
2026-09-12T20:59:50Z,6BA531E4-9A13-4936-83C6-519557C15B39,7,restoring,phaseEnd,139.303,21550608067,489718240,26008942416,6952927232,3213099008,23742003491,4687593472,0,0,,
2026-09-12T20:59:50Z,6BA531E4-9A13-4936-83C6-519557C15B39,8,restored,phaseBegin,139.357,21550608067,489718240,26008942416,6952927232,3213099008,23742003491,4687593472,0,0,153944064,
2026-09-12T20:59:50Z,6BA531E4-9A13-4936-83C6-519557C15B39,9,restored,phaseEnd,146.236,21550608067,489718240,26008958800,6952927232,3213099008,23742003491,4687593472,0,0,153944064,
2026-09-12T20:59:50Z,6BA531E4-9A13-4936-83C6-519557C15B39,10,prefilling,phaseBegin,146.340,21550608067,489718240,26008958800,6952927232,3213099008,23742003491,4687593472,0,0,153944064,
2026-09-12T20:59:50Z,6BA531E4-9A13-4936-83C6-519557C15B39,11,prefilling,phaseEnd,146.412,21550608067,489718240,26008958800,6952927232,3213099008,23742003491,4687593472,0,0,153944064,
2026-09-12T20:59:50Z,6BA531E4-9A13-4936-83C6-519557C15B39,12,dflashPreparing,phaseBegin,146.472,21550608067,489718240,26008958800,6952927232,3213099008,23742003491,4687593472,0,0,153944064,
2026-09-12T20:59:50Z,DC3E2C15-ABB3-47B8-9734-7DB23E89C1FA,173,decoding,phaseEnd,158729.764,21883727555,2147557958,26890351360,7458373632,3213099008,23742003491,4531617792,0,0,153944064,
2026-09-12T20:59:50Z,DC3E2C15-ABB3-47B8-9734-7DB23E89C1FA,174,generationQuiescent,phaseBegin,158729.879,21883727555,2147557958,26890351360,7458373632,3213099008,23742003491,4531617792,0,0,153944064,
2026-09-12T20:59:50Z,DC3E2C15-ABB3-47B8-9734-7DB23E89C1FA,175,generationQuiescent,phaseEnd,158729.970,21883727555,2147557958,26890351360,7458373632,3213099008,23742003491,4531617792,0,0,153944064,
2026-09-12T20:59:50Z,DC3E2C15-ABB3-47B8-9734-7DB23E89C1FA,176,admittingCheckpoints,phaseBegin,158730.027,21883727555,2147557958,26890351360,7458373632,3213099008,23742003491,4531617792,0,0,153944064,
2026-09-12T20:59:50Z,DC3E2C15-ABB3-47B8-9734-7DB23E89C1FA,177,admittingCheckpoints,periodic,158737.438,21883727555,2147557958,26890351360,7458373632,3213099008,23742003491,4531617792,0,0,153944064,
2026-09-12T20:59:50Z,DC3E2C15-ABB3-47B8-9734-7DB23E89C1FA,178,admittingCheckpoints,phaseEnd,158737.863,21883727555,2147557958,26890384128,7458324480,3213099008,23742003491,4531617792,0,0,153944064,
2026-09-12T20:59:50Z,DC3E2C15-ABB3-47B8-9734-7DB23E89C1FA,179,storingLeaf,phaseBegin,158737.938,21883727555,2147557958,26890400512,7458324480,3213099008,23742003491,4531617792,4198432768,1,153944064,
2026-09-12T20:59:50Z,DC3E2C15-ABB3-47B8-9734-7DB23E89C1FA,180,storingLeaf,phaseEnd,158762.169,21883727555,2147557958,26890466048,7458127872,3213099008,23742003491,4531617792,4198432768,1,153944064,
2026-09-12T20:59:50Z,DC3E2C15-ABB3-47B8-9734-7DB23E89C1FA,181,capturingLeaf,phaseBegin,158762.257,21883727555,2147557958,26890466048,7458127872,3213099008,23742003491,4531617792,4198432768,1,153944064,
2026-09-12T20:59:50Z,DC3E2C15-ABB3-47B8-9734-7DB23E89C1FA,182,capturingLeaf,phaseEnd,158762.508,21883727555,2147557958,26890466048,7458127872,3213099008,23742003491,4531617792,4198432768,1,153944064,
2026-09-12T20:59:50Z,DC3E2C15-ABB3-47B8-9734-7DB23E89C1FA,183,preparingPayload,phaseBegin,158762.587,21883727555,2147557958,26890466048,7458127872,3213099008,23742003491,4531617792,4198432768,1,153944064,
2026-09-12T20:59:50Z,DC3E2C15-ABB3-47B8-9734-7DB23E89C1FA,184,preparingPayload,phaseEnd,158776.155,22527815363,1851073194,27176088320,7458127872,3213099008,23742003491,4531617792,4198432768,1,153944064,
2026-09-12T20:59:50Z,DC3E2C15-ABB3-47B8-9734-7DB23E89C1FA,185,admittingLeaf,phaseBegin,158776.264,22527815363,1851073194,27176088320,7458127872,3213099008,23742003491,4531617792,4198432768,1,153944064,
2026-09-12T20:59:50Z,DC3E2C15-ABB3-47B8-9734-7DB23E89C1FA,186,admittingLeaf,observation,158776.708,22372937411,2005951146,27176088320,7457538048,3213099008,23742003491,4531617792,4198432768,1,0,
2026-09-12T20:59:50Z,DC3E2C15-ABB3-47B8-9734-7DB23E89C1FA,187,admittingLeaf,phaseEnd,158818.381,22039490243,0,25057931816,6969393152,3213099008,23742003491,4531617792,4198432768,1,0,
2026-09-12T20:59:50Z,DC3E2C15-ABB3-47B8-9734-7DB23E89C1FA,188,recordingRequest,phaseBegin,158818.475,22039490243,0,25057931816,6969393152,3213099008,23742003491,4531617792,4198432768,1,0,
2026-09-12T20:59:50Z,DC3E2C15-ABB3-47B8-9734-7DB23E89C1FA,189,recordingRequest,phaseEnd,158819.640,22029807299,9682944,25061257768,6969327616,3213099008,23742003491,4531617792,4198432768,1,0,
2026-09-12T20:59:50Z,DC3E2C15-ABB3-47B8-9734-7DB23E89C1FA,190,finishingStream,phaseBegin,158819.717,22029807299,9682944,25061814824,6969327616,3213099008,23742003491,4687593472,0,0,0,
2026-09-12T20:59:50Z,DC3E2C15-ABB3-47B8-9734-7DB23E89C1FA,191,finishingStream,cancelSignal,158819.797,22029807299,9682944,25062421032,6969311232,3213099008,23742003491,4687593472,0,0,0,
2026-09-12T20:59:50Z,DC3E2C15-ABB3-47B8-9734-7DB23E89C1FA,192,finishingStream,phaseEnd,158819.876,22029807299,9682944,25063092776,6969311232,3213099008,23742003491,4687593472,0,0,0,
2026-09-12T20:59:50Z,DC3E2C15-ABB3-47B8-9734-7DB23E89C1FA,193,releasingRequest,phaseBegin,158819.967,22029807299,9682944,25063797288,6969311232,3213099008,23742003491,4687593472,0,0,0,
2026-09-12T20:59:50Z,DC3E2C15-ABB3-47B8-9734-7DB23E89C1FA,194,releasingRequest,observation,158820.085,22029807299,9682944,25064632872,6969311232,3213099008,23742003491,4687593472,0,0,0,
2026-09-12T20:59:50Z,DC3E2C15-ABB3-47B8-9734-7DB23E89C1FA,195,releasingRequest,phaseEnd,158820.191,22029807299,9682944,25065419304,6969294848,3213099008,23742003491,4687593472,0,0,0,completed
2026-09-12T20:59:50Z,DC3E2C15-ABB3-47B8-9734-7DB23E89C1FA,196,finished,terminal,158820.268,22029807299,9682944,25065992744,6969294848,3213099008,23742003491,4687593472,0,0,0,completed
2026-09-12T20:59:51Z,6BA531E4-9A13-4936-83C6-519557C15B39,13,dflashPreparing,phaseEnd,812.652,21658497703,109336665,23365578392,6560923648,3213099008,23742003491,4687593472,0,0,153944064,
2026-09-12T20:59:51Z,6BA531E4-9A13-4936-83C6-519557C15B39,14,prefilled,phaseBegin,812.811,21658497703,109336665,23365578392,6560923648,3213099008,23742003491,4687593472,0,0,153944064,
2026-09-12T20:59:51Z,6BA531E4-9A13-4936-83C6-519557C15B39,15,prefilled,phaseEnd,820.432,21641884291,125950077,23365594776,6560923648,3213099008,23742003491,4687593472,0,0,153944064,
2026-09-12T20:59:51Z,6BA531E4-9A13-4936-83C6-519557C15B39,16,decoding,phaseBegin,820.538,21641884291,125950077,23365594776,6560923648,3213099008,23742003491,4687593472,0,0,153944064,
2026-09-12T20:59:51Z,6BA531E4-9A13-4936-83C6-519557C15B39,17,decoding,observation,820.655,21641605775,126228593,23365594776,6560923648,3213099008,23742003491,4687593472,0,0,153944064,
2026-09-12T20:59:51Z,6BA531E4-9A13-4936-83C6-519557C15B39,18,decoding,periodic,1029.034,22033365791,233246023,23864569496,6560825344,3213099008,23742003491,4687593472,0,0,153944064,
2026-09-12T20:59:51Z,DC3E2C15-ABB3-47B8-9734-7DB23E89C1FA,197,settled,afterRelease,159837.018,21748807631,230258999,23576931992,6560923648,3213099008,23742003491,4687593472,0,0,0,completed
2026-09-12T20:59:52Z,6BA531E4-9A13-4936-83C6-519557C15B39,19,decoding,periodic,2036.631,22045816659,406672751,24052821656,6560284672,3213099008,23742003491,4687593472,0,0,153944064,
2026-09-12T20:59:53Z,6BA531E4-9A13-4936-83C6-519557C15B39,20,decoding,periodic,3100.539,22085535551,366975363,24052821656,6560268288,3213099008,23742003491,4687593472,0,0,153944064,
2026-09-12T20:59:54Z,6BA531E4-9A13-4936-83C6-519557C15B39,21,decoding,periodic,4101.810,22079437817,373073097,24052821656,6560219136,3213099008,23742003491,4687593472,0,0,153944064,
2026-09-12T20:59:55Z,6BA531E4-9A13-4936-83C6-519557C15B39,22,decoding,periodic,5125.047,22193699725,258811189,24052821656,6560219136,3213099008,23742003491,4687593472,0,0,153944064,
2026-09-12T20:59:56Z,6BA531E4-9A13-4936-83C6-519557C15B39,23,decoding,periodic,6145.747,23046749073,2015609104,26379251352,6560186368,3213099008,23742003491,4687593472,0,0,153944064,
2026-09-12T20:59:57Z,6BA531E4-9A13-4936-83C6-519557C15B39,24,decoding,periodic,7152.621,22064508713,2049444871,25715191448,6560186368,3213099008,23742003491,4687593472,0,0,153944064,
2026-09-12T20:59:58Z,6BA531E4-9A13-4936-83C6-519557C15B39,25,decoding,periodic,8199.129,22233676589,1880300435,25715191448,6560186368,3213099008,23742003491,4687593472,0,0,153944064,
2026-09-12T20:59:59Z,6BA531E4-9A13-4936-83C6-519557C15B39,26,decoding,periodic,9200.247,22104832945,2010541547,25716600472,6560137216,3213099008,23742003491,4687593472,0,0,153944064,
2026-09-12T21:00:00Z,6BA531E4-9A13-4936-83C6-519557C15B39,27,decoding,periodic,10230.670,22102312563,2013061937,25716666008,6560104448,3213099008,23742003491,4687593472,0,0,153944064,
2026-09-12T21:00:01Z,6BA531E4-9A13-4936-83C6-519557C15B39,28,decoding,periodic,11233.150,22085060541,2030313959,25716666008,6560104448,3213099008,23742003491,4687593472,0,0,153944064,
2026-09-12T21:00:02Z,6BA531E4-9A13-4936-83C6-519557C15B39,29,decoding,periodic,12234.383,22127819665,1987554835,25716666008,6560055296,3213099008,23742003491,4687593472,0,0,153944064,
2026-09-12T21:00:03Z,6BA531E4-9A13-4936-83C6-519557C15B39,30,decoding,periodic,13238.187,22127066025,1939757343,25668071064,6560055296,3213099008,23742003491,4687593472,0,0,153944064,
2026-09-12T21:00:04Z,6BA531E4-9A13-4936-83C6-519557C15B39,31,decoding,periodic,14272.748,22119155381,2059088675,25779564184,6560038912,3213099008,23742003491,4687593472,0,0,153944064,
2026-09-12T21:00:05Z,6BA531E4-9A13-4936-83C6-519557C15B39,32,decoding,periodic,15283.467,22115744697,2062499359,25779531416,6560038912,3213099008,23742003491,4687593472,0,0,153944064,
2026-09-12T21:00:07Z,6BA531E4-9A13-4936-83C6-519557C15B39,33,decoding,periodic,16310.636,22119122547,2059121509,25784233624,6560038912,3213099008,23742003491,4687593472,0,0,153944064,
2026-09-12T21:00:08Z,6BA531E4-9A13-4936-83C6-519557C15B39,34,decoding,periodic,17311.718,22123150261,2055093795,25784233624,6560038912,3213099008,23742003491,4687593472,0,0,153944064,
2026-09-12T21:00:09Z,6BA531E4-9A13-4936-83C6-519557C15B39,35,decoding,periodic,18324.881,22208281429,1969965699,25783660184,6559367168,3213099008,23742003491,4687593472,0,0,153944064,
2026-09-12T21:00:10Z,6BA531E4-9A13-4936-83C6-519557C15B39,36,decoding,periodic,19365.007,22813063985,2021818672,26662219416,6559367168,3213099008,23742003491,4687593472,0,0,153944064,
2026-09-12T21:00:11Z,6BA531E4-9A13-4936-83C6-519557C15B39,37,decoding,periodic,20383.093,22139911097,1918308223,25663581848,6559350784,3213099008,23742003491,4687593472,0,0,153944064,
2026-09-12T21:00:11Z,6BA531E4-9A13-4936-83C6-519557C15B39,38,decoding,periodic,21383.637,22197762941,1860456379,25663581848,6559350784,3213099008,23742003491,4687593472,0,0,153944064,
2026-09-12T21:00:12Z,6BA531E4-9A13-4936-83C6-519557C15B39,39,decoding,periodic,22390.912,22138371001,1919848319,25663581848,6559350784,3213099008,23742003491,4687593472,0,0,153944064,
2026-09-12T21:00:13Z,6BA531E4-9A13-4936-83C6-519557C15B39,40,decoding,periodic,23410.674,22135981749,1922237571,25663581848,6559334400,3213099008,23742003491,4687593472,0,0,153944064,
2026-09-12T21:00:14Z,6BA531E4-9A13-4936-83C6-519557C15B39,41,decoding,periodic,24416.952,22151510957,1906708363,25663581848,6559301632,3213099008,23742003491,4687593472,0,0,153944064,
2026-09-12T21:00:16Z,6BA531E4-9A13-4936-83C6-519557C15B39,42,decoding,periodic,25448.794,22135981687,1922237633,25663614616,6559285248,3213099008,23742003491,4687593472,0,0,153944064,
2026-09-12T21:00:17Z,6BA531E4-9A13-4936-83C6-519557C15B39,43,decoding,periodic,26453.971,22149970845,1908248475,25663631000,6559236096,3213099008,23742003491,4687593472,0,0,153944064,
2026-09-12T21:00:18Z,6BA531E4-9A13-4936-83C6-519557C15B39,44,decoding,periodic,27477.091,22149020667,1931905037,25686339224,6559186944,3213099008,23742003491,4687593472,0,0,153944064,
2026-09-12T21:00:19Z,6BA531E4-9A13-4936-83C6-519557C15B39,45,decoding,periodic,28512.323,22288022385,1792903319,25686371992,6559186944,3213099008,23742003491,4687593472,0,0,153944064,
2026-09-12T21:00:20Z,6BA531E4-9A13-4936-83C6-519557C15B39,46,decoding,periodic,29518.659,22156704765,1924220939,25686404760,6559170560,3213099008,23742003491,4687593472,0,0,153944064,
2026-09-12T21:00:21Z,6BA531E4-9A13-4936-83C6-519557C15B39,47,decoding,periodic,30541.406,22264707977,1816217727,25686404760,6559154176,3213099008,23742003491,4687593472,0,0,153944064,
2026-09-12T21:00:22Z,6BA531E4-9A13-4936-83C6-519557C15B39,48,decoding,periodic,31564.797,22160620507,2043344141,25809415832,6559121408,3213099008,23742003491,4687593472,0,0,153944064,
2026-09-12T21:00:23Z,6BA531E4-9A13-4936-83C6-519557C15B39,49,decoding,periodic,32579.869,22156688381,2047276267,25809432216,6559039488,3213099008,23742003491,4687593472,0,0,153944064,
2026-09-12T21:00:24Z,6BA531E4-9A13-4936-83C6-519557C15B39,50,decoding,periodic,33592.766,22171908999,1931620861,25709080216,6559039488,3213099008,23742003491,4687593472,0,0,153944064,
2026-09-12T21:00:25Z,6BA531E4-9A13-4936-83C6-519557C15B39,51,decoding,periodic,34595.670,22242868145,1860668991,25709096600,6559023104,3213099008,23742003491,4687593472,0,0,153944064,
2026-09-12T21:00:26Z,6BA531E4-9A13-4936-83C6-519557C15B39,52,decoding,periodic,35597.117,22169536183,1934000953,25709129368,6558990336,3213099008,23742003491,4687593472,0,0,153944064,
2026-09-12T21:00:27Z,6BA531E4-9A13-4936-83C6-519557C15B39,53,decoding,periodic,36608.121,22161849349,1941687787,25709145752,6558973952,3213099008,23742003491,4687593472,0,0,153944064,
2026-09-12T21:00:28Z,6BA531E4-9A13-4936-83C6-519557C15B39,54,decoding,periodic,37642.857,22169519799,1934017337,25709145752,6558973952,3213099008,23742003491,4687593472,0,0,153944064,
2026-09-12T21:00:29Z,6BA531E4-9A13-4936-83C6-519557C15B39,55,decoding,periodic,38645.617,22177545201,1925991935,25709145752,6558973952,3213099008,23742003491,4687593472,0,0,153944064,
2026-09-12T21:00:30Z,6BA531E4-9A13-4936-83C6-519557C15B39,56,decoding,periodic,39658.650,22258580381,1844956755,25709145752,6558957568,3213099008,23742003491,4687593472,0,0,153944064,
2026-09-12T21:00:31Z,6BA531E4-9A13-4936-83C6-519557C15B39,57,decoding,periodic,40699.857,22298213257,1827930151,25731755672,6558957568,3213099008,23742003491,4687593472,0,0,153944064,
2026-09-12T21:00:32Z,6BA531E4-9A13-4936-83C6-519557C15B39,58,decoding,periodic,41715.573,22188719101,1937424307,25731755672,6558924800,3213099008,23742003491,4687593472,0,0,153944064,
2026-09-12T21:00:33Z,6BA531E4-9A13-4936-83C6-519557C15B39,59,decoding,periodic,42717.264,22165073541,1961069867,25731755672,6558924800,3213099008,23742003491,4687593472,0,0,153944064,
2026-09-12T21:00:34Z,6BA531E4-9A13-4936-83C6-519557C15B39,60,decoding,periodic,43720.625,22200269809,1925873599,25731788440,6558924800,3213099008,23742003491,4687593472,0,0,153944064,
2026-09-12T21:00:35Z,6BA531E4-9A13-4936-83C6-519557C15B39,61,decoding,periodic,44749.760,22321593201,1804550207,25731821208,6558924800,3213099008,23742003491,4687593472,0,0,153944064,
2026-09-12T21:00:36Z,6BA531E4-9A13-4936-83C6-519557C15B39,62,decoding,periodic,45750.297,22275373985,1850769423,25731821208,6558924800,3213099008,23742003491,4687593472,0,0,153944064,
2026-09-12T21:00:37Z,6BA531E4-9A13-4936-83C6-519557C15B39,63,decoding,periodic,46776.198,22300959991,1847703305,25754349208,6558924800,3213099008,23742003491,4687593472,0,0,153944064,
2026-09-12T21:00:38Z,6BA531E4-9A13-4936-83C6-519557C15B39,64,decoding,periodic,47777.353,22222699343,2030119965,25858420376,6558826496,3213099008,23742003491,4687593472,0,0,153944064,
2026-09-12T21:00:39Z,6BA531E4-9A13-4936-83C6-519557C15B39,65,decoding,periodic,48796.555,22300959991,1951859317,25858322072,6558826496,3213099008,23742003491,4687593472,0,0,153944064,
2026-09-12T21:00:40Z,6BA531E4-9A13-4936-83C6-519557C15B39,66,decoding,periodic,49802.618,22300959991,1951859317,25858289304,6558826496,3213099008,23742003491,4687593472,0,0,153944064,
2026-09-12T21:00:41Z,6BA531E4-9A13-4936-83C6-519557C15B39,67,decoding,periodic,50803.604,22218586967,2034232341,25858322072,6558695424,3213099008,23742003491,4687593472,0,0,153944064,
2026-09-12T21:00:42Z,6BA531E4-9A13-4936-83C6-519557C15B39,68,decoding,periodic,51804.916,22285613859,1885544213,25776762520,6558367744,3213099008,23742003491,4687593472,0,0,153944064,
2026-09-12T21:00:43Z,6BA531E4-9A13-4936-83C6-519557C15B39,69,decoding,periodic,52807.613,22227712863,1943497433,25776909976,6558351360,3213099008,23742003491,4687593472,0,0,153944064,
2026-09-12T21:00:44Z,6BA531E4-9A13-4936-83C6-519557C15B39,70,decoding,periodic,53828.944,22343498471,1827711825,25776975512,6558351360,3213099008,23742003491,4687593472,0,0,153944064,
2026-09-12T21:00:45Z,6BA531E4-9A13-4936-83C6-519557C15B39,71,decoding,periodic,54829.169,22227745623,2066359521,25899855512,6558351360,3213099008,23742003491,4687593472,0,0,153944064,
2026-09-12T21:00:46Z,6BA531E4-9A13-4936-83C6-519557C15B39,72,decoding,periodic,55831.459,22343498471,1950606673,25899855512,6558351360,3213099008,23742003491,4687593472,0,0,153944064,
2026-09-12T21:00:47Z,6BA531E4-9A13-4936-83C6-519557C15B39,73,decoding,periodic,56866.931,22308682507,1985422637,25899921048,6558351360,3213099008,23742003491,4687593472,0,0,153944064,
2026-09-12T21:00:48Z,6BA531E4-9A13-4936-83C6-519557C15B39,74,decoding,periodic,57895.585,22308682507,1985422637,25899855512,6558351360,3213099008,23742003491,4687593472,0,0,153944064,
2026-09-12T21:00:49Z,6BA531E4-9A13-4936-83C6-519557C15B39,75,decoding,periodic,58901.447,22348872467,1821353145,25775976088,6558318592,3213099008,23742003491,4687593472,0,0,153944064,
2026-09-12T21:00:50Z,6BA531E4-9A13-4936-83C6-519557C15B39,76,decoding,periodic,59904.893,22330571551,1839948977,25776090776,6558302208,3213099008,23742003491,4687593472,0,0,153944064,
2026-09-12T21:00:51Z,6BA531E4-9A13-4936-83C6-519557C15B39,77,decoding,periodic,60909.112,22240639911,1929886609,25776320152,6558302208,3213099008,23742003491,4687593472,0,0,153944064,
2026-09-12T21:00:52Z,6BA531E4-9A13-4936-83C6-519557C15B39,78,decoding,periodic,61909.773,22244490143,1926036377,25776385688,6558302208,3213099008,23742003491,4687593472,0,0,153944064,
2026-09-12T21:00:53Z,6BA531E4-9A13-4936-83C6-519557C15B39,79,decoding,periodic,62913.147,22279224187,1891302333,25776402072,6558302208,3213099008,23742003491,4687593472,0,0,153944064,
2026-09-12T21:00:54Z,6BA531E4-9A13-4936-83C6-519557C15B39,80,decoding,periodic,63932.680,22244490143,1926036377,25776483992,6558253056,3213099008,23742003491,4687593472,0,0,153944064,
2026-09-12T21:00:55Z,6BA531E4-9A13-4936-83C6-519557C15B39,81,decoding,periodic,64934.230,22377396963,1838959717,25822310040,6558253056,3213099008,23742003491,4687593472,0,0,153944064,
2026-09-12T21:00:56Z,6BA531E4-9A13-4936-83C6-519557C15B39,82,decoding,periodic,65949.778,22238100411,2101157805,25945157272,6558253056,3213099008,23742003491,4687593472,0,0,153944064,
2026-09-12T21:00:57Z,6BA531E4-9A13-4936-83C6-519557C15B39,83,decoding,periodic,66954.319,22272834455,2066423761,25945173656,6558220288,3213099008,23742003491,4687593472,0,0,153944064,
2026-09-12T21:00:58Z,6BA531E4-9A13-4936-83C6-519557C15B39,84,decoding,periodic,67958.059,22296017791,2043240425,25945173656,6558220288,3213099008,23742003491,4687593472,0,0,153944064,
2026-09-12T21:00:59Z,6BA531E4-9A13-4936-83C6-519557C15B39,85,decoding,periodic,68963.681,22350003019,1989255197,25945173656,6558220288,3213099008,23742003491,4687593472,0,0,153944064,
2026-09-12T21:01:00Z,6BA531E4-9A13-4936-83C6-519557C15B39,86,decoding,periodic,69974.832,22278110107,1982304989,25866383000,6558220288,3213099008,23742003491,4687593472,0,0,153944064,
2026-09-12T21:01:01Z,6BA531E4-9A13-4936-83C6-519557C15B39,87,decoding,periodic,71017.504,22368150771,1870919041,25845034648,6558203904,3213099008,23742003491,4687593472,0,0,153944064,
2026-09-12T21:01:02Z,6BA531E4-9A13-4936-83C6-519557C15B39,88,decoding,periodic,72041.437,22266772395,1975790297,25848442520,6558187520,3213099008,23742003491,4687593472,0,0,153944064,
2026-09-12T21:01:03Z,6BA531E4-9A13-4936-83C6-519557C15B39,89,decoding,periodic,73042.418,22274227107,1936917217,25824046744,6558187520,3213099008,23742003491,4687593472,0,0,153944064,
2026-09-12T21:01:04Z,6BA531E4-9A13-4936-83C6-519557C15B39,90,decoding,periodic,74053.610,22368150835,1849956689,25824046744,6558187520,3213099008,23742003491,4687593472,0,0,153944064,
2026-09-12T21:01:05Z,6BA531E4-9A13-4936-83C6-519557C15B39,91,decoding,periodic,75066.135,22274227119,1943880405,25824046744,6558187520,3213099008,23742003491,4687593472,0,0,153944064,
2026-09-12T21:01:06Z,6BA531E4-9A13-4936-83C6-519557C15B39,92,decoding,periodic,76101.106,22359096151,1859011373,25824046744,6558187520,3213099008,23742003491,4687593472,0,0,153944064,
2026-09-12T21:01:07Z,6BA531E4-9A13-4936-83C6-519557C15B39,93,decoding,periodic,77124.235,22283369319,1955485757,25844805272,6558187520,3213099008,23742003491,4687593472,0,0,153944064,
2026-09-12T21:01:08Z,6BA531E4-9A13-4936-83C6-519557C15B39,94,decoding,periodic,78130.054,22283615079,1955239997,25844625048,6558187520,3213099008,23742003491,4687593472,0,0,153944064,
2026-09-12T21:01:09Z,6BA531E4-9A13-4936-83C6-519557C15B39,95,decoding,periodic,79132.902,22306470815,1933777013,25846148760,6558187520,3213099008,23742003491,4687593472,0,0,153944064,
2026-09-12T21:01:10Z,6BA531E4-9A13-4936-83C6-519557C15B39,96,decoding,periodic,80138.471,22318086979,1922169041,25846148760,6558171136,3213099008,23742003491,4687593472,0,0,153944064,
2026-09-12T21:01:11Z,6BA531E4-9A13-4936-83C6-519557C15B39,97,decoding,periodic,81187.229,22385009911,1855246109,25846017688,6558171136,3213099008,23742003491,4687593472,0,0,153944064,
2026-09-12T21:01:12Z,6BA531E4-9A13-4936-83C6-519557C15B39,98,decoding,periodic,82230.836,22435461855,1848382477,25889762968,6558171136,3213099008,23742003491,4687593472,0,0,153944064,
2026-09-12T21:01:13Z,6BA531E4-9A13-4936-83C6-519557C15B39,99,decoding,periodic,83256.635,22302718819,1981518729,25890156184,6558171136,3213099008,23742003491,4687593472,0,0,153944064,
2026-09-12T21:01:14Z,6BA531E4-9A13-4936-83C6-519557C15B39,100,decoding,periodic,84262.205,22288497535,1970165101,25864547992,6558171136,3213099008,23742003491,4687593472,0,0,153944064,
2026-09-12T21:01:15Z,6BA531E4-9A13-4936-83C6-519557C15B39,101,decoding,periodic,85263.463,22323477339,1935185297,25864662680,6558171136,3213099008,23742003491,4687593472,0,0,153944064,
2026-09-12T21:01:16Z,6BA531E4-9A13-4936-83C6-519557C15B39,102,decoding,periodic,86307.501,22401770735,1856898045,25864760984,6558171136,3213099008,23742003491,4687593472,0,0,153944064,
2026-09-12T21:01:17Z,6BA531E4-9A13-4936-83C6-519557C15B39,103,decoding,periodic,87353.865,22450764511,1830033141,26035891864,6558171136,3213099008,23742003491,4687593472,0,0,153944064,
2026-09-12T21:01:18Z,6BA531E4-9A13-4936-83C6-519557C15B39,104,decoding,periodic,88380.203,22300064627,1980733025,25887043224,6558171136,3213099008,23742003491,4687593472,0,0,153944064,
2026-09-12T21:01:19Z,6BA531E4-9A13-4936-83C6-519557C15B39,105,decoding,periodic,89381.397,22324624227,1956173425,25886879384,6558171136,3213099008,23742003491,4687593472,0,0,153944064,
2026-09-12T21:01:20Z,6BA531E4-9A13-4936-83C6-519557C15B39,106,decoding,periodic,90412.231,22432725759,1848071893,25886928536,6558171136,3213099008,23742003491,4687593472,0,0,153944064,
2026-09-12T21:01:22Z,6BA531E4-9A13-4936-83C6-519557C15B39,107,decoding,periodic,91437.260,22316907383,1963904605,25887075992,6558171136,3213099008,23742003491,4687593472,0,0,153944064,
2026-09-12T21:01:23Z,6BA531E4-9A13-4936-83C6-519557C15B39,108,decoding,periodic,92449.704,22386293551,1894518437,25887026840,6558171136,3213099008,23742003491,4687593472,0,0,153944064,
2026-09-12T21:01:24Z,6BA531E4-9A13-4936-83C6-519557C15B39,109,decoding,periodic,93469.506,22345317211,1984009169,25935638168,6558171136,3213099008,23742003491,4687593472,0,0,153944064,
2026-09-12T21:01:25Z,6BA531E4-9A13-4936-83C6-519557C15B39,110,decoding,periodic,94473.632,22353001319,1949273541,25908539032,6558171136,3213099008,23742003491,4687593472,0,0,153944064,
2026-09-12T21:01:26Z,6BA531E4-9A13-4936-83C6-519557C15B39,111,decoding,periodic,95483.014,22363011935,1939262925,25908539032,6558171136,3213099008,23742003491,4687593472,0,0,153944064,
2026-09-12T21:01:27Z,6BA531E4-9A13-4936-83C6-519557C15B39,112,decoding,periodic,96487.198,22380034871,1922239989,25908539032,6558171136,3213099008,23742003491,4687593472,0,0,153944064,
2026-09-12T21:01:28Z,6BA531E4-9A13-4936-83C6-519557C15B39,113,decoding,periodic,97503.854,22949084015,2112884189,26667527832,6558171136,3213099008,23742003491,4687593472,0,0,153944064,
2026-09-12T21:01:29Z,6BA531E4-9A13-4936-83C6-519557C15B39,114,decoding,periodic,98514.456,22362061659,1962724945,25931050648,6558171136,3213099008,23742003491,4687593472,0,0,153944064,
2026-09-12T21:01:30Z,6BA531E4-9A13-4936-83C6-519557C15B39,115,decoding,periodic,99523.157,22385376067,1939410537,25930903192,6558171136,3213099008,23742003491,4687593472,0,0,153944064,
2026-09-12T21:01:31Z,6BA531E4-9A13-4936-83C6-519557C15B39,116,decoding,periodic,100541.533,22450830095,1873956525,25931050648,6558171136,3213099008,23742003491,4687593472,0,0,153944064,
2026-09-12T21:01:32Z,6BA531E4-9A13-4936-83C6-519557C15B39,117,decoding,periodic,101558.511,22478076643,1846718169,25931050648,6558171136,3213099008,23742003491,4687593472,0,0,153944064,
2026-09-12T21:01:33Z,6BA531E4-9A13-4936-83C6-519557C15B39,118,decoding,periodic,102559.496,22429702589,1895092223,25930903192,6558171136,3213099008,23742003491,4687593472,0,0,153944064,
2026-09-12T21:01:34Z,6BA531E4-9A13-4936-83C6-519557C15B39,119,decoding,periodic,103577.645,22355524443,1969270369,25930903192,6558171136,3213099008,23742003491,4687593472,0,0,153944064,
2026-09-12T21:01:35Z,6BA531E4-9A13-4936-83C6-519557C15B39,120,decoding,periodic,104606.866,22469027055,1905044153,25980333720,6558171136,3213099008,23742003491,4687593472,0,0,153944064,
2026-09-12T21:01:36Z,6BA531E4-9A13-4936-83C6-519557C15B39,121,decoding,periodic,105626.576,22371174003,1975622963,25953054360,6558171136,3213099008,23742003491,4687593472,0,0,153944064,
2026-09-12T21:01:37Z,6BA531E4-9A13-4936-83C6-519557C15B39,122,decoding,periodic,106631.273,22378855263,1967941703,25953054360,6558171136,3213099008,23742003491,4687593472,0,0,153944064,
2026-09-12T21:01:38Z,6BA531E4-9A13-4936-83C6-519557C15B39,123,decoding,periodic,107632.965,22425140015,1921656951,25953054360,6558171136,3213099008,23742003491,4687593472,0,0,153944064,
2026-09-12T21:01:39Z,6BA531E4-9A13-4936-83C6-519557C15B39,124,decoding,periodic,108657.686,22483466987,1863338171,25953070744,6558171136,3213099008,23742003491,4687593472,0,0,153944064,
2026-09-12T21:01:40Z,6BA531E4-9A13-4936-83C6-519557C15B39,125,decoding,periodic,109661.089,22381951839,2032866073,26021146264,6558171136,3213099008,23742003491,4687593472,0,0,153944064,
2026-09-12T21:01:41Z,6BA531E4-9A13-4936-83C6-519557C15B39,126,decoding,periodic,110661.636,22430300979,1966592849,26003222168,6558171136,3213099008,23742003491,4687593472,0,0,153944064,
2026-09-12T21:01:42Z,6BA531E4-9A13-4936-83C6-519557C15B39,127,decoding,periodic,111687.187,22499801847,1897098637,26003353240,6558154752,3213099008,23742003491,4687593472,0,0,153944064,
2026-09-12T21:01:43Z,6BA531E4-9A13-4936-83C6-519557C15B39,128,decoding,periodic,112688.123,22485656815,1878424977,25970667160,6558154752,3213099008,23742003491,4687593472,0,0,153944064,
2026-09-12T21:01:44Z,6BA531E4-9A13-4936-83C6-519557C15B39,129,decoding,periodic,113706.664,22395566947,1968514845,25970814616,6558154752,3213099008,23742003491,4687593472,0,0,153944064,
2026-09-12T21:01:45Z,6BA531E4-9A13-4936-83C6-519557C15B39,130,decoding,periodic,114716.228,22395566935,1968514857,25970962072,6558154752,3213099008,23742003491,4687593472,0,0,153944064,
2026-09-12T21:01:46Z,6BA531E4-9A13-4936-83C6-519557C15B39,131,decoding,periodic,115738.460,23254399939,2028242677,26439790232,6558154752,3213099008,23742003491,4687593472,0,0,153944064,
2026-09-12T21:01:47Z,6BA531E4-9A13-4936-83C6-519557C15B39,132,decoding,periodic,116749.659,22528260847,1910071154,26045525656,6558154752,3213099008,23742003491,4687593472,0,0,153944064,
2026-09-12T21:01:48Z,6BA531E4-9A13-4936-83C6-519557C15B39,133,decoding,periodic,117778.308,22412344167,2025987834,26045525656,6558154752,3213099008,23742003491,4687593472,0,0,153944064,
2026-09-12T21:01:49Z,6BA531E4-9A13-4936-83C6-519557C15B39,134,decoding,periodic,118785.193,22420044631,2018287370,26045525656,6558154752,3213099008,23742003491,4687593472,0,0,153944064,
2026-09-12T21:01:50Z,6BA531E4-9A13-4936-83C6-519557C15B39,135,decoding,periodic,119834.495,22536075999,1854609778,25997651608,6558154752,3213099008,23742003491,4687593472,0,0,153944064,
2026-09-12T21:01:51Z,6BA531E4-9A13-4936-83C6-519557C15B39,136,decoding,periodic,120866.337,22412327771,1978358006,25997651608,6558154752,3213099008,23742003491,4687593472,0,0,153944064,
2026-09-12T21:01:52Z,6BA531E4-9A13-4936-83C6-519557C15B39,137,decoding,periodic,121897.273,22519129327,1922679821,26048999064,6558138368,3213099008,23755455167,4687593472,0,0,153944064,
2026-09-12T21:01:53Z,6BA531E4-9A13-4936-83C6-519557C15B39,138,decoding,periodic,122911.961,22429137751,1983440805,26019802776,6558138368,3213099008,23755455167,4687593472,0,0,153944064,
2026-09-12T21:01:54Z,6BA531E4-9A13-4936-83C6-519557C15B39,139,decoding,periodic,123914.019,22429072215,1983506341,26019720856,6558138368,3213099008,23755455167,4687593472,0,0,153944064,
2026-09-12T21:01:55Z,6BA531E4-9A13-4936-83C6-519557C15B39,140,decoding,periodic,124962.144,22556621523,1855957033,26019573400,6558138368,3213099008,23755455167,4687593472,0,0,153944064,
2026-09-12T21:01:56Z,6BA531E4-9A13-4936-83C6-519557C15B39,141,decoding,periodic,125992.835,22552771307,1859807249,26019720856,6558121984,3213099008,23755455167,4687593472,0,0,153944064,
2026-09-12T21:01:57Z,6BA531E4-9A13-4936-83C6-519557C15B39,142,decoding,periodic,127016.203,23394859811,2101430257,26784722584,6558105600,3213099008,23755455167,4687593472,0,0,153944064,
2026-09-12T21:01:58Z,6BA531E4-9A13-4936-83C6-519557C15B39,143,decoding,periodic,128049.670,22561749739,1902734157,26071674520,6558105600,3213099008,23776328379,4687593472,0,0,153944064,
2026-09-12T21:01:59Z,6BA531E4-9A13-4936-83C6-519557C15B39,144,decoding,periodic,129056.071,22524222666,1940261230,26071690904,6558105600,3213099008,23776328379,4687593472,0,0,153944064,
2026-09-12T21:02:00Z,6BA531E4-9A13-4936-83C6-519557C15B39,145,decoding,periodic,130070.453,22435017446,1995794844,26037792408,6558105600,3213099008,23776328379,4687593472,0,0,153944064,
2026-09-12T21:02:01Z,6BA531E4-9A13-4936-83C6-519557C15B39,146,decoding,periodic,131080.700,22445833047,1988976941,26041790104,6558105600,3213099008,23776328379,4687593472,0,0,153944064,
2026-09-12T21:02:02Z,6BA531E4-9A13-4936-83C6-519557C15B39,147,decoding,periodic,132082.456,22468934463,1965875525,26041822872,6558105600,3213099008,23776328379,4687593472,0,0,153944064,
2026-09-12T21:02:03Z,6BA531E4-9A13-4936-83C6-519557C15B39,148,decoding,periodic,133094.446,22561454903,1925485669,26094153368,6558105600,3213099008,23797316351,4687593472,0,0,153944064,
2026-09-12T21:02:04Z,6BA531E4-9A13-4936-83C6-519557C15B39,149,decoding,periodic,134118.491,22552667371,1904075005,26063908504,6558105600,3213099008,23797316351,4687593472,0,0,153944064,
2026-09-12T21:02:05Z,6BA531E4-9A13-4936-83C6-519557C15B39,150,decoding,periodic,135122.353,22544210205,1912533967,26063761048,6558105600,3213099008,23797316351,4687593472,0,0,153944064,
2026-09-12T21:02:06Z,6BA531E4-9A13-4936-83C6-519557C15B39,151,decoding,periodic,136133.062,22520708011,1936036161,26064662168,6558105600,3213099008,23797316351,4687593472,0,0,153944064,
2026-09-12T21:02:07Z,6BA531E4-9A13-4936-83C6-519557C15B39,152,decoding,periodic,137153.773,22578510627,1878239689,26064694936,6558105600,3213099008,23797316351,4687593472,0,0,153944064,
2026-09-12T21:02:08Z,6BA531E4-9A13-4936-83C6-519557C15B39,153,decoding,periodic,138154.267,22454863471,2001895037,26064694936,6558105600,3213099008,23797316351,4687593472,0,0,153944064,
2026-09-12T21:02:09Z,6BA531E4-9A13-4936-83C6-519557C15B39,154,decoding,periodic,139166.738,22456466291,2053034909,26117500568,6558105600,3213099008,23818287947,4687593472,0,0,153944064,
2026-09-12T21:02:10Z,6BA531E4-9A13-4936-83C6-519557C15B39,155,decoding,periodic,140178.734,22508747583,2000753617,26117353112,6558089216,3213099008,23818287947,4687593472,0,0,153944064,
2026-09-12T21:02:11Z,6BA531E4-9A13-4936-83C6-519557C15B39,156,decoding,periodic,141184.045,22548872083,1929904625,26086633112,6558089216,3213099008,23818287947,4687593472,0,0,153944064,
2026-09-12T21:02:12Z,6BA531E4-9A13-4936-83C6-519557C15B39,157,decoding,periodic,142203.033,22595304163,1883476801,26086649496,6558089216,3213099008,23818287947,4687593472,0,0,153944064,
2026-09-12T21:02:13Z,6BA531E4-9A13-4936-83C6-519557C15B39,158,decoding,periodic,143204.803,22603119475,1875664597,26086649496,6558089216,3213099008,23818287947,4687593472,0,0,153944064,
2026-09-12T21:02:14Z,6BA531E4-9A13-4936-83C6-519557C15B39,159,decoding,periodic,144207.693,22441811963,2036972109,26086747800,6558089216,3213099008,23818287947,4687593472,0,0,153944064,
2026-09-12T21:02:15Z,6BA531E4-9A13-4936-83C6-519557C15B39,160,decoding,periodic,145227.608,22583343887,1889045197,26080407192,6558089216,3213099008,23839275711,4687593472,0,0,153944064,
2026-09-12T21:02:16Z,6BA531E4-9A13-4936-83C6-519557C15B39,161,decoding,periodic,146229.020,22623697635,1848691449,26080407192,6558089216,3213099008,23839275711,4687593472,0,0,153944064,
2026-09-12T21:02:17Z,6BA531E4-9A13-4936-83C6-519557C15B39,162,decoding,periodic,147229.187,22561700635,1910688449,26080407192,6558089216,3213099008,23839275711,4687593472,0,0,153944064,
2026-09-12T21:02:18Z,6BA531E4-9A13-4936-83C6-519557C15B39,163,decoding,periodic,148234.445,22582239543,1937499301,26127756952,6558089216,3213099008,23839275711,4687593472,0,0,153944064,
2026-09-12T21:02:19Z,6BA531E4-9A13-4936-83C6-519557C15B39,164,decoding,periodic,149237.025,22524574559,2030031653,26162671256,6558089216,3213099008,23860230859,4687593472,0,0,153944064,
2026-09-12T21:02:20Z,6BA531E4-9A13-4936-83C6-519557C15B39,165,decoding,periodic,150238.213,22582442771,1972215665,26162720408,6558089216,3213099008,23860230859,4687593472,0,0,153944064,
2026-09-12T21:02:21Z,6BA531E4-9A13-4936-83C6-519557C15B39,166,decoding,periodic,151244.462,22628907747,1925750689,26162540184,6558089216,3213099008,23860230859,4687593472,0,0,153944064,
2026-09-12T21:02:22Z,6BA531E4-9A13-4936-83C6-519557C15B39,167,decoding,periodic,152245.195,22539585989,1983302335,26130820760,6558072832,3213099008,23860230859,4687593472,0,0,153944064,
2026-09-12T21:02:23Z,6BA531E4-9A13-4936-83C6-519557C15B39,168,decoding,periodic,153247.702,22513007451,2009880873,26130755224,6558072832,3213099008,23860230859,4687593472,0,0,153944064,
2026-09-12T21:02:24Z,6BA531E4-9A13-4936-83C6-519557C15B39,169,decoding,periodic,154250.360,22547987275,1974904121,26130755224,6558072832,3213099008,23860230859,4687593472,0,0,153944064,
2026-09-12T21:02:25Z,6BA531E4-9A13-4936-83C6-519557C15B39,170,decoding,periodic,155264.791,22625090283,1897809305,26130755224,6558056448,3213099008,23860230859,4687593472,0,0,153944064,
2026-09-12T21:02:26Z,6BA531E4-9A13-4936-83C6-519557C15B39,171,decoding,periodic,156265.484,22529801067,2047432413,26185330328,6558040064,3213099008,23881284303,4687593472,0,0,153944064,
2026-09-12T21:02:27Z,6BA531E4-9A13-4936-83C6-519557C15B39,172,decoding,periodic,157266.213,22604553434,1972683118,26185330328,6558040064,3213099008,23881284303,4687593472,0,0,153944064,
2026-09-12T21:02:28Z,6BA531E4-9A13-4936-83C6-519557C15B39,173,decoding,periodic,158277.199,22525934435,2051302117,26185297560,6558040064,3213099008,23881284303,4687593472,0,0,153944064,
2026-09-12T21:02:29Z,6BA531E4-9A13-4936-83C6-519557C15B39,174,decoding,periodic,159288.778,22576315179,1968621337,26152791704,6558007296,3213099008,23881284303,4687593472,0,0,153944064,
2026-09-12T21:02:30Z,6BA531E4-9A13-4936-83C6-519557C15B39,175,decoding,periodic,160293.153,22618553091,1926383425,26152791704,6558007296,3213099008,23881284303,4687593472,0,0,153944064,
2026-09-12T21:02:31Z,6BA531E4-9A13-4936-83C6-519557C15B39,176,decoding,periodic,161306.307,22619890927,1925045589,26152791704,6557990912,3213099008,23881284303,4687593472,0,0,153944064,
2026-09-12T21:02:32Z,6BA531E4-9A13-4936-83C6-519557C15B39,177,decoding,periodic,162308.493,22504572327,2040364189,26152890008,6557990912,3213099008,23881284303,4687593472,0,0,153944064,
2026-09-12T21:02:33Z,6BA531E4-9A13-4936-83C6-519557C15B39,178,decoding,periodic,163312.967,22604479263,1995346745,26207891096,6557990912,3213099008,23902272191,4687593472,0,0,153944064,
2026-09-12T21:02:34Z,6BA531E4-9A13-4936-83C6-519557C15B39,179,decoding,periodic,164314.495,22658726635,1941099373,26207907480,6557990912,3213099008,23902272191,4687593472,0,0,153944064,
2026-09-12T21:02:35Z,6BA531E4-9A13-4936-83C6-519557C15B39,180,decoding,periodic,165316.447,22621347030,1978485122,26207923864,6557990912,3213099008,23902272191,4687593472,0,0,153944064,
2026-09-12T21:02:36Z,6BA531E4-9A13-4936-83C6-519557C15B39,181,decoding,periodic,166319.815,22523640691,2038637797,26170322584,6557990912,3213099008,23902272191,4687593472,0,0,153944064,
2026-09-12T21:02:37Z,6BA531E4-9A13-4936-83C6-519557C15B39,182,decoding,periodic,167329.340,22558128987,2004149501,26170257048,6557990912,3213099008,23902272191,4687593472,0,0,153944064,
2026-09-12T21:02:38Z,6BA531E4-9A13-4936-83C6-519557C15B39,183,decoding,periodic,168350.236,22547807063,2014373121,26170322584,6557990912,3213099008,23902272191,4687593472,0,0,153944064,
2026-09-12T21:02:39Z,6BA531E4-9A13-4936-83C6-519557C15B39,184,decoding,periodic,169357.872,22647973113,1865414251,26121481880,6557990912,3213099008,23923292863,4687593472,0,0,153944064,
2026-09-12T21:02:40Z,6BA531E4-9A13-4936-83C6-519557C15B39,185,decoding,periodic,170360.721,22638123437,1950809067,26197044888,6557990912,3213099008,23923292863,4687593472,0,0,153944064,
2026-09-12T21:02:41Z,6BA531E4-9A13-4936-83C6-519557C15B39,186,decoding,periodic,171376.998,22563601255,2025331249,26196979352,6557990912,3213099008,23923292863,4687593472,0,0,153944064,
2026-09-12T21:02:42Z,6BA531E4-9A13-4936-83C6-519557C15B39,187,decoding,periodic,172387.130,22609640235,1979292269,26196979352,6557990912,3213099008,23923292863,4687593472,0,0,153944064,
2026-09-12T21:02:43Z,6BA531E4-9A13-4936-83C6-519557C15B39,188,decoding,periodic,173403.143,22675487479,1913453217,26196979352,6557990912,3213099008,23923292863,4687593472,0,0,153944064,
2026-09-12T21:02:44Z,6BA531E4-9A13-4936-83C6-519557C15B39,189,decoding,periodic,174422.777,22622583607,2022302557,26253061784,6557990912,3213099008,23944247999,4687593472,0,0,153944064,
2026-09-12T21:02:46Z,6BA531E4-9A13-4936-83C6-519557C15B39,190,decoding,periodic,175454.518,22707714779,1937171385,26253291160,6557990912,3213099008,23944247999,4687593472,0,0,153944064,
2026-09-12T21:02:47Z,6BA531E4-9A13-4936-83C6-519557C15B39,191,decoding,periodic,176469.977,22568647523,2042371373,26219703960,6557990912,3213099008,23944247999,4687593472,0,0,153944064,
2026-09-12T21:02:48Z,6BA531E4-9A13-4936-83C6-519557C15B39,192,decoding,periodic,177493.979,22645668639,1965350257,26219949720,6557990912,3213099008,23944247999,4687593472,0,0,153944064,
2026-09-12T21:02:49Z,6BA531E4-9A13-4936-83C6-519557C15B39,193,decoding,periodic,178495.768,22580132695,2030886201,26220179096,6557990912,3213099008,23944247999,4687593472,0,0,153944064,
2026-09-12T21:02:50Z,6BA531E4-9A13-4936-83C6-519557C15B39,194,decoding,periodic,179523.362,22678889925,1988586907,26276949656,6557990912,3213099008,23965203139,4687593472,0,0,153944064,
2026-09-12T21:02:51Z,6BA531E4-9A13-4936-83C6-519557C15B39,195,decoding,periodic,180543.954,22597155683,2026326017,26233187992,6557990912,3213099008,23965203139,4687593472,0,0,153944064,
2026-09-12T21:02:52Z,6BA531E4-9A13-4936-83C6-519557C15B39,196,decoding,periodic,181565.720,22677928719,1945552981,26233433752,6557990912,3213099008,23965203139,4687593472,0,0,153944064,
2026-09-12T21:02:53Z,6BA531E4-9A13-4936-83C6-519557C15B39,197,decoding,periodic,182566.765,22709025523,1914456177,26233663128,6557990912,3213099008,23965203139,4687593472,0,0,153944064,
2026-09-12T21:02:54Z,6BA531E4-9A13-4936-83C6-519557C15B39,198,decoding,periodic,183593.585,23303813903,2130249853,27022487192,6557990912,3213099008,23965203139,4687593472,0,0,153944064,
2026-09-12T21:02:55Z,6BA531E4-9A13-4936-83C6-519557C15B39,199,decoding,periodic,184625.469,22605956719,2020716941,26237431448,6557990912,3213099008,23986174655,4687593472,0,0,153944064,
2026-09-12T21:02:56Z,6BA531E4-9A13-4936-83C6-519557C15B39,200,decoding,periodic,185643.489,22602382179,2024295065,26237562520,6557990912,3213099008,23986174655,4687593472,0,0,153944064,
2026-09-12T21:02:57Z,6BA531E4-9A13-4936-83C6-519557C15B39,201,decoding,periodic,186655.088,22660217639,1966459605,26237595288,6557958144,3213099008,23986174655,4687593472,0,0,153944064,
2026-09-12T21:02:58Z,7424417C-4C7B-407D-ADFE-3DAF879EEA92,1,preparing,observation,0.019,21915446979,680771584,25458913832,6557859840,3213099008,23986174655,,,,,
2026-09-12T21:02:58Z,7424417C-4C7B-407D-ADFE-3DAF879EEA92,2,preparing,observation,0.092,21915446979,680771584,25458913832,6557859840,3213099008,23986174655,,,,,
2026-09-12T21:02:58Z,7424417C-4C7B-407D-ADFE-3DAF879EEA92,3,preparing,observation,1.015,21915446979,680771584,25458913832,6557859840,3213099008,23986174655,,,,,
2026-09-12T21:02:58Z,7424417C-4C7B-407D-ADFE-3DAF879EEA92,4,preparing,phaseEnd,139.381,21915758275,681394176,25459880488,6557859840,3213099008,23986174655,,,,,
2026-09-12T21:02:58Z,7424417C-4C7B-407D-ADFE-3DAF879EEA92,5,restoring,phaseBegin,139.447,21915758275,681394176,25459880488,6557859840,3213099008,23986174655,5213126656,0,0,,
2026-09-12T21:02:58Z,7424417C-4C7B-407D-ADFE-3DAF879EEA92,6,restoring,observation,139.500,21915758275,681394176,25459880488,6557859840,3213099008,23986174655,5213126656,0,0,,
2026-09-12T21:02:58Z,7424417C-4C7B-407D-ADFE-3DAF879EEA92,7,restoring,phaseEnd,141.728,22070668995,526483936,25459896872,6557859840,3213099008,23986174655,5213126656,0,0,,
2026-09-12T21:02:58Z,7424417C-4C7B-407D-ADFE-3DAF879EEA92,8,restored,phaseBegin,141.789,22070668995,526483936,25459896872,6557859840,3213099008,23986174655,5213126656,0,0,153944064,
2026-09-12T21:02:58Z,7424417C-4C7B-407D-ADFE-3DAF879EEA92,9,restored,phaseEnd,148.783,22070668995,526483936,25459913256,6557859840,3213099008,23986174655,5213126656,0,0,153944064,
2026-09-12T21:02:58Z,7424417C-4C7B-407D-ADFE-3DAF879EEA92,10,prefilling,phaseBegin,148.863,22070668995,526483936,25459913256,6557859840,3213099008,23986174655,5213126656,0,0,153944064,
2026-09-12T21:02:58Z,7424417C-4C7B-407D-ADFE-3DAF879EEA92,11,prefilling,phaseEnd,148.949,22070668995,526483936,25459913256,6557859840,3213099008,23986174655,5213126656,0,0,153944064,
2026-09-12T21:02:58Z,7424417C-4C7B-407D-ADFE-3DAF879EEA92,12,dflashPreparing,phaseBegin,149.008,22070668995,526483936,25459913256,6557859840,3213099008,23986174655,5213126656,0,0,153944064,
2026-09-12T21:02:58Z,6BA531E4-9A13-4936-83C6-519557C15B39,202,decoding,periodic,187658.095,22659971879,1856243489,26127003288,6557925376,3213099008,23986174655,4687593472,0,0,153944064,
2026-09-12T21:02:58Z,6BA531E4-9A13-4936-83C6-519557C15B39,203,decoding,phaseEnd,187719.757,22070374083,2147766161,25894448792,6557925376,3213099008,23986174655,4687593472,0,0,153944064,
2026-09-12T21:02:58Z,6BA531E4-9A13-4936-83C6-519557C15B39,204,generationQuiescent,phaseBegin,187719.917,22070374083,2147766161,25894448792,6557925376,3213099008,23986174655,4687593472,0,0,153944064,
2026-09-12T21:02:58Z,6BA531E4-9A13-4936-83C6-519557C15B39,205,generationQuiescent,phaseEnd,187720.079,22070374083,2147766161,25894448792,6557925376,3213099008,23986174655,4687593472,0,0,153944064,
2026-09-12T21:02:58Z,6BA531E4-9A13-4936-83C6-519557C15B39,206,admittingCheckpoints,phaseBegin,187720.193,22070374083,2147766161,25894448792,6557925376,3213099008,23986174655,4687593472,0,0,153944064,
2026-09-12T21:02:58Z,6BA531E4-9A13-4936-83C6-519557C15B39,207,admittingCheckpoints,phaseEnd,187731.752,22070374083,2147766161,25894481560,6557925376,3213099008,23986174655,4687593472,0,0,153944064,
2026-09-12T21:02:58Z,6BA531E4-9A13-4936-83C6-519557C15B39,208,storingLeaf,phaseBegin,187731.850,22070374083,2147766161,25894448792,6557925376,3213099008,23986174655,4687593472,4687593472,1,153944064,
2026-09-12T21:02:58Z,6BA531E4-9A13-4936-83C6-519557C15B39,209,storingLeaf,phaseEnd,187765.298,22070374083,2147766161,25894465176,6557925376,3213099008,23986174655,4687593472,4687593472,1,153944064,
2026-09-12T21:02:58Z,6BA531E4-9A13-4936-83C6-519557C15B39,210,capturingLeaf,phaseBegin,187765.385,22070374083,2147766161,25894465176,6557925376,3213099008,23986174655,4687593472,4687593472,1,153944064,
2026-09-12T21:02:58Z,6BA531E4-9A13-4936-83C6-519557C15B39,211,capturingLeaf,phaseEnd,187765.627,22070374083,2147766161,25894465176,6557925376,3213099008,23986174655,4687593472,4687593472,1,153944064,
2026-09-12T21:02:58Z,6BA531E4-9A13-4936-83C6-519557C15B39,212,preparingPayload,phaseBegin,187765.698,22070374083,2147766161,25894465176,6557925376,3213099008,23986174655,4687593472,4687593472,1,153944064,
2026-09-12T21:02:58Z,6BA531E4-9A13-4936-83C6-519557C15B39,213,preparingPayload,phaseEnd,187779.956,22751145667,1835044845,26196995736,6557925376,3213099008,23986174655,4687593472,4687593472,1,153944064,
2026-09-12T21:02:58Z,6BA531E4-9A13-4936-83C6-519557C15B39,214,admittingLeaf,phaseBegin,187780.053,22751145667,1835044845,26196995736,6557925376,3213099008,23986174655,4687593472,4687593472,1,153944064,
2026-09-12T21:02:58Z,6BA531E4-9A13-4936-83C6-519557C15B39,215,admittingLeaf,observation,187780.385,22596218563,1989971949,26196995736,6557925376,3213099008,23986174655,4687593472,4687593472,1,0,
2026-09-12T21:02:58Z,6BA531E4-9A13-4936-83C6-519557C15B39,216,admittingLeaf,phaseEnd,187796.499,22596218563,0,24333266320,6557925376,3213099008,23986174655,4687593472,4687593472,1,0,
2026-09-12T21:02:58Z,6BA531E4-9A13-4936-83C6-519557C15B39,217,recordingRequest,phaseBegin,187796.582,22596218563,0,24325828008,6557925376,3213099008,23986174655,4687593472,4687593472,1,0,
2026-09-12T21:02:58Z,6BA531E4-9A13-4936-83C6-519557C15B39,218,recordingRequest,phaseEnd,187797.760,22586535619,9682944,24256949696,6557925376,3213099008,23986174655,4687593472,4687593472,1,0,
2026-09-12T21:02:58Z,6BA531E4-9A13-4936-83C6-519557C15B39,219,finishingStream,phaseBegin,187797.853,22586535619,9682944,24249347520,6557925376,3213099008,23986174655,5213126656,0,0,0,
2026-09-12T21:02:58Z,6BA531E4-9A13-4936-83C6-519557C15B39,220,finishingStream,cancelSignal,187797.932,22586535619,9682944,24245284288,6557925376,3213099008,23986174655,5213126656,0,0,0,
2026-09-12T21:02:58Z,6BA531E4-9A13-4936-83C6-519557C15B39,221,finishingStream,phaseEnd,187798.016,22586535619,9682944,24241253824,6557925376,3213099008,23986174655,5213126656,0,0,0,
2026-09-12T21:02:58Z,6BA531E4-9A13-4936-83C6-519557C15B39,222,releasingRequest,phaseBegin,187798.089,22586535619,9682944,24237125056,6557925376,3213099008,23986174655,5213126656,0,0,0,
2026-09-12T21:02:58Z,6BA531E4-9A13-4936-83C6-519557C15B39,223,releasingRequest,observation,187798.196,22586535619,9682944,24233209280,6557925376,3213099008,23986174655,5213126656,0,0,0,
2026-09-12T21:02:58Z,6BA531E4-9A13-4936-83C6-519557C15B39,224,releasingRequest,phaseEnd,187798.295,22586535619,9682944,24229260736,6557925376,3213099008,23986174655,5213126656,0,0,0,completed
2026-09-12T21:02:58Z,6BA531E4-9A13-4936-83C6-519557C15B39,225,finished,terminal,187798.367,22586535619,9682944,24225164736,6557925376,3213099008,23986174655,5213126656,0,0,0,completed
2026-09-12T21:02:59Z,7424417C-4C7B-407D-ADFE-3DAF879EEA92,13,dflashPreparing,phaseEnd,829.408,22178706087,112967769,23926451672,6557843456,3204710400,23986174655,5213126656,0,0,153944064,
2026-09-12T21:02:59Z,7424417C-4C7B-407D-ADFE-3DAF879EEA92,14,prefilled,phaseBegin,829.554,22178706087,112967769,23926451672,6557843456,3204710400,23986174655,5213126656,0,0,153944064,
2026-09-12T21:02:59Z,7424417C-4C7B-407D-ADFE-3DAF879EEA92,15,prefilled,phaseEnd,836.860,22162125443,129548413,23926435288,6557843456,3204710400,23986174655,5213126656,0,0,153944064,
2026-09-12T21:02:59Z,7424417C-4C7B-407D-ADFE-3DAF879EEA92,16,decoding,phaseBegin,836.970,22162125443,129548413,23926418904,6557843456,3204710400,23986174655,5213126656,0,0,153944064,
2026-09-12T21:02:59Z,7424417C-4C7B-407D-ADFE-3DAF879EEA92,17,decoding,observation,837.089,22161814159,129859697,23926418904,6557843456,3204710400,23986174655,5213126656,0,0,153944064,
2026-09-12T21:02:59Z,7424417C-4C7B-407D-ADFE-3DAF879EEA92,18,decoding,periodic,1023.028,22513023823,229373203,24377306584,6557745152,3204710400,23986174655,5213126656,0,0,153944064,
2026-09-12T21:02:59Z,6BA531E4-9A13-4936-83C6-519557C15B39,226,settled,afterRelease,188801.171,22178706087,112967769,23926418904,6557843456,3204710400,23986174655,5213126656,0,0,0,completed
2026-09-12T21:03:00Z,7424417C-4C7B-407D-ADFE-3DAF879EEA92,19,decoding,periodic,2035.734,22706240279,267221415,24611696088,6557614080,3204710400,23986174655,5213126656,0,0,153944064,
2026-09-12T21:03:01Z,7424417C-4C7B-407D-ADFE-3DAF879EEA92,20,decoding,periodic,3075.273,22605727503,367754415,24611433944,6557564928,3204710400,23986174655,5213126656,0,0,153944064,
2026-09-12T21:03:02Z,7424417C-4C7B-407D-ADFE-3DAF879EEA92,21,decoding,periodic,4086.803,22574888687,2095997675,26310110680,6558334976,3204710400,24006867675,5213126656,0,0,153944064,
2026-09-12T21:03:03Z,7424417C-4C7B-407D-ADFE-3DAF879EEA92,22,decoding,periodic,5089.664,22574888687,2095997675,26309848536,6558334976,3204710400,24006867675,5213126656,0,0,153944064,
2026-09-12T21:03:04Z,7424417C-4C7B-407D-ADFE-3DAF879EEA92,23,decoding,periodic,6103.839,22582834959,2080105163,26309848536,6558334976,3204710400,24006867675,5213126656,0,0,153944064,
2026-09-12T21:03:05Z,7424417C-4C7B-407D-ADFE-3DAF879EEA92,24,decoding,periodic,7118.018,22566942447,2103947947,26309946840,6558318592,3204710400,24006867675,5213126656,0,0,153944064,
2026-09-12T21:03:06Z,7424417C-4C7B-407D-ADFE-3DAF879EEA92,25,decoding,periodic,8131.214,22622570095,2048324347,26309848536,6558318592,3204710400,24006867675,5213126656,0,0,153944064,
2026-09-12T21:03:07Z,7424417C-4C7B-407D-ADFE-3DAF879EEA92,26,decoding,periodic,9146.908,22582834959,2088059483,26309848536,6558318592,3204710400,24006867675,5213126656,0,0,153944064,
2026-09-12T21:03:08Z,A7AB0FA4-8049-482C-A14F-82944B7DE630,1,preparing,observation,0.019,21932158659,175226880,23768313160,6542245888,3204710400,24006867675,,,,,
2026-09-12T21:03:08Z,A7AB0FA4-8049-482C-A14F-82944B7DE630,2,preparing,observation,0.086,21932158659,175226880,23768313160,6542245888,3204710400,24006867675,,,,,
2026-09-12T21:03:08Z,A7AB0FA4-8049-482C-A14F-82944B7DE630,3,preparing,observation,0.975,21932158659,175226880,23768313160,6542245888,3204710400,24006867675,,,,,
2026-09-12T21:03:08Z,A7AB0FA4-8049-482C-A14F-82944B7DE630,4,preparing,phaseEnd,104.201,21932469955,175226880,23768673608,6542245888,3204710400,24006867675,,,,,
2026-09-12T21:03:08Z,A7AB0FA4-8049-482C-A14F-82944B7DE630,5,restoring,phaseBegin,104.263,21932469955,175226880,23768673608,6542245888,3204710400,24006867675,5233180672,0,0,,
2026-09-12T21:03:08Z,A7AB0FA4-8049-482C-A14F-82944B7DE630,6,restoring,observation,104.320,21932469955,175226880,23768673608,6542245888,3204710400,24006867675,5233180672,0,0,,
2026-09-12T21:03:08Z,A7AB0FA4-8049-482C-A14F-82944B7DE630,7,restoring,phaseEnd,106.552,22087249603,20447712,23768673608,6542245888,3204710400,24006867675,5233180672,0,0,,
2026-09-12T21:03:08Z,A7AB0FA4-8049-482C-A14F-82944B7DE630,8,restored,phaseBegin,106.615,22087249603,20447712,23768673608,6542245888,3204710400,24006867675,5233180672,0,0,153944064,
2026-09-12T21:03:08Z,A7AB0FA4-8049-482C-A14F-82944B7DE630,9,restored,phaseEnd,112.908,22087249603,20447712,23768689992,6542245888,3204710400,24006867675,5233180672,0,0,153944064,
2026-09-12T21:03:08Z,A7AB0FA4-8049-482C-A14F-82944B7DE630,10,prefilling,phaseBegin,112.990,22087249603,20447712,23768689992,6542245888,3204710400,24006867675,5233180672,0,0,153944064,
2026-09-12T21:03:08Z,A7AB0FA4-8049-482C-A14F-82944B7DE630,11,prefilling,phaseEnd,113.065,22087249603,20447712,23768689992,6542245888,3204710400,24006867675,5233180672,0,0,153944064,
2026-09-12T21:03:08Z,A7AB0FA4-8049-482C-A14F-82944B7DE630,12,dflashPreparing,phaseBegin,113.120,22087249603,20447712,23768689992,6542245888,3204710400,24006867675,5233180672,0,0,153944064,
2026-09-12T21:03:08Z,7424417C-4C7B-407D-ADFE-3DAF879EEA92,27,decoding,phaseEnd,9622.862,22087069379,2147583667,25961557464,6558318592,3204710400,24006867675,5213126656,0,0,153944064,
2026-09-12T21:03:08Z,7424417C-4C7B-407D-ADFE-3DAF879EEA92,28,generationQuiescent,phaseBegin,9623.007,22087069379,2147583667,25959198168,6558318592,3204710400,24006867675,5213126656,0,0,153944064,
2026-09-12T21:03:08Z,7424417C-4C7B-407D-ADFE-3DAF879EEA92,29,generationQuiescent,phaseEnd,9623.151,22087069379,2147583667,25954577880,6558318592,3204710400,24006867675,5213126656,0,0,153944064,
2026-09-12T21:03:08Z,7424417C-4C7B-407D-ADFE-3DAF879EEA92,30,admittingCheckpoints,phaseBegin,9623.251,22087069379,2147583667,25951432152,6558318592,3204710400,24006867675,5213126656,0,0,153944064,
2026-09-12T21:03:08Z,7424417C-4C7B-407D-ADFE-3DAF879EEA92,31,admittingCheckpoints,phaseEnd,9632.444,22087069379,2147583667,25935703512,6558318592,3204710400,24006867675,5213126656,0,0,153944064,
2026-09-12T21:03:08Z,7424417C-4C7B-407D-ADFE-3DAF879EEA92,32,storingLeaf,phaseBegin,9632.571,22087069379,2147583667,25935703512,6558318592,3204710400,24006867675,5213126656,5213126656,1,153944064,
2026-09-12T21:03:08Z,7424417C-4C7B-407D-ADFE-3DAF879EEA92,33,storingLeaf,phaseEnd,9636.648,22087069379,2147583667,25935703512,6558318592,3204710400,24006867675,5213126656,5213126656,1,153944064,
2026-09-12T21:03:08Z,7424417C-4C7B-407D-ADFE-3DAF879EEA92,34,capturingLeaf,phaseBegin,9636.751,22087069379,2147583667,25935703512,6558318592,3204710400,24006867675,5213126656,5213126656,1,153944064,
2026-09-12T21:03:08Z,7424417C-4C7B-407D-ADFE-3DAF879EEA92,35,capturingLeaf,phaseEnd,9637.037,22087069379,2147583667,25935703512,6558318592,3204710400,24006867675,5213126656,5213126656,1,153944064,
2026-09-12T21:03:08Z,7424417C-4C7B-407D-ADFE-3DAF879EEA92,36,preparingPayload,phaseBegin,9637.131,22087069379,2147583667,25935703512,6558318592,3204710400,24006867675,5213126656,5213126656,1,153944064,
2026-09-12T21:03:08Z,7424417C-4C7B-407D-ADFE-3DAF879EEA92,37,preparingPayload,phaseEnd,9640.811,22262296277,1834469089,25762557400,6558318592,3204710400,24006867675,5213126656,5213126656,1,153944064,
2026-09-12T21:03:08Z,7424417C-4C7B-407D-ADFE-3DAF879EEA92,38,admittingLeaf,phaseBegin,9640.902,22262296259,1834469107,25757740504,6558318592,3204710400,24006867675,5213126656,5213126656,1,153944064,
2026-09-12T21:03:08Z,7424417C-4C7B-407D-ADFE-3DAF879EEA92,39,admittingLeaf,observation,9641.313,22107385539,1989379827,25738866136,6558318592,3204710400,24006867675,5213126656,5213126656,1,0,
2026-09-12T21:03:08Z,7424417C-4C7B-407D-ADFE-3DAF879EEA92,40,admittingLeaf,phaseEnd,9659.003,22104157891,3227648,23810698568,6558318592,3204710400,24006867675,5213126656,5213126656,1,0,
2026-09-12T21:03:08Z,7424417C-4C7B-407D-ADFE-3DAF879EEA92,41,recordingRequest,phaseBegin,9659.089,22104157891,3227648,23810698568,6558318592,3204710400,24006867675,5213126656,5213126656,1,0,
2026-09-12T21:03:08Z,7424417C-4C7B-407D-ADFE-3DAF879EEA92,42,recordingRequest,phaseEnd,9660.406,22096424643,10960896,23813057864,6558203904,3204710400,24006867675,5213126656,5213126656,1,0,
2026-09-12T21:03:08Z,7424417C-4C7B-407D-ADFE-3DAF879EEA92,43,finishingStream,phaseBegin,9660.484,22096424643,10960896,23813057864,6558203904,3204710400,24006867675,5233180672,0,0,0,
2026-09-12T21:03:08Z,7424417C-4C7B-407D-ADFE-3DAF879EEA92,44,finishingStream,cancelSignal,9660.563,22093196995,14188544,23813057864,6558203904,3204710400,24006867675,5233180672,0,0,0,
2026-09-12T21:03:08Z,7424417C-4C7B-407D-ADFE-3DAF879EEA92,45,finishingStream,phaseEnd,9660.649,22093196995,14188544,23813057864,6558203904,3204710400,24006867675,5233180672,0,0,0,
2026-09-12T21:03:08Z,7424417C-4C7B-407D-ADFE-3DAF879EEA92,46,releasingRequest,phaseBegin,9660.734,22093196995,14188544,23813057864,6558203904,3204710400,24006867675,5233180672,0,0,0,
2026-09-12T21:03:08Z,7424417C-4C7B-407D-ADFE-3DAF879EEA92,47,releasingRequest,observation,9660.861,22093196995,14188544,23813844296,6558203904,3204710400,24006867675,5233180672,0,0,0,
2026-09-12T21:03:08Z,7424417C-4C7B-407D-ADFE-3DAF879EEA92,48,releasingRequest,phaseEnd,9660.966,22093196995,14188544,23813844296,6558203904,3204710400,24006867675,5233180672,0,0,0,completed
2026-09-12T21:03:08Z,7424417C-4C7B-407D-ADFE-3DAF879EEA92,49,finished,terminal,9661.042,22093196995,14188544,23813844296,6558203904,3204710400,24006867675,5233180672,0,0,0,completed
2026-09-12T21:03:09Z,A7AB0FA4-8049-482C-A14F-82944B7DE630,13,dflashPreparing,periodic,1005.911,23101622971,2577498644,27324640584,6542049280,3204710400,24006867675,5233180672,0,0,153944064,
2026-09-12T21:03:09Z,7424417C-4C7B-407D-ADFE-3DAF879EEA92,50,settled,afterRelease,10727.636,23548798179,1967696122,27337551176,6542049280,3204710400,24006867675,5233180672,0,0,0,completed
2026-09-12T21:03:10Z,A7AB0FA4-8049-482C-A14F-82944B7DE630,14,dflashPreparing,phaseEnd,1637.825,22208115411,135042713,23746555208,6542049280,3204710400,24006867675,5233180672,0,0,153944064,
2026-09-12T21:03:10Z,A7AB0FA4-8049-482C-A14F-82944B7DE630,15,prefilled,phaseBegin,1637.982,22208115411,135042713,23746555208,6542049280,3204710400,24006867675,5233180672,0,0,153944064,
2026-09-12T21:03:10Z,A7AB0FA4-8049-482C-A14F-82944B7DE630,16,prefilled,phaseEnd,1654.866,22182638255,160519869,23987596616,6542049280,3204710400,24006867675,5233180672,0,0,153944064,
2026-09-12T21:03:10Z,A7AB0FA4-8049-482C-A14F-82944B7DE630,17,decoding,phaseBegin,1654.974,22182638255,160519869,23987596616,6542049280,3204710400,24006867675,5233180672,0,0,153944064,
2026-09-12T21:03:10Z,A7AB0FA4-8049-482C-A14F-82944B7DE630,18,decoding,observation,1655.097,22182326971,160831153,23987596616,6542049280,3204710400,24006867675,5233180672,0,0,153944064,
2026-09-12T21:03:10Z,A7AB0FA4-8049-482C-A14F-82944B7DE630,19,decoding,periodic,2055.778,22717725691,308127911,24670367048,6542000128,3204710400,24006867675,5233180672,0,0,153944064,
2026-09-12T21:03:11Z,A7AB0FA4-8049-482C-A14F-82944B7DE630,20,decoding,periodic,3074.396,22619913347,405943949,24670580040,6542000128,3204710400,24006867675,5233180672,0,0,153944064,
2026-09-12T21:03:12Z,A7AB0FA4-8049-482C-A14F-82944B7DE630,21,decoding,periodic,4094.453,22689348707,336509037,24670629192,6541983744,3204710400,24006867675,5233180672,0,0,153944064,
2026-09-12T21:03:13Z,A7AB0FA4-8049-482C-A14F-82944B7DE630,22,decoding,periodic,5111.822,22758784027,267090101,24670645576,6541983744,3204710400,24006867675,5233180672,0,0,153944064,
2026-09-12T21:03:14Z,A7AB0FA4-8049-482C-A14F-82944B7DE630,23,decoding,periodic,6130.513,22681992263,2082232071,26410003784,6541983744,3204710400,24029412343,5233180672,0,0,153944064,
2026-09-12T21:03:15Z,A7AB0FA4-8049-482C-A14F-82944B7DE630,24,decoding,periodic,7156.106,22639331013,2056867077,26341961032,6541967360,3204710400,24029412343,5233180672,0,0,153944064,
2026-09-12T21:03:16Z,A7AB0FA4-8049-482C-A14F-82944B7DE630,25,decoding,periodic,8173.551,22637280203,2058942607,26341961032,6541967360,3204710400,24029412343,5233180672,0,0,153944064,
2026-09-12T21:03:17Z,A7AB0FA4-8049-482C-A14F-82944B7DE630,26,decoding,periodic,9196.810,22656157359,2057852439,26359786824,6541950976,3204710400,24048810791,5233180672,0,0,153944064,
2026-09-12T21:03:18Z,A7AB0FA4-8049-482C-A14F-82944B7DE630,27,decoding,periodic,10206.551,22660103119,2053907975,26359819592,6541950976,3204710400,24048810791,5233180672,0,0,153944064,
2026-09-12T21:03:19Z,A7AB0FA4-8049-482C-A14F-82944B7DE630,28,decoding,periodic,11208.900,22652435411,2061575683,26359737672,6541934592,3204710400,24048810791,5233180672,0,0,153944064,
2026-09-12T21:03:20Z,A7AB0FA4-8049-482C-A14F-82944B7DE630,29,decoding,periodic,12228.037,22698720159,2015290935,26359819592,6541918208,3204710400,24048810791,5233180672,0,0,153944064,
2026-09-12T21:03:21Z,A7AB0FA4-8049-482C-A14F-82944B7DE630,30,decoding,periodic,13251.248,22656140989,2057870113,26359819592,6541918208,3204710400,24048810791,5233180672,0,0,153944064,
2026-09-12T21:03:22Z,A7AB0FA4-8049-482C-A14F-82944B7DE630,31,decoding,periodic,14265.000,22658546631,1939367443,26243722568,6541918208,3204710400,24048810791,5233180672,0,0,153944064,
2026-09-12T21:03:23Z,A7AB0FA4-8049-482C-A14F-82944B7DE630,32,decoding,periodic,15317.575,22656173765,1941740309,26243558728,6541918208,3204710400,24048810791,5233180672,0,0,153944064,
2026-09-12T21:03:24Z,A7AB0FA4-8049-482C-A14F-82944B7DE630,33,decoding,periodic,16332.175,22660119503,1937794571,26243509576,6541918208,3204710400,24048810791,5233180672,0,0,153944064,
2026-09-12T21:03:25Z,A7AB0FA4-8049-482C-A14F-82944B7DE630,34,decoding,periodic,17332.605,22761765703,1839283611,26238889264,6541885440,3204710400,24069815083,5233180672,0,0,153944064,
2026-09-12T21:03:26Z,A7AB0FA4-8049-482C-A14F-82944B7DE630,35,decoding,periodic,18361.643,22669212631,1950749979,26257796400,6541852672,3204710400,24069815083,5233180672,0,0,153944064,
2026-09-12T21:03:27Z,A7AB0FA4-8049-482C-A14F-82944B7DE630,36,decoding,periodic,19378.429,22746266507,1873696103,26257796400,6541836288,3204710400,24069815083,5233180672,0,0,153944064,
2026-09-12T21:03:28Z,A7AB0FA4-8049-482C-A14F-82944B7DE630,37,decoding,periodic,20390.888,22633232221,1986730389,26257796400,6541836288,3204710400,24069815083,5233180672,0,0,153944064,
2026-09-12T21:03:29Z,A7AB0FA4-8049-482C-A14F-82944B7DE630,38,decoding,periodic,21411.152,22669212631,1950749979,26257796400,6541836288,3204710400,24069815083,5233180672,0,0,153944064,
2026-09-12T21:03:30Z,A7AB0FA4-8049-482C-A14F-82944B7DE630,39,decoding,periodic,22420.242,22643356799,1976605811,26257796400,6541819904,3204710400,24069815083,5233180672,0,0,153944064,
2026-09-12T21:03:31Z,A7AB0FA4-8049-482C-A14F-82944B7DE630,40,decoding,periodic,23424.222,22676880339,1943082271,26257796400,6541819904,3204710400,24069815083,5233180672,0,0,153944064,
2026-09-12T21:03:32Z,CF51BFA8-9F36-4AC3-9DF1-2A287762F6F5,1,preparing,observation,0.018,21982523075,205144064,24049724960,6498926592,3204710400,24069815083,,,,,
2026-09-12T21:03:32Z,CF51BFA8-9F36-4AC3-9DF1-2A287762F6F5,2,preparing,observation,0.086,21982523075,205144064,24049724960,6498926592,3204710400,24069815083,,,,,
2026-09-12T21:03:32Z,CF51BFA8-9F36-4AC3-9DF1-2A287762F6F5,3,preparing,observation,1.017,21982523075,205144064,24049724960,6498926592,3204710400,24069815083,,,,,
2026-09-12T21:03:32Z,CF51BFA8-9F36-4AC3-9DF1-2A287762F6F5,4,preparing,phaseEnd,111.849,21982850755,205783040,24051035680,6498893824,3204710400,24069815083,,,,,
2026-09-12T21:03:32Z,CF51BFA8-9F36-4AC3-9DF1-2A287762F6F5,5,restoring,phaseBegin,111.916,21982850755,205783040,24051035680,6498893824,3204710400,24069815083,5283119104,0,0,,
2026-09-12T21:03:32Z,CF51BFA8-9F36-4AC3-9DF1-2A287762F6F5,6,restoring,observation,111.965,21982850755,205783040,24051035680,6498893824,3204710400,24069815083,5283119104,0,0,,
2026-09-12T21:03:32Z,CF51BFA8-9F36-4AC3-9DF1-2A287762F6F5,7,restoring,phaseEnd,114.214,22137663171,50971094,24051035680,6498893824,3204710400,24069815083,5283119104,0,0,,
2026-09-12T21:03:32Z,CF51BFA8-9F36-4AC3-9DF1-2A287762F6F5,8,restored,phaseBegin,114.296,22137663171,50971094,24051035680,6498893824,3204710400,24069815083,5283119104,0,0,153944064,
2026-09-12T21:03:32Z,CF51BFA8-9F36-4AC3-9DF1-2A287762F6F5,9,restored,phaseEnd,118.350,22137663171,50971094,24051035680,6498893824,3204710400,24069815083,5283119104,0,0,153944064,
2026-09-12T21:03:32Z,CF51BFA8-9F36-4AC3-9DF1-2A287762F6F5,10,prefilling,phaseBegin,118.433,22137663171,50971094,24051035680,6498893824,3204710400,24069815083,5283119104,0,0,153944064,
2026-09-12T21:03:32Z,CF51BFA8-9F36-4AC3-9DF1-2A287762F6F5,11,prefilling,phaseEnd,118.510,22137663171,50971094,24051035680,6498893824,3204710400,24069815083,5283119104,0,0,153944064,
2026-09-12T21:03:32Z,CF51BFA8-9F36-4AC3-9DF1-2A287762F6F5,12,dflashPreparing,phaseBegin,118.574,22137663171,50971094,24051035680,6498893824,3204710400,24069815083,5283119104,0,0,153944064,
2026-09-12T21:03:32Z,A7AB0FA4-8049-482C-A14F-82944B7DE630,41,decoding,phaseEnd,23955.094,22137302723,2150424059,25976171824,6541819904,3204710400,24069815083,5233180672,0,0,153944064,
2026-09-12T21:03:32Z,A7AB0FA4-8049-482C-A14F-82944B7DE630,42,generationQuiescent,phaseBegin,23955.199,22137302723,2150424059,25976171824,6541819904,3204710400,24069815083,5233180672,0,0,153944064,
2026-09-12T21:03:32Z,A7AB0FA4-8049-482C-A14F-82944B7DE630,43,generationQuiescent,phaseEnd,23955.301,22137302723,2150424059,25976171824,6541819904,3204710400,24069815083,5233180672,0,0,153944064,
2026-09-12T21:03:32Z,A7AB0FA4-8049-482C-A14F-82944B7DE630,44,admittingCheckpoints,phaseBegin,23955.355,22137302723,2150424059,25976171824,6541819904,3204710400,24069815083,5233180672,0,0,153944064,
2026-09-12T21:03:32Z,A7AB0FA4-8049-482C-A14F-82944B7DE630,45,admittingCheckpoints,phaseEnd,23962.392,22137302723,2150424059,25976171824,6541819904,3204710400,24069815083,5233180672,0,0,153944064,
2026-09-12T21:03:32Z,A7AB0FA4-8049-482C-A14F-82944B7DE630,46,storingLeaf,phaseBegin,23962.469,22137302723,2150424059,25976171824,6541819904,3204710400,24069815083,5233180672,5233180672,1,153944064,
2026-09-12T21:03:32Z,A7AB0FA4-8049-482C-A14F-82944B7DE630,47,storingLeaf,phaseEnd,23966.158,22137302723,2150424059,25976188208,6541819904,3204710400,24069815083,5233180672,5233180672,1,153944064,
2026-09-12T21:03:32Z,A7AB0FA4-8049-482C-A14F-82944B7DE630,48,capturingLeaf,phaseBegin,23966.240,22137302723,2150424059,25976188208,6541819904,3204710400,24069815083,5233180672,5233180672,1,153944064,
2026-09-12T21:03:32Z,A7AB0FA4-8049-482C-A14F-82944B7DE630,49,capturingLeaf,phaseEnd,23966.459,22137302723,2150424059,25976188208,6541819904,3204710400,24069815083,5233180672,5233180672,1,153944064,
2026-09-12T21:03:32Z,A7AB0FA4-8049-482C-A14F-82944B7DE630,50,preparingPayload,phaseBegin,23966.523,22137302723,2150424059,25976188208,6541819904,3204710400,24069815083,5233180672,5233180672,1,153944064,
2026-09-12T21:03:32Z,A7AB0FA4-8049-482C-A14F-82944B7DE630,51,preparingPayload,phaseEnd,23970.094,22342446805,1835703889,25816001840,6541819904,3204710400,24069815083,5233180672,5233180672,1,153944064,
2026-09-12T21:03:32Z,A7AB0FA4-8049-482C-A14F-82944B7DE630,52,admittingLeaf,phaseBegin,23970.174,22342446787,1835703907,25816001840,6541819904,3204710400,24069815083,5233180672,5233180672,1,153944064,
2026-09-12T21:03:32Z,A7AB0FA4-8049-482C-A14F-82944B7DE630,53,admittingLeaf,observation,23970.603,22187667139,1990483555,25816001840,6541623296,3204710400,24069815083,5233180672,5233180672,1,0,
2026-09-12T21:03:32Z,A7AB0FA4-8049-482C-A14F-82944B7DE630,54,admittingLeaf,phaseEnd,23986.905,22184439491,3227648,23827016960,6541623296,3204710400,24069815083,5233180672,5233180672,1,0,
2026-09-12T21:03:32Z,A7AB0FA4-8049-482C-A14F-82944B7DE630,55,recordingRequest,phaseBegin,23986.998,22184439491,3227648,23827197208,6541623296,3204710400,24069815083,5233180672,5233180672,1,0,
2026-09-12T21:03:32Z,A7AB0FA4-8049-482C-A14F-82944B7DE630,56,recordingRequest,phaseEnd,23988.218,22174838467,12828672,23829441816,6539165696,3204710400,24069815083,5233180672,5233180672,1,0,
2026-09-12T21:03:32Z,A7AB0FA4-8049-482C-A14F-82944B7DE630,57,finishingStream,phaseBegin,23988.307,22174838467,12828672,23829441816,6539165696,3204710400,24069815083,5283119104,0,0,0,
2026-09-12T21:03:32Z,A7AB0FA4-8049-482C-A14F-82944B7DE630,58,finishingStream,cancelSignal,23988.392,22171610819,16056320,23829703960,6539100160,3204710400,24069815083,5283119104,0,0,0,
2026-09-12T21:03:32Z,A7AB0FA4-8049-482C-A14F-82944B7DE630,59,finishingStream,phaseEnd,23988.470,22171610819,16056320,23830228248,6539100160,3204710400,24069815083,5283119104,0,0,0,
2026-09-12T21:03:32Z,A7AB0FA4-8049-482C-A14F-82944B7DE630,60,releasingRequest,phaseBegin,23988.561,22171610819,16056320,23830228248,6539100160,3204710400,24069815083,5283119104,0,0,0,
2026-09-12T21:03:32Z,A7AB0FA4-8049-482C-A14F-82944B7DE630,61,releasingRequest,observation,23988.674,22171610819,16056320,23830228248,6539100160,3204710400,24069815083,5283119104,0,0,0,
2026-09-12T21:03:32Z,A7AB0FA4-8049-482C-A14F-82944B7DE630,62,releasingRequest,phaseEnd,23988.767,22168383171,19283968,23830719768,6539034624,3204710400,24069815083,5283119104,0,0,0,completed
2026-09-12T21:03:32Z,A7AB0FA4-8049-482C-A14F-82944B7DE630,63,finished,terminal,23988.848,22168383171,19283968,23831014680,6539034624,3204710400,24069815083,5283119104,0,0,0,completed
2026-09-12T21:03:33Z,CF51BFA8-9F36-4AC3-9DF1-2A287762F6F5,13,dflashPreparing,periodic,1059.702,25436975799,403292236,27687759368,6498877440,3204710400,25643283167,5283119104,0,0,153944064,
2026-09-12T21:03:33Z,A7AB0FA4-8049-482C-A14F-82944B7DE630,64,settled,afterRelease,25020.857,22627988207,1561460756,26037841416,6498877440,3204710400,25641448247,5283119104,0,0,0,completed
2026-09-12T21:03:34Z,CF51BFA8-9F36-4AC3-9DF1-2A287762F6F5,14,dflashPreparing,periodic,2123.900,22651138271,1557413908,25646837256,6498877440,3204710400,25660551463,5283119104,0,0,153944064,
2026-09-12T21:03:35Z,CF51BFA8-9F36-4AC3-9DF1-2A287762F6F5,15,dflashPreparing,periodic,3223.329,22245773943,40435726,24259030536,6498877440,3204710400,25673772911,5283119104,0,0,153944064,
2026-09-12T21:03:36Z,CF51BFA8-9F36-4AC3-9DF1-2A287762F6F5,16,dflashPreparing,phaseEnd,3524.665,22275191463,201373357,24078102024,6498877440,3204710400,25673772911,5283119104,0,0,153944064,
2026-09-12T21:03:36Z,CF51BFA8-9F36-4AC3-9DF1-2A287762F6F5,17,prefilled,phaseBegin,3524.858,22275191463,201373357,24078102024,6498877440,3204710400,25673772911,5283119104,0,0,153944064,
2026-09-12T21:03:36Z,CF51BFA8-9F36-4AC3-9DF1-2A287762F6F5,18,prefilled,phaseEnd,3545.236,22249779843,226784977,24323632648,6498877440,3204710400,25673772911,5283119104,0,0,153944064,
2026-09-12T21:03:36Z,CF51BFA8-9F36-4AC3-9DF1-2A287762F6F5,19,decoding,phaseBegin,3545.339,22249779843,226784977,24323632648,6498877440,3204710400,25673772911,5283119104,0,0,153944064,
2026-09-12T21:03:36Z,CF51BFA8-9F36-4AC3-9DF1-2A287762F6F5,20,decoding,observation,3545.463,22249452175,227112645,24323632648,6498877440,3204710400,25673772911,5283119104,0,0,153944064,
2026-09-12T21:03:36Z,CF51BFA8-9F36-4AC3-9DF1-2A287762F6F5,21,decoding,periodic,4231.968,22700784527,458496068,25006501384,6498795520,3204710400,25673772911,5283119104,0,0,153944064,
2026-09-12T21:03:37Z,CF51BFA8-9F36-4AC3-9DF1-2A287762F6F5,22,decoding,periodic,5272.685,22702196499,457100104,25006812680,6498779136,3204710400,25673772911,5283119104,0,0,153944064,
2026-09-12T21:03:38Z,CF51BFA8-9F36-4AC3-9DF1-2A287762F6F5,23,decoding,periodic,6298.917,22698802063,460540540,25006812680,6498746368,3204710400,25673772911,5283119104,0,0,153944064,
2026-09-12T21:03:39Z,CF51BFA8-9F36-4AC3-9DF1-2A287762F6F5,24,decoding,periodic,7302.231,22721903479,437454172,25006812680,6498746368,3204710400,25673772911,5283119104,0,0,153944064,
2026-09-12T21:03:40Z,CF51BFA8-9F36-4AC3-9DF1-2A287762F6F5,25,decoding,periodic,8360.970,22830299887,1956165929,26634989064,6498746368,3204710400,25673772911,5283119104,0,0,153944064,
2026-09-12T21:03:41Z,CF51BFA8-9F36-4AC3-9DF1-2A287762F6F5,26,decoding,periodic,9378.040,22705339247,2081158369,26634989064,6498746368,3204710400,25673772911,5283119104,0,0,153944064,
2026-09-12T21:03:42Z,CF51BFA8-9F36-4AC3-9DF1-2A287762F6F5,27,decoding,periodic,10382.502,22800579427,1844136145,26493218312,6498729984,3204710400,25673772911,5283119104,0,0,153944064,
2026-09-12T21:03:43Z,CF51BFA8-9F36-4AC3-9DF1-2A287762F6F5,28,decoding,periodic,11394.174,22683498323,1962642669,26494610952,6498713600,3204710400,25673772911,5283119104,0,0,153944064,
2026-09-12T21:03:44Z,CF51BFA8-9F36-4AC3-9DF1-2A287762F6F5,29,decoding,periodic,12403.706,22727228339,1962182797,26537930248,6498713600,3204710400,25673772911,5283119104,0,0,153944064,
2026-09-12T21:03:45Z,CF51BFA8-9F36-4AC3-9DF1-2A287762F6F5,30,decoding,periodic,13452.693,22723233395,1966177741,26537897480,6498697216,3204710400,25673772911,5283119104,0,0,153944064,
2026-09-12T21:03:46Z,CF51BFA8-9F36-4AC3-9DF1-2A287762F6F5,31,decoding,periodic,14463.641,22727228339,1962182797,26537799176,6498697216,3204710400,25673772911,5283119104,0,0,153944064,
2026-09-12T21:03:48Z,CF51BFA8-9F36-4AC3-9DF1-2A287762F6F5,32,decoding,periodic,15486.338,22812130135,1877281001,26537799176,6498697216,3204710400,25673772911,5283119104,0,0,153944064,
2026-09-12T21:03:49Z,CF51BFA8-9F36-4AC3-9DF1-2A287762F6F5,33,decoding,periodic,16487.304,22723233395,1966180813,26537799176,6498680832,3204710400,25673772911,5283119104,0,0,153944064,
2026-09-12T21:03:50Z,CF51BFA8-9F36-4AC3-9DF1-2A287762F6F5,34,decoding,periodic,17523.737,23804377907,1806795044,27542023688,6498680832,3204710400,25673772911,5283119104,0,0,153944064,
2026-09-12T21:03:51Z,CF51BFA8-9F36-4AC3-9DF1-2A287762F6F5,35,decoding,periodic,18536.684,22829120347,1878922209,26556460552,6498664448,3204710400,25673772911,5283119104,0,0,153944064,
2026-09-12T21:03:52Z,CF51BFA8-9F36-4AC3-9DF1-2A287762F6F5,36,decoding,periodic,19555.580,22724918215,1983124341,26556476936,6498664448,3204710400,25673772911,5283119104,0,0,153944064,
2026-09-12T21:03:53Z,CF51BFA8-9F36-4AC3-9DF1-2A287762F6F5,37,decoding,periodic,20569.068,22794140543,1913902013,26556476936,6498664448,3204710400,25673772911,5283119104,0,0,153944064,
2026-09-12T21:03:54Z,CF51BFA8-9F36-4AC3-9DF1-2A287762F6F5,38,decoding,periodic,21598.623,22873996075,1837536273,26559966728,6498664448,3204710400,25673772911,5283119104,0,0,153944064,
2026-09-12T21:03:55Z,CF51BFA8-9F36-4AC3-9DF1-2A287762F6F5,39,decoding,periodic,22609.115,22822555366,1888976982,26559966728,6498664448,3204710400,25673772911,5283119104,0,0,153944064,
2026-09-12T21:03:56Z,D9F32A06-D5F8-4EE0-9C4F-BBB93D2512B3,1,preparing,observation,0.015,22049631939,222953472,24497434192,6497058816,3204710400,25673772911,,,,,
2026-09-12T21:03:56Z,D9F32A06-D5F8-4EE0-9C4F-BBB93D2512B3,2,preparing,observation,0.083,22049631939,222953472,24497434192,6497058816,3204710400,25673772911,,,,,
2026-09-12T21:03:56Z,D9F32A06-D5F8-4EE0-9C4F-BBB93D2512B3,3,preparing,observation,0.977,22049631939,222953472,24497434192,6497058816,3204710400,25673772911,,,,,
2026-09-12T21:03:56Z,D9F32A06-D5F8-4EE0-9C4F-BBB93D2512B3,4,preparing,phaseEnd,113.303,22049959619,223592448,24432815696,6497042432,3204710400,25673772911,,,,,
2026-09-12T21:03:56Z,D9F32A06-D5F8-4EE0-9C4F-BBB93D2512B3,5,restoring,phaseBegin,113.378,22049959619,223592448,24432815696,6497042432,3204710400,25673772911,5351079936,0,0,,
2026-09-12T21:03:56Z,D9F32A06-D5F8-4EE0-9C4F-BBB93D2512B3,6,restoring,observation,113.429,22049959619,223592448,24432815696,6497042432,3204710400,25673772911,5351079936,0,0,,
2026-09-12T21:03:56Z,D9F32A06-D5F8-4EE0-9C4F-BBB93D2512B3,7,restoring,phaseEnd,115.714,22204755651,68796882,24432815696,6497042432,3204710400,25673772911,5351079936,0,0,,
2026-09-12T21:03:56Z,D9F32A06-D5F8-4EE0-9C4F-BBB93D2512B3,8,restored,phaseBegin,115.801,22204755651,68796882,24432815696,6497042432,3204710400,25673772911,5351079936,0,0,153944064,
2026-09-12T21:03:56Z,D9F32A06-D5F8-4EE0-9C4F-BBB93D2512B3,9,restored,phaseEnd,123.146,22204755651,68796882,24432832080,6497042432,3204710400,25673772911,5351079936,0,0,153944064,
2026-09-12T21:03:56Z,D9F32A06-D5F8-4EE0-9C4F-BBB93D2512B3,10,prefilling,phaseBegin,123.217,22204755651,68796882,24432832080,6497042432,3204710400,25673772911,5351079936,0,0,153944064,
2026-09-12T21:03:56Z,D9F32A06-D5F8-4EE0-9C4F-BBB93D2512B3,11,prefilling,phaseEnd,123.285,22204755651,68796882,24432832080,6497042432,3204710400,25673772911,5351079936,0,0,153944064,
2026-09-12T21:03:56Z,D9F32A06-D5F8-4EE0-9C4F-BBB93D2512B3,12,dflashPreparing,phaseBegin,123.345,22204755651,68796882,24432832080,6497042432,3204710400,25673772911,5351079936,0,0,153944064,
2026-09-12T21:03:56Z,CF51BFA8-9F36-4AC3-9DF1-2A287762F6F5,40,decoding,periodic,23637.536,22736518075,1975014273,26559966728,6498664448,3204710400,25673772911,5283119104,0,0,153944064,
2026-09-12T21:03:56Z,CF51BFA8-9F36-4AC3-9DF1-2A287762F6F5,41,decoding,phaseEnd,23951.170,22204444355,2148392069,26252242440,6498664448,3204710400,25673772911,5283119104,0,0,153944064,
2026-09-12T21:03:56Z,CF51BFA8-9F36-4AC3-9DF1-2A287762F6F5,42,generationQuiescent,phaseBegin,23951.266,22204444355,2148392069,26252242440,6498664448,3204710400,25673772911,5283119104,0,0,153944064,
2026-09-12T21:03:56Z,CF51BFA8-9F36-4AC3-9DF1-2A287762F6F5,43,generationQuiescent,phaseEnd,23951.363,22204444355,2148392069,26252242440,6498664448,3204710400,25673772911,5283119104,0,0,153944064,
2026-09-12T21:03:56Z,CF51BFA8-9F36-4AC3-9DF1-2A287762F6F5,44,admittingCheckpoints,phaseBegin,23951.418,22204444355,2148392069,26252242440,6498664448,3204710400,25673772911,5283119104,0,0,153944064,
2026-09-12T21:03:56Z,CF51BFA8-9F36-4AC3-9DF1-2A287762F6F5,45,admittingCheckpoints,phaseEnd,23957.893,22204444355,2148392069,26252258824,6498664448,3204710400,25673772911,5283119104,0,0,153944064,
2026-09-12T21:03:56Z,CF51BFA8-9F36-4AC3-9DF1-2A287762F6F5,46,storingLeaf,phaseBegin,23957.978,22204444355,2148392069,26252242440,6498664448,3204710400,25673772911,5283119104,5283119104,1,153944064,
2026-09-12T21:03:56Z,CF51BFA8-9F36-4AC3-9DF1-2A287762F6F5,47,storingLeaf,phaseEnd,23961.650,22204444355,2148392069,26252324360,6498664448,3204710400,25673772911,5283119104,5283119104,1,153944064,
2026-09-12T21:03:56Z,CF51BFA8-9F36-4AC3-9DF1-2A287762F6F5,48,capturingLeaf,phaseBegin,23961.718,22204444355,2148392069,26252324360,6498664448,3204710400,25673772911,5283119104,5283119104,1,153944064,
2026-09-12T21:03:56Z,CF51BFA8-9F36-4AC3-9DF1-2A287762F6F5,49,capturingLeaf,phaseEnd,23961.956,22204444355,2148392069,26252324360,6498664448,3204710400,25673772911,5283119104,5283119104,1,153944064,
2026-09-12T21:03:56Z,CF51BFA8-9F36-4AC3-9DF1-2A287762F6F5,50,preparingPayload,phaseBegin,23962.021,22204444355,2148392069,26252324360,6498664448,3204710400,25673772911,5283119104,5283119104,1,153944064,
2026-09-12T21:03:56Z,CF51BFA8-9F36-4AC3-9DF1-2A287762F6F5,51,preparingPayload,phaseEnd,23966.047,22427397845,1831591125,26107506184,6498664448,3204710400,25673772911,5283119104,5283119104,1,153944064,
2026-09-12T21:03:56Z,CF51BFA8-9F36-4AC3-9DF1-2A287762F6F5,52,admittingLeaf,phaseBegin,23966.133,22427397827,1831591143,26107506184,6498664448,3204710400,25673772911,5283119104,5283119104,1,153944064,
2026-09-12T21:03:56Z,CF51BFA8-9F36-4AC3-9DF1-2A287762F6F5,53,admittingLeaf,observation,23966.507,22272585411,1986403559,26107506184,6498664448,3204710400,25673772911,5283119104,5283119104,1,0,
2026-09-12T21:03:56Z,CF51BFA8-9F36-4AC3-9DF1-2A287762F6F5,54,admittingLeaf,phaseEnd,23981.639,22269357763,3227648,24186924432,6498664448,3204710400,25673772911,5283119104,5283119104,1,0,
2026-09-12T21:03:56Z,CF51BFA8-9F36-4AC3-9DF1-2A287762F6F5,55,recordingRequest,phaseBegin,23981.729,22269357763,3227648,24186924432,6498664448,3204710400,25673772911,5283119104,5283119104,1,0,
2026-09-12T21:03:56Z,CF51BFA8-9F36-4AC3-9DF1-2A287762F6F5,56,recordingRequest,phaseEnd,23982.969,22258642627,13942784,24188186000,6498648064,3204710400,25673772911,5283119104,5283119104,1,0,
2026-09-12T21:03:56Z,CF51BFA8-9F36-4AC3-9DF1-2A287762F6F5,57,finishingStream,phaseBegin,23983.067,22255414979,17170432,24188218768,6498615296,3204710400,25673772911,5351079936,0,0,0,
2026-09-12T21:03:56Z,CF51BFA8-9F36-4AC3-9DF1-2A287762F6F5,58,finishingStream,cancelSignal,23983.155,22255414979,17170432,24188218768,6498615296,3204710400,25673772911,5351079936,0,0,0,
2026-09-12T21:03:56Z,CF51BFA8-9F36-4AC3-9DF1-2A287762F6F5,59,finishingStream,phaseEnd,23983.236,22255414979,17170432,24188218768,6498615296,3204710400,25673772911,5351079936,0,0,0,
2026-09-12T21:03:56Z,CF51BFA8-9F36-4AC3-9DF1-2A287762F6F5,60,releasingRequest,phaseBegin,23983.318,22252187331,20398080,24188284304,6498615296,3204710400,25673772911,5351079936,0,0,0,
2026-09-12T21:03:56Z,CF51BFA8-9F36-4AC3-9DF1-2A287762F6F5,61,releasingRequest,observation,23983.447,22252187331,20398080,24188284304,6498615296,3204710400,25673772911,5351079936,0,0,0,
2026-09-12T21:03:56Z,CF51BFA8-9F36-4AC3-9DF1-2A287762F6F5,62,releasingRequest,phaseEnd,23983.541,22252187331,20398080,24188284304,6498615296,3204710400,25673772911,5351079936,0,0,0,completed
2026-09-12T21:03:56Z,CF51BFA8-9F36-4AC3-9DF1-2A287762F6F5,63,finished,terminal,23983.626,22252187331,20398080,24188284304,6498615296,3204710400,25673772911,5351079936,0,0,0,completed
2026-09-12T21:03:57Z,D9F32A06-D5F8-4EE0-9C4F-BBB93D2512B3,13,dflashPreparing,periodic,1043.347,25554383543,426147916,27267329064,6497042432,3204710400,25786594015,5351079936,0,0,153944064,
2026-09-12T21:03:57Z,CF51BFA8-9F36-4AC3-9DF1-2A287762F6F5,64,settled,afterRelease,24994.755,22593254143,1534017540,27310615592,6497042432,3204710400,25784726327,5351079936,0,0,0,completed
2026-09-12T21:03:58Z,D9F32A06-D5F8-4EE0-9C4F-BBB93D2512B3,14,dflashPreparing,periodic,2143.600,22723801311,1593065492,25355807784,6497042432,3204710400,25804091687,5351079936,0,0,153944064,
2026-09-12T21:03:59Z,D9F32A06-D5F8-4EE0-9C4F-BBB93D2512B3,15,dflashPreparing,periodic,3243.849,22295768815,696795212,25555971112,6497042432,3204710400,25817509743,5351079936,0,0,153944064,
2026-09-12T21:04:00Z,D9F32A06-D5F8-4EE0-9C4F-BBB93D2512B3,16,dflashPreparing,phaseEnd,3553.095,22342808231,206305069,23590038568,6497042432,3204710400,25817509743,5351079936,0,0,153944064,
2026-09-12T21:04:00Z,D9F32A06-D5F8-4EE0-9C4F-BBB93D2512B3,17,prefilled,phaseBegin,3553.275,22342808231,206305069,23590038568,6497042432,3204710400,25817509743,5351079936,0,0,153944064,
2026-09-12T21:04:00Z,D9F32A06-D5F8-4EE0-9C4F-BBB93D2512B3,18,prefilled,phaseEnd,3573.119,22317396611,231716689,23835569192,6497042432,3204710400,25817509743,5351079936,0,0,153944064,
2026-09-12T21:04:00Z,D9F32A06-D5F8-4EE0-9C4F-BBB93D2512B3,19,decoding,phaseBegin,3573.204,22317396611,231716689,23835569192,6497042432,3204710400,25817509743,5351079936,0,0,153944064,
2026-09-12T21:04:00Z,D9F32A06-D5F8-4EE0-9C4F-BBB93D2512B3,20,decoding,observation,3573.329,22317068943,232044357,23835569192,6497042432,3204710400,25817509743,5351079936,0,0,153944064,
2026-09-12T21:04:00Z,D9F32A06-D5F8-4EE0-9C4F-BBB93D2512B3,21,decoding,periodic,4249.502,22773873535,457956300,24518421544,6496944128,3204710400,25817509743,5351079936,0,0,153944064,
2026-09-12T21:04:01Z,D9F32A06-D5F8-4EE0-9C4F-BBB93D2512B3,22,decoding,periodic,5266.136,22773873547,457971644,24518683688,6496894976,3204710400,25817509743,5351079936,0,0,153944064,
2026-09-12T21:04:02Z,D9F32A06-D5F8-4EE0-9C4F-BBB93D2512B3,23,decoding,periodic,6315.330,22769813267,462073324,24518667304,6496894976,3204710400,25817509743,5351079936,0,0,153944064,
2026-09-12T21:04:03Z,D9F32A06-D5F8-4EE0-9C4F-BBB93D2512B3,24,decoding,periodic,7334.773,22822288227,2133871349,26243820584,6496878592,3204710400,25817509743,5351079936,0,0,153944064,
2026-09-12T21:04:04Z,D9F32A06-D5F8-4EE0-9C4F-BBB93D2512B3,25,decoding,periodic,8336.876,22862445602,1850798498,26001058856,6496878592,3204710400,25817509743,5351079936,0,0,153944064,
2026-09-12T21:04:05Z,D9F32A06-D5F8-4EE0-9C4F-BBB93D2512B3,26,decoding,periodic,9370.306,22786653067,1946286676,26020785192,6496829440,3204710400,25817509743,5351079936,0,0,153944064,
2026-09-12T21:04:06Z,D9F32A06-D5F8-4EE0-9C4F-BBB93D2512B3,27,decoding,periodic,10382.114,22844488639,1888481088,26020785192,6496829440,3204710400,25817509743,5351079936,0,0,153944064,
2026-09-12T21:04:07Z,D9F32A06-D5F8-4EE0-9C4F-BBB93D2512B3,28,decoding,periodic,11419.823,22734796595,1999582168,26022194216,6496796672,3204710400,25817509743,5351079936,0,0,153944064,
2026-09-12T21:04:09Z,6EEC30F3-4E85-40A9-BF9F-2FB5E8007E0F,1,preparing,observation,0.012,22099963599,201490432,24002850024,6494355456,3204710400,25817509743,,,,,
2026-09-12T21:04:09Z,6EEC30F3-4E85-40A9-BF9F-2FB5E8007E0F,2,preparing,observation,0.071,22099963599,201490432,24002850024,6494355456,3204710400,25817509743,,,,,
2026-09-12T21:04:09Z,6EEC30F3-4E85-40A9-BF9F-2FB5E8007E0F,3,preparing,observation,0.972,22099963599,201490432,24002850024,6494355456,3204710400,25817509743,,,,,
2026-09-12T21:04:09Z,D9F32A06-D5F8-4EE0-9C4F-BBB93D2512B3,29,decoding,periodic,12436.360,22786898927,1990766364,26065513512,6496796672,3204710400,25817509743,5351079936,0,0,153944064,
2026-09-12T21:04:09Z,D9F32A06-D5F8-4EE0-9C4F-BBB93D2512B3,30,decoding,phaseEnd,13313.781,22254759631,2149070920,25752153128,6496796672,3204710400,25817509743,5351079936,0,0,153944064,
2026-09-12T21:04:09Z,D9F32A06-D5F8-4EE0-9C4F-BBB93D2512B3,31,generationQuiescent,phaseBegin,13313.891,22254759631,2149070920,25747434536,6496796672,3204710400,25817509743,5351079936,0,0,153944064,
2026-09-12T21:04:09Z,D9F32A06-D5F8-4EE0-9C4F-BBB93D2512B3,32,generationQuiescent,phaseEnd,13313.983,22254759631,2149070920,25742715944,6496796672,3204710400,25817509743,5351079936,0,0,153944064,
2026-09-12T21:04:09Z,D9F32A06-D5F8-4EE0-9C4F-BBB93D2512B3,33,admittingCheckpoints,phaseBegin,13314.039,22254759631,2149070920,25742208040,6496796672,3204710400,25817509743,5351079936,0,0,153944064,
2026-09-12T21:04:09Z,D9F32A06-D5F8-4EE0-9C4F-BBB93D2512B3,34,admittingCheckpoints,phaseEnd,13321.310,22254759631,2149070920,25705540648,6496796672,3204710400,25817509743,5351079936,0,0,153944064,
2026-09-12T21:04:09Z,D9F32A06-D5F8-4EE0-9C4F-BBB93D2512B3,35,storingLeaf,phaseBegin,13321.400,22254759631,2149070920,25705524264,6496796672,3204710400,25817509743,5351079936,5351079936,1,153944064,
2026-09-12T21:04:09Z,D9F32A06-D5F8-4EE0-9C4F-BBB93D2512B3,36,storingLeaf,phaseEnd,13324.425,22254759631,2149070920,25705540648,6496796672,3204710400,25817509743,5351079936,5351079936,1,153944064,
2026-09-12T21:04:09Z,D9F32A06-D5F8-4EE0-9C4F-BBB93D2512B3,37,capturingLeaf,phaseBegin,13324.502,22254759631,2149070920,25705540648,6496796672,3204710400,25817509743,5351079936,5351079936,1,153944064,
2026-09-12T21:04:09Z,D9F32A06-D5F8-4EE0-9C4F-BBB93D2512B3,38,capturingLeaf,phaseEnd,13324.730,22254759631,2149070920,25705540648,6496796672,3204710400,25817509743,5351079936,5351079936,1,153944064,
2026-09-12T21:04:09Z,D9F32A06-D5F8-4EE0-9C4F-BBB93D2512B3,39,preparingPayload,phaseBegin,13324.794,22254759631,2149070920,25705540648,6496796672,3204710400,25817509743,5351079936,5351079936,1,153944064,
2026-09-12T21:04:09Z,D9F32A06-D5F8-4EE0-9C4F-BBB93D2512B3,40,preparingPayload,phaseEnd,13328.091,22456250081,1830664324,25574468648,6496796672,3204710400,25817509743,5351079936,5351079936,1,153944064,
2026-09-12T21:04:09Z,D9F32A06-D5F8-4EE0-9C4F-BBB93D2512B3,41,admittingLeaf,phaseBegin,13328.167,22456250063,1830664342,25574468648,6496796672,3204710400,25817509743,5351079936,5351079936,1,153944064,
2026-09-12T21:04:09Z,D9F32A06-D5F8-4EE0-9C4F-BBB93D2512B3,42,admittingLeaf,observation,13328.514,22301454031,1985460374,25574468648,6496796672,3204710400,25817509743,5351079936,5351079936,1,0,
2026-09-12T21:04:09Z,D9F32A06-D5F8-4EE0-9C4F-BBB93D2512B3,43,admittingLeaf,phaseEnd,13342.659,22298226383,3227648,23759006736,6496796672,3204710400,25817509743,5351079936,5351079936,1,0,
2026-09-12T21:04:09Z,D9F32A06-D5F8-4EE0-9C4F-BBB93D2512B3,44,recordingRequest,phaseBegin,13342.772,22298226383,3227648,23759285264,6496796672,3204710400,25817509743,5351079936,5351079936,1,0,
2026-09-12T21:04:09Z,D9F32A06-D5F8-4EE0-9C4F-BBB93D2512B3,45,recordingRequest,phaseEnd,13344.023,22288854735,12599296,23761923112,6496796672,3204710400,25817509743,5351079936,5351079936,1,0,
2026-09-12T21:04:09Z,D9F32A06-D5F8-4EE0-9C4F-BBB93D2512B3,46,finishingStream,phaseBegin,13344.105,22288854735,12599296,23761923112,6496796672,3204710400,25817509743,5397479424,0,0,0,
2026-09-12T21:04:09Z,D9F32A06-D5F8-4EE0-9C4F-BBB93D2512B3,47,finishingStream,cancelSignal,13344.183,22288854735,12599296,23761923112,6496796672,3204710400,25817509743,5397479424,0,0,0,
2026-09-12T21:04:09Z,D9F32A06-D5F8-4EE0-9C4F-BBB93D2512B3,48,finishingStream,phaseEnd,13344.267,22285627087,15826944,23761923112,6496796672,3204710400,25817509743,5397479424,0,0,0,
2026-09-12T21:04:09Z,D9F32A06-D5F8-4EE0-9C4F-BBB93D2512B3,49,releasingRequest,phaseBegin,13344.354,22285627087,15826944,23761923112,6496796672,3204710400,25817509743,5397479424,0,0,0,
2026-09-12T21:04:09Z,D9F32A06-D5F8-4EE0-9C4F-BBB93D2512B3,50,releasingRequest,observation,13344.475,22285627087,15826944,23762709544,6496796672,3204710400,25817509743,5397479424,0,0,0,
2026-09-12T21:04:09Z,D9F32A06-D5F8-4EE0-9C4F-BBB93D2512B3,51,releasingRequest,phaseEnd,13344.561,22285627087,15826944,23762709544,6496796672,3204710400,25817509743,5397479424,0,0,0,completed
2026-09-12T21:04:09Z,D9F32A06-D5F8-4EE0-9C4F-BBB93D2512B3,52,finished,terminal,13344.653,22285627087,15826944,23762709544,6496780288,3204710400,25817509743,5397479424,0,0,0,completed
2026-09-12T21:04:10Z,6EEC30F3-4E85-40A9-BF9F-2FB5E8007E0F,4,preparing,phaseEnd,111.769,22100291279,202145792,23834750184,6494355456,3204710400,25817509743,,,,,
2026-09-12T21:04:10Z,6EEC30F3-4E85-40A9-BF9F-2FB5E8007E0F,5,restoring,phaseBegin,111.839,22100291279,202145792,23834750184,6494355456,3204710400,25817509743,5397479424,0,0,,
2026-09-12T21:04:10Z,6EEC30F3-4E85-40A9-BF9F-2FB5E8007E0F,6,restoring,observation,111.889,22100291279,202145792,23834750184,6494355456,3204710400,25817509743,5397479424,0,0,,
2026-09-12T21:04:10Z,6EEC30F3-4E85-40A9-BF9F-2FB5E8007E0F,7,restoring,phaseEnd,114.345,22255120079,47317472,23834750184,6494355456,3204710400,25817509743,5397479424,0,0,,
2026-09-12T21:04:10Z,6EEC30F3-4E85-40A9-BF9F-2FB5E8007E0F,8,restored,phaseBegin,114.432,22255120079,47317472,23834750184,6494355456,3204710400,25817509743,5397479424,0,0,153944064,
2026-09-12T21:04:10Z,6EEC30F3-4E85-40A9-BF9F-2FB5E8007E0F,9,restored,phaseEnd,121.294,22255120079,47317472,23834766568,6494339072,3204710400,25817509743,5397479424,0,0,153944064,
2026-09-12T21:04:10Z,6EEC30F3-4E85-40A9-BF9F-2FB5E8007E0F,10,prefilling,phaseBegin,121.401,22255120079,47317472,23834766568,6494339072,3204710400,25817509743,5397479424,0,0,153944064,
2026-09-12T21:04:10Z,6EEC30F3-4E85-40A9-BF9F-2FB5E8007E0F,11,prefilling,phaseEnd,121.476,22255120079,47317472,23834766568,6494339072,3204710400,25817509743,5397479424,0,0,153944064,
2026-09-12T21:04:10Z,6EEC30F3-4E85-40A9-BF9F-2FB5E8007E0F,12,dflashPreparing,phaseBegin,121.538,22255120079,47317472,23834766568,6494339072,3204710400,25817509743,5397479424,0,0,153944064,
2026-09-12T21:04:10Z,6EEC30F3-4E85-40A9-BF9F-2FB5E8007E0F,13,dflashPreparing,phaseEnd,800.307,22363222695,112656485,24002374888,6494339072,3204710400,25817509743,5397479424,0,0,153944064,
2026-09-12T21:04:10Z,6EEC30F3-4E85-40A9-BF9F-2FB5E8007E0F,14,prefilled,phaseBegin,800.454,22363222695,112656485,24002374888,6494339072,3204710400,25817509743,5397479424,0,0,153944064,
2026-09-12T21:04:10Z,6EEC30F3-4E85-40A9-BF9F-2FB5E8007E0F,15,prefilled,phaseEnd,807.935,22346642051,129237129,24002391272,6494339072,3204710400,25817509743,5397479424,0,0,153944064,
2026-09-12T21:04:10Z,6EEC30F3-4E85-40A9-BF9F-2FB5E8007E0F,16,decoding,phaseBegin,808.026,22346642051,129237129,24002374888,6494339072,3204710400,25817509743,5397479424,0,0,153944064,
2026-09-12T21:04:10Z,6EEC30F3-4E85-40A9-BF9F-2FB5E8007E0F,17,decoding,observation,808.145,22346314383,129564797,24002374888,6494339072,3204710400,25817509743,5397479424,0,0,153944064,
2026-09-12T21:04:11Z,6EEC30F3-4E85-40A9-BF9F-2FB5E8007E0F,18,decoding,periodic,1010.034,22728375091,232060203,24486898920,6494322688,3204710400,25817509743,5397479424,0,0,153944064,
2026-09-12T21:04:11Z,D9F32A06-D5F8-4EE0-9C4F-BBB93D2512B3,53,settled,afterRelease,14426.686,22728375091,232060203,24486898920,6494322688,3204710400,25817509743,5397479424,0,0,0,completed
2026-09-12T21:04:12Z,6EEC30F3-4E85-40A9-BF9F-2FB5E8007E0F,19,decoding,periodic,2043.721,22852123597,305543473,24684391656,6494322688,3204710400,25817509743,5397479424,0,0,153944064,
2026-09-12T21:04:13Z,6EEC30F3-4E85-40A9-BF9F-2FB5E8007E0F,20,decoding,periodic,3049.552,23394826015,1983595830,27116088552,6494306304,3204710400,25817509743,5397479424,0,0,153944064,
2026-09-12T21:04:14Z,6EEC30F3-4E85-40A9-BF9F-2FB5E8007E0F,21,decoding,periodic,4078.139,22803610871,1951134265,26282437864,6494289920,3204710400,25817509743,5397479424,0,0,153944064,
2026-09-12T21:04:15Z,6EEC30F3-4E85-40A9-BF9F-2FB5E8007E0F,22,decoding,periodic,5090.038,22838050003,1916695133,26282437864,6494289920,3204710400,25817509743,5397479424,0,0,153944064,
2026-09-12T21:04:16Z,6EEC30F3-4E85-40A9-BF9F-2FB5E8007E0F,23,decoding,periodic,6162.685,22751442739,2003305981,26282437864,6494289920,3204710400,25817509743,5397479424,0,0,153944064,
2026-09-12T21:04:17Z,8D8A8CA9-4EEF-46D6-BA2D-08C00472EEC1,1,preparing,observation,0.017,22116708035,172261376,23819693312,6491848704,3204710400,25817509743,,,,,
2026-09-12T21:04:17Z,8D8A8CA9-4EEF-46D6-BA2D-08C00472EEC1,2,preparing,observation,0.085,22116708035,172261376,23819693312,6491848704,3204710400,25817509743,,,,,
2026-09-12T21:04:17Z,8D8A8CA9-4EEF-46D6-BA2D-08C00472EEC1,3,preparing,observation,0.977,22116708035,172261376,23819693312,6491848704,3204710400,25817509743,,,,,
2026-09-12T21:04:17Z,8D8A8CA9-4EEF-46D6-BA2D-08C00472EEC1,4,preparing,phaseEnd,103.809,22117035715,172916736,23820692736,6491684864,3204710400,25817509743,,,,,
2026-09-12T21:04:17Z,8D8A8CA9-4EEF-46D6-BA2D-08C00472EEC1,5,restoring,phaseBegin,103.862,22117035715,172916736,23820692736,6491684864,3204710400,25817509743,5414715392,0,0,,
2026-09-12T21:04:17Z,8D8A8CA9-4EEF-46D6-BA2D-08C00472EEC1,6,restoring,observation,103.921,22117035715,172916736,23820692736,6491684864,3204710400,25817509743,5414715392,0,0,,
2026-09-12T21:04:17Z,8D8A8CA9-4EEF-46D6-BA2D-08C00472EEC1,7,restoring,phaseEnd,106.203,22271815465,18137466,23820692736,6491684864,3204710400,25817509743,5414715392,0,0,,
2026-09-12T21:04:17Z,8D8A8CA9-4EEF-46D6-BA2D-08C00472EEC1,8,restored,phaseBegin,106.270,22271815363,18137568,23820692736,6491684864,3204710400,25817509743,5414715392,0,0,153944064,
2026-09-12T21:04:17Z,8D8A8CA9-4EEF-46D6-BA2D-08C00472EEC1,9,restored,phaseEnd,112.790,22271815363,18137568,23820709120,6491668480,3204710400,25817509743,5414715392,0,0,153944064,
2026-09-12T21:04:17Z,8D8A8CA9-4EEF-46D6-BA2D-08C00472EEC1,10,prefilling,phaseBegin,112.854,22271815363,18137568,23820709120,6491668480,3204710400,25817509743,5414715392,0,0,153944064,
2026-09-12T21:04:17Z,8D8A8CA9-4EEF-46D6-BA2D-08C00472EEC1,11,prefilling,phaseEnd,112.923,22271815363,18137568,23820709120,6491668480,3204710400,25817509743,5414715392,0,0,153944064,
2026-09-12T21:04:17Z,8D8A8CA9-4EEF-46D6-BA2D-08C00472EEC1,12,dflashPreparing,phaseBegin,112.980,22271815363,18137568,23820709120,6491668480,3204710400,25817509743,5414715392,0,0,153944064,
2026-09-12T21:04:17Z,6EEC30F3-4E85-40A9-BF9F-2FB5E8007E0F,24,decoding,periodic,7187.479,22807070651,1947689445,26282224872,6494289920,3204710400,25817509743,5397479424,0,0,153944064,
2026-09-12T21:04:17Z,6EEC30F3-4E85-40A9-BF9F-2FB5E8007E0F,25,decoding,phaseEnd,7318.249,22271536835,2147546857,26000665832,6494289920,3204710400,25817509743,5397479424,0,0,153944064,
2026-09-12T21:04:17Z,6EEC30F3-4E85-40A9-BF9F-2FB5E8007E0F,26,generationQuiescent,phaseBegin,7318.346,22271536835,2147546857,26000665832,6494289920,3204710400,25817509743,5397479424,0,0,153944064,
2026-09-12T21:04:17Z,6EEC30F3-4E85-40A9-BF9F-2FB5E8007E0F,27,generationQuiescent,phaseEnd,7318.442,22271536835,2147546857,26000665832,6494289920,3204710400,25817509743,5397479424,0,0,153944064,
2026-09-12T21:04:17Z,6EEC30F3-4E85-40A9-BF9F-2FB5E8007E0F,28,admittingCheckpoints,phaseBegin,7318.499,22271536835,2147546857,26000665832,6494289920,3204710400,25817509743,5397479424,0,0,153944064,
2026-09-12T21:04:17Z,6EEC30F3-4E85-40A9-BF9F-2FB5E8007E0F,29,admittingCheckpoints,phaseEnd,7325.254,22271536835,2147546857,26000665832,6494289920,3204710400,25817509743,5397479424,0,0,153944064,
2026-09-12T21:04:17Z,6EEC30F3-4E85-40A9-BF9F-2FB5E8007E0F,30,storingLeaf,phaseBegin,7325.324,22271536835,2147546857,26000665832,6494289920,3204710400,25817509743,5397479424,5397479424,1,153944064,
2026-09-12T21:04:17Z,6EEC30F3-4E85-40A9-BF9F-2FB5E8007E0F,31,storingLeaf,phaseEnd,7328.233,22271536835,2147546857,26000665832,6494289920,3204710400,25817509743,5397479424,5397479424,1,153944064,
2026-09-12T21:04:17Z,6EEC30F3-4E85-40A9-BF9F-2FB5E8007E0F,32,capturingLeaf,phaseBegin,7328.305,22271536835,2147546857,26000665832,6494289920,3204710400,25817509743,5397479424,5397479424,1,153944064,
2026-09-12T21:04:17Z,6EEC30F3-4E85-40A9-BF9F-2FB5E8007E0F,33,capturingLeaf,phaseEnd,7328.548,22271536835,2147546857,26000665832,6494289920,3204710400,25817509743,5397479424,5397479424,1,153944064,
2026-09-12T21:04:17Z,6EEC30F3-4E85-40A9-BF9F-2FB5E8007E0F,34,preparingPayload,phaseBegin,7328.613,22271536835,2147546857,26000665832,6494289920,3204710400,25817509743,5397479424,5397479424,1,153944064,
2026-09-12T21:04:17Z,6EEC30F3-4E85-40A9-BF9F-2FB5E8007E0F,35,preparingPayload,phaseEnd,7331.880,22443798229,1822537527,25804811496,6494289920,3204710400,25817509743,5397479424,5397479424,1,153944064,
2026-09-12T21:04:17Z,6EEC30F3-4E85-40A9-BF9F-2FB5E8007E0F,36,admittingLeaf,phaseBegin,7331.957,22443798211,1822537545,25800092904,6494289920,3204710400,25817509743,5397479424,5397479424,1,153944064,
2026-09-12T21:04:17Z,6EEC30F3-4E85-40A9-BF9F-2FB5E8007E0F,37,admittingLeaf,observation,7332.330,22288969411,1977366345,25793801448,6494289920,3204710400,25817509743,5397479424,5397479424,1,0,
2026-09-12T21:04:17Z,6EEC30F3-4E85-40A9-BF9F-2FB5E8007E0F,38,admittingLeaf,phaseEnd,7347.806,22285741763,3227648,23895960736,6494289920,3204710400,25817509743,5397479424,5397479424,1,0,
2026-09-12T21:04:17Z,6EEC30F3-4E85-40A9-BF9F-2FB5E8007E0F,39,recordingRequest,phaseBegin,7347.901,22285741763,3227648,23895960736,6494289920,3204710400,25817509743,5397479424,5397479424,1,0,
2026-09-12T21:04:17Z,6EEC30F3-4E85-40A9-BF9F-2FB5E8007E0F,40,recordingRequest,phaseEnd,7349.164,22271749827,17219584,23896157344,6494289920,3204710400,25817509743,5397479424,5397479424,1,0,
2026-09-12T21:04:17Z,6EEC30F3-4E85-40A9-BF9F-2FB5E8007E0F,41,finishingStream,phaseBegin,7349.249,22268522179,20447232,23896157344,6494289920,3204710400,25817509743,5414715392,0,0,0,
2026-09-12T21:04:17Z,6EEC30F3-4E85-40A9-BF9F-2FB5E8007E0F,42,finishingStream,cancelSignal,7349.343,22268522179,20447232,23896829088,6494289920,3204710400,25817509743,5414715392,0,0,0,
2026-09-12T21:04:17Z,6EEC30F3-4E85-40A9-BF9F-2FB5E8007E0F,43,finishingStream,phaseEnd,7349.431,22267440835,21528576,23897304224,6494289920,3204710400,25817509743,5414715392,0,0,0,
2026-09-12T21:04:17Z,6EEC30F3-4E85-40A9-BF9F-2FB5E8007E0F,44,releasingRequest,phaseBegin,7349.514,22267440835,21528576,23897304224,6494289920,3204710400,25817509743,5414715392,0,0,0,
2026-09-12T21:04:17Z,6EEC30F3-4E85-40A9-BF9F-2FB5E8007E0F,45,releasingRequest,observation,7349.649,22267440835,21528576,23897304224,6494289920,3204710400,25817509743,5414715392,0,0,0,
2026-09-12T21:04:17Z,6EEC30F3-4E85-40A9-BF9F-2FB5E8007E0F,46,releasingRequest,phaseEnd,7349.758,22264213187,24756224,23897386168,6494273536,3204710400,25817509743,5414715392,0,0,0,completed
2026-09-12T21:04:17Z,6EEC30F3-4E85-40A9-BF9F-2FB5E8007E0F,47,finished,terminal,7349.835,22264213187,24756224,23897386168,6494273536,3204710400,25817509743,5414715392,0,0,0,completed
2026-09-12T21:04:18Z,8D8A8CA9-4EEF-46D6-BA2D-08C00472EEC1,13,dflashPreparing,phaseEnd,831.030,22379950759,119371249,24037174528,6491619328,3204710400,25817509743,5414715392,0,0,153944064,
2026-09-12T21:04:18Z,8D8A8CA9-4EEF-46D6-BA2D-08C00472EEC1,14,prefilled,phaseBegin,831.153,22379950759,119371249,24037174528,6491619328,3204710400,25817509743,5414715392,0,0,153944064,
2026-09-12T21:04:18Z,8D8A8CA9-4EEF-46D6-BA2D-08C00472EEC1,15,prefilled,phaseEnd,838.967,22363370115,135951893,24037174528,6491619328,3204710400,25817509743,5414715392,0,0,153944064,
2026-09-12T21:04:18Z,8D8A8CA9-4EEF-46D6-BA2D-08C00472EEC1,16,decoding,phaseBegin,839.071,22363370115,135951893,24037174528,6491619328,3204710400,25817509743,5414715392,0,0,153944064,
2026-09-12T21:04:18Z,8D8A8CA9-4EEF-46D6-BA2D-08C00472EEC1,17,decoding,observation,839.188,22363042447,136279561,24037174528,6491619328,3204710400,25817509743,5414715392,0,0,153944064,
2026-09-12T21:04:18Z,8D8A8CA9-4EEF-46D6-BA2D-08C00472EEC1,18,decoding,periodic,1053.283,22759274319,229974015,24535117056,6491570176,3204710400,25817509743,5414715392,0,0,153944064,
2026-09-12T21:04:18Z,6EEC30F3-4E85-40A9-BF9F-2FB5E8007E0F,48,settled,afterRelease,8352.154,22368432935,107902321,24014187776,6491619328,3204710400,25817509743,5414715392,0,0,0,completed
2026-09-12T21:04:19Z,8D8A8CA9-4EEF-46D6-BA2D-08C00472EEC1,19,decoding,periodic,2105.054,22837233459,341643387,24716700928,6491553792,3204710400,25817509743,5414715392,0,0,153944064,
2026-09-12T21:04:20Z,8D8A8CA9-4EEF-46D6-BA2D-08C00472EEC1,20,decoding,periodic,3130.569,22827793389,1948866321,26315828480,6491537408,3204710400,25817509743,5414715392,0,0,153944064,
2026-09-12T21:04:21Z,8D8A8CA9-4EEF-46D6-BA2D-08C00472EEC1,21,decoding,periodic,4171.428,22947429473,1829234023,26315894016,6491521024,3204710400,25817509743,5414715392,0,0,153944064,
2026-09-12T21:04:22Z,8D8A8CA9-4EEF-46D6-BA2D-08C00472EEC1,22,decoding,periodic,5202.083,22924459117,1852204379,26315894016,6491504640,3204710400,25817509743,5414715392,0,0,153944064,
2026-09-12T21:04:23Z,8D8A8CA9-4EEF-46D6-BA2D-08C00472EEC1,23,decoding,periodic,6237.043,22820338917,1956328163,26315894016,6491504640,3204710400,25817509743,5414715392,0,0,153944064,
2026-09-12T21:04:24Z,8D8A8CA9-4EEF-46D6-BA2D-08C00472EEC1,24,decoding,phaseEnd,6896.642,22288248515,2148739553,26034384128,6491504640,3204710400,25817509743,5414715392,0,0,153944064,
2026-09-12T21:04:24Z,8D8A8CA9-4EEF-46D6-BA2D-08C00472EEC1,25,generationQuiescent,phaseBegin,6896.743,22288248515,2148739553,26034384128,6491504640,3204710400,25817509743,5414715392,0,0,153944064,
2026-09-12T21:04:24Z,8D8A8CA9-4EEF-46D6-BA2D-08C00472EEC1,26,generationQuiescent,phaseEnd,6896.833,22288248515,2148739553,26034384128,6491504640,3204710400,25817509743,5414715392,0,0,153944064,
2026-09-12T21:04:24Z,8D8A8CA9-4EEF-46D6-BA2D-08C00472EEC1,27,admittingCheckpoints,phaseBegin,6896.894,22288248515,2148739553,26034384128,6491504640,3204710400,25817509743,5414715392,0,0,153944064,
2026-09-12T21:04:24Z,8D8A8CA9-4EEF-46D6-BA2D-08C00472EEC1,28,admittingCheckpoints,phaseEnd,6904.398,22288248515,2148739553,26034384128,6491504640,3204710400,25817509743,5414715392,0,0,153944064,
2026-09-12T21:04:24Z,8D8A8CA9-4EEF-46D6-BA2D-08C00472EEC1,29,storingLeaf,phaseBegin,6904.488,22288248515,2148739553,26034384128,6491504640,3204710400,25817509743,5414715392,5414715392,1,153944064,
2026-09-12T21:04:24Z,8D8A8CA9-4EEF-46D6-BA2D-08C00472EEC1,30,storingLeaf,phaseEnd,6907.257,22288248515,2148739553,26034416896,6491504640,3204710400,25817509743,5414715392,5414715392,1,153944064,
2026-09-12T21:04:24Z,8D8A8CA9-4EEF-46D6-BA2D-08C00472EEC1,31,capturingLeaf,phaseBegin,6907.336,22288248515,2148739553,26034416896,6491504640,3204710400,25817509743,5414715392,5414715392,1,153944064,
2026-09-12T21:04:24Z,8D8A8CA9-4EEF-46D6-BA2D-08C00472EEC1,32,capturingLeaf,phaseEnd,6907.576,22288248515,2148739553,26034416896,6491504640,3204710400,25817509743,5414715392,5414715392,1,153944064,
2026-09-12T21:04:24Z,8D8A8CA9-4EEF-46D6-BA2D-08C00472EEC1,33,preparingPayload,phaseBegin,6907.654,22288248515,2148739553,26034416896,6491504640,3204710400,25817509743,5414715392,5414715392,1,153944064,
2026-09-12T21:04:24Z,8D8A8CA9-4EEF-46D6-BA2D-08C00472EEC1,34,preparingPayload,phaseEnd,6911.039,22459248341,1829366317,25827863808,6491504640,3204710400,25817509743,5414715392,5414715392,1,153944064,
2026-09-12T21:04:24Z,8D8A8CA9-4EEF-46D6-BA2D-08C00472EEC1,35,admittingLeaf,phaseBegin,6911.127,22459248323,1829366335,25827863808,6491504640,3204710400,25817509743,5414715392,5414715392,1,153944064,
2026-09-12T21:04:24Z,8D8A8CA9-4EEF-46D6-BA2D-08C00472EEC1,36,admittingLeaf,observation,6911.495,22304468675,1984145983,25827863808,6491504640,3204710400,25817509743,5414715392,5414715392,1,0,
2026-09-12T21:04:24Z,8D8A8CA9-4EEF-46D6-BA2D-08C00472EEC1,37,admittingLeaf,phaseEnd,6927.089,22301241027,3227648,23962938504,6491504640,3204710400,25817509743,5414715392,5414715392,1,0,
2026-09-12T21:04:24Z,8D8A8CA9-4EEF-46D6-BA2D-08C00472EEC1,38,recordingRequest,phaseBegin,6927.180,22301241027,3227648,23962938504,6491504640,3204710400,25817509743,5414715392,5414715392,1,0,
2026-09-12T21:04:24Z,8D8A8CA9-4EEF-46D6-BA2D-08C00472EEC1,39,recordingRequest,phaseEnd,6928.445,22287314627,17154048,23962954912,6491471872,3204710400,25817509743,5414715392,5414715392,1,0,
2026-09-12T21:04:24Z,8D8A8CA9-4EEF-46D6-BA2D-08C00472EEC1,40,finishingStream,phaseBegin,6928.523,22287314627,17154048,23962954912,6491471872,3204710400,25817509743,5430902784,0,0,0,
2026-09-12T21:04:24Z,8D8A8CA9-4EEF-46D6-BA2D-08C00472EEC1,41,finishingStream,cancelSignal,6928.604,22284086979,20381696,23962954912,6491471872,3204710400,25817509743,5430902784,0,0,0,
2026-09-12T21:04:24Z,8D8A8CA9-4EEF-46D6-BA2D-08C00472EEC1,42,finishingStream,phaseEnd,6928.699,22283071171,21397504,23963282592,6491471872,3204710400,25817509743,5430902784,0,0,0,
2026-09-12T21:04:24Z,8D8A8CA9-4EEF-46D6-BA2D-08C00472EEC1,43,releasingRequest,phaseBegin,6928.774,22283071171,21397504,23963282592,6491471872,3204710400,25817509743,5430902784,0,0,0,
2026-09-12T21:04:24Z,8D8A8CA9-4EEF-46D6-BA2D-08C00472EEC1,44,releasingRequest,observation,6928.905,22283071171,21397504,23963298976,6491471872,3204710400,25817509743,5430902784,0,0,0,
2026-09-12T21:04:24Z,8D8A8CA9-4EEF-46D6-BA2D-08C00472EEC1,45,releasingRequest,phaseEnd,6929.019,22279843523,24625152,23963298976,6491471872,3204710400,25817509743,5430902784,0,0,0,completed
2026-09-12T21:04:24Z,8D8A8CA9-4EEF-46D6-BA2D-08C00472EEC1,46,finished,terminal,6929.103,22279843523,24625152,23963298976,6491471872,3204710400,25817509743,5430902784,0,0,0,completed
2026-09-12T21:04:25Z,DD2348F1-CB84-4AA4-8D03-AFC2F563250B,1,preparing,observation,0.036,22133468867,170999808,23847382176,6490243072,3204710400,25817509743,,,,,
2026-09-12T21:04:25Z,DD2348F1-CB84-4AA4-8D03-AFC2F563250B,2,preparing,observation,0.152,22133468867,170999808,23847382176,6490243072,3204710400,25817509743,,,,,
2026-09-12T21:04:25Z,DD2348F1-CB84-4AA4-8D03-AFC2F563250B,3,preparing,observation,1.582,22133468867,170999808,23847382176,6490243072,3204710400,25817509743,,,,,
2026-09-12T21:04:25Z,DD2348F1-CB84-4AA4-8D03-AFC2F563250B,4,preparing,phaseEnd,113.053,22133796547,171655168,23848447136,6490243072,3204710400,25817509743,,,,,
2026-09-12T21:04:25Z,DD2348F1-CB84-4AA4-8D03-AFC2F563250B,5,restoring,phaseBegin,113.104,22133796547,171655168,23848447136,6490243072,3204710400,25817509743,5430902784,0,0,,
2026-09-12T21:04:25Z,DD2348F1-CB84-4AA4-8D03-AFC2F563250B,6,restoring,observation,113.153,22133796547,171655168,23848447136,6490243072,3204710400,25817509743,5430902784,0,0,,
2026-09-12T21:04:25Z,DD2348F1-CB84-4AA4-8D03-AFC2F563250B,7,restoring,phaseEnd,115.811,22288543427,16908768,23848447136,6490243072,3204710400,25817509743,5430902784,0,0,,
2026-09-12T21:04:25Z,DD2348F1-CB84-4AA4-8D03-AFC2F563250B,8,restored,phaseBegin,115.883,22288543427,16908768,23848447136,6490243072,3204710400,25817509743,5430902784,0,0,153944064,
2026-09-12T21:04:25Z,DD2348F1-CB84-4AA4-8D03-AFC2F563250B,9,restored,phaseEnd,120.452,22288543427,16908768,23848447136,6490243072,3204710400,25817509743,5430902784,0,0,153944064,
2026-09-12T21:04:25Z,DD2348F1-CB84-4AA4-8D03-AFC2F563250B,10,prefilling,phaseBegin,120.527,22288543427,16908768,23848447136,6490243072,3204710400,25817509743,5430902784,0,0,153944064,
2026-09-12T21:04:25Z,DD2348F1-CB84-4AA4-8D03-AFC2F563250B,11,prefilling,phaseEnd,120.603,22288543427,16908768,23848447136,6490243072,3204710400,25817509743,5430902784,0,0,153944064,
2026-09-12T21:04:25Z,DD2348F1-CB84-4AA4-8D03-AFC2F563250B,12,dflashPreparing,phaseBegin,120.660,22288543427,16908768,23848447136,6490243072,3204710400,25817509743,5430902784,0,0,153944064,
2026-09-12T21:04:25Z,DD2348F1-CB84-4AA4-8D03-AFC2F563250B,13,dflashPreparing,phaseEnd,676.618,22396777127,108101251,24048037048,6490226688,3204710400,25817509743,5430902784,0,0,153944064,
2026-09-12T21:04:25Z,DD2348F1-CB84-4AA4-8D03-AFC2F563250B,14,prefilled,phaseBegin,676.738,22396777127,108101251,24048053432,6490226688,3204710400,25817509743,5430902784,0,0,153944064,
2026-09-12T21:04:25Z,DD2348F1-CB84-4AA4-8D03-AFC2F563250B,15,prefilled,phaseEnd,684.811,22380196483,124681895,24048299192,6490226688,3204710400,25817509743,5430902784,0,0,153944064,
2026-09-12T21:04:25Z,DD2348F1-CB84-4AA4-8D03-AFC2F563250B,16,decoding,phaseBegin,684.912,22380196483,124681895,24048921784,6490226688,3204710400,25817509743,5430902784,0,0,153944064,
2026-09-12T21:04:25Z,DD2348F1-CB84-4AA4-8D03-AFC2F563250B,17,decoding,observation,685.025,22379868811,125009567,24049085624,6490226688,3204710400,25817509743,5430902784,0,0,153944064,
2026-09-12T21:04:25Z,8D8A8CA9-4EEF-46D6-BA2D-08C00472EEC1,47,settled,afterRelease,7995.927,22672125835,116876764,24333135032,6490226688,3204710400,25817509743,5430902784,0,0,0,completed
2026-09-12T21:04:26Z,DD2348F1-CB84-4AA4-8D03-AFC2F563250B,18,decoding,periodic,1007.526,22947478766,228647434,24721812664,6490177536,3204710400,25817509743,5430902784,0,0,153944064,
2026-09-12T21:04:27Z,DD2348F1-CB84-4AA4-8D03-AFC2F563250B,19,decoding,periodic,2012.934,22924295022,263191172,24733478072,6490177536,3204710400,25817509743,5430902784,0,0,153944064,
2026-09-12T21:04:28Z,DD2348F1-CB84-4AA4-8D03-AFC2F563250B,20,decoding,periodic,3038.566,22823782218,363724328,24733478072,6490177536,3204710400,25817509743,5430902784,0,0,153944064,
2026-09-12T21:04:29Z,DD2348F1-CB84-4AA4-8D03-AFC2F563250B,21,decoding,periodic,4068.098,22820387782,367118764,24733478072,6490161152,3204710400,25817509743,5430902784,0,0,153944064,
2026-09-12T21:04:30Z,DD2348F1-CB84-4AA4-8D03-AFC2F563250B,22,decoding,periodic,5119.425,22840591983,1958150164,26345729208,6490161152,3204710400,25817509743,5430902784,0,0,153944064,
2026-09-12T21:04:31Z,DD2348F1-CB84-4AA4-8D03-AFC2F563250B,23,decoding,periodic,6130.553,22837165023,1961590060,26345729208,6490128384,3204710400,25817509743,5430902784,0,0,153944064,
2026-09-12T21:04:32Z,DD2348F1-CB84-4AA4-8D03-AFC2F563250B,24,decoding,periodic,7151.389,22894787394,1904001457,26345729208,6490128384,3204710400,25817509743,5430902784,0,0,153944064,
2026-09-12T21:04:33Z,DD2348F1-CB84-4AA4-8D03-AFC2F563250B,25,decoding,periodic,8162.294,22844619631,1955595248,26351201464,6490095616,3204710400,25817509743,5430902784,0,0,153944064,
2026-09-12T21:04:34Z,DD2348F1-CB84-4AA4-8D03-AFC2F563250B,26,decoding,periodic,9192.780,22840591998,1959622881,26351217848,6490095616,3204710400,25817509743,5430902784,0,0,153944064,
2026-09-12T21:04:35Z,DD2348F1-CB84-4AA4-8D03-AFC2F563250B,27,decoding,periodic,10202.334,22843079538,1957135341,26351217848,6490062848,3204710400,25817509743,5430902784,0,0,153944064,
2026-09-12T21:04:36Z,DD2348F1-CB84-4AA4-8D03-AFC2F563250B,28,decoding,periodic,11204.604,22837164915,1963049964,26350791864,6490062848,3204710400,25817509743,5430902784,0,0,153944064,
2026-09-12T21:04:37Z,DD2348F1-CB84-4AA4-8D03-AFC2F563250B,29,decoding,periodic,12239.334,22929521438,1870693441,26350955704,6490062848,3204710400,25817509743,5430902784,0,0,153944064,
2026-09-12T21:04:38Z,DD2348F1-CB84-4AA4-8D03-AFC2F563250B,30,decoding,periodic,13240.424,22808803091,1983465548,26351004856,6490062848,3204710400,25817509743,5430902784,0,0,153944064,
2026-09-12T21:04:39Z,DD2348F1-CB84-4AA4-8D03-AFC2F563250B,31,decoding,periodic,14250.167,22842211175,1958003704,26350922936,6490062848,3204710400,25817509743,5430902784,0,0,153944064,
2026-09-12T21:04:40Z,DD2348F1-CB84-4AA4-8D03-AFC2F563250B,32,decoding,periodic,15297.627,22840591998,2002909409,26394258616,6490062848,3204710400,25817509743,5430902784,0,0,153944064,
2026-09-12T21:04:41Z,DD2348F1-CB84-4AA4-8D03-AFC2F563250B,33,decoding,periodic,16297.973,22861396851,2000586293,26412657848,6490062848,3204710400,25817509743,5430902784,0,0,153944064,
2026-09-12T21:04:42Z,DD2348F1-CB84-4AA4-8D03-AFC2F563250B,34,decoding,periodic,17337.862,22809720595,2052262549,26412510392,6490062848,3204710400,25817509743,5430902784,0,0,153944064,
2026-09-12T21:04:43Z,DD2348F1-CB84-4AA4-8D03-AFC2F563250B,35,decoding,periodic,18379.805,22857401971,2004584245,26412674232,6490062848,3204710400,25817509743,5430902784,0,0,153944064,
2026-09-12T21:04:44Z,DD2348F1-CB84-4AA4-8D03-AFC2F563250B,36,decoding,periodic,19400.091,22861396851,2000589365,26412723384,6490062848,3204710400,25817509743,5430902784,0,0,153944064,
2026-09-12T21:04:45Z,DD2348F1-CB84-4AA4-8D03-AFC2F563250B,37,decoding,periodic,20401.744,22853942135,2008044081,26412657848,6490062848,3204710400,25817509743,5430902784,0,0,153944064,
2026-09-12T21:04:46Z,DD2348F1-CB84-4AA4-8D03-AFC2F563250B,38,decoding,periodic,21418.055,22911777595,1950208621,26412657848,6490062848,3204710400,25817509743,5430902784,0,0,153944064,
2026-09-12T21:04:47Z,DD2348F1-CB84-4AA4-8D03-AFC2F563250B,39,decoding,periodic,22419.100,22953966355,1908019861,26412657848,6490062848,3204710400,25817509743,5430902784,0,0,153944064,
2026-09-12T21:04:48Z,DD2348F1-CB84-4AA4-8D03-AFC2F563250B,40,decoding,periodic,23421.599,22969400063,1892586153,26412657848,6490062848,3204710400,25817509743,5430902784,0,0,153944064,
2026-09-12T21:04:49Z,DD2348F1-CB84-4AA4-8D03-AFC2F563250B,41,decoding,periodic,24439.095,22878174071,2005849621,26434694328,6490046464,3204710400,25817509743,5430902784,0,0,153944064,
2026-09-12T21:04:50Z,DD2348F1-CB84-4AA4-8D03-AFC2F563250B,42,decoding,periodic,25439.354,22878174071,2005852693,26434694328,6490046464,3204710400,25817509743,5430902784,0,0,153944064,
2026-09-12T21:04:51Z,DD2348F1-CB84-4AA4-8D03-AFC2F563250B,43,decoding,periodic,26452.674,22878174071,2005852693,26434694328,6490046464,3204710400,25817509743,5430902784,0,0,153944064,
2026-09-12T21:04:52Z,DD2348F1-CB84-4AA4-8D03-AFC2F563250B,44,decoding,periodic,27506.568,22826514163,2057512601,26434694328,6490030080,3204710400,25817509743,5430902784,0,0,153944064,
2026-09-12T21:04:53Z,DD2348F1-CB84-4AA4-8D03-AFC2F563250B,45,decoding,periodic,28537.926,22834460439,2049566325,26434694328,6490030080,3204710400,25817509743,5430902784,0,0,153944064,
2026-09-12T21:04:54Z,DD2348F1-CB84-4AA4-8D03-AFC2F563250B,46,decoding,periodic,29552.798,22878174059,2005852705,26434694328,6490030080,3204710400,25817509743,5430902784,0,0,153944064,
2026-09-12T21:04:55Z,DD2348F1-CB84-4AA4-8D03-AFC2F563250B,47,decoding,periodic,30576.270,22986177283,1897849481,26434694328,6490030080,3204710400,25817509743,5430902784,0,0,153944064,
2026-09-12T21:04:56Z,DD2348F1-CB84-4AA4-8D03-AFC2F563250B,48,decoding,periodic,31583.411,22861248347,2044778505,26456714424,6490030080,3204710400,25817509743,5430902784,0,0,153944064,
2026-09-12T21:04:57Z,DD2348F1-CB84-4AA4-8D03-AFC2F563250B,49,decoding,periodic,32584.099,22999071479,1863276825,26412821688,6490030080,3204710400,25817509743,5430902784,0,0,153944064,
2026-09-12T21:04:58Z,DD2348F1-CB84-4AA4-8D03-AFC2F563250B,50,decoding,periodic,33614.151,22898834291,1963553109,26413083832,6490030080,3204710400,25817509743,5430902784,0,0,153944064,
2026-09-12T21:04:58Z,DD2348F1-CB84-4AA4-8D03-AFC2F563250B,51,decoding,phaseEnd,33816.344,22355357379,2148338181,26108521656,6490030080,3204710400,25817509743,5430902784,0,0,153944064,
2026-09-12T21:04:58Z,DD2348F1-CB84-4AA4-8D03-AFC2F563250B,52,generationQuiescent,phaseBegin,33816.446,22355357379,2148338181,26105375928,6490030080,3204710400,25817509743,5430902784,0,0,153944064,
2026-09-12T21:04:58Z,DD2348F1-CB84-4AA4-8D03-AFC2F563250B,53,generationQuiescent,phaseEnd,33816.541,22355357379,2148338181,26105375928,6490030080,3204710400,25817509743,5430902784,0,0,153944064,
2026-09-12T21:04:58Z,DD2348F1-CB84-4AA4-8D03-AFC2F563250B,54,admittingCheckpoints,phaseBegin,33816.602,22355357379,2148338181,26105375928,6490030080,3204710400,25817509743,5430902784,0,0,153944064,
2026-09-12T21:04:58Z,DD2348F1-CB84-4AA4-8D03-AFC2F563250B,55,admittingCheckpoints,phaseEnd,33824.020,22355357379,2148338181,26105375928,6490030080,3204710400,25817509743,5430902784,0,0,153944064,
2026-09-12T21:04:58Z,DD2348F1-CB84-4AA4-8D03-AFC2F563250B,56,storingLeaf,phaseBegin,33824.098,22355357379,2148338181,26105375928,6490030080,3204710400,25817509743,5430902784,5430902784,1,153944064,
2026-09-12T21:04:58Z,DD2348F1-CB84-4AA4-8D03-AFC2F563250B,57,storingLeaf,phaseEnd,33829.365,22355357379,2148338181,26105457848,6489833472,3204710400,25817509743,5430902784,5430902784,1,153944064,
2026-09-12T21:04:58Z,DD2348F1-CB84-4AA4-8D03-AFC2F563250B,58,capturingLeaf,phaseBegin,33829.438,22355357379,2148338181,26105457848,6489833472,3204710400,25817509743,5430902784,5430902784,1,153944064,
2026-09-12T21:04:58Z,DD2348F1-CB84-4AA4-8D03-AFC2F563250B,59,capturingLeaf,phaseEnd,33829.671,22355357379,2148338181,26105457848,6489833472,3204710400,25817509743,5430902784,5430902784,1,153944064,
2026-09-12T21:04:58Z,DD2348F1-CB84-4AA4-8D03-AFC2F563250B,60,preparingPayload,phaseBegin,33829.742,22355357379,2148338181,26105457848,6489833472,3204710400,25817509743,5430902784,5430902784,1,153944064,
2026-09-12T21:04:58Z,DD2348F1-CB84-4AA4-8D03-AFC2F563250B,61,preparingPayload,phaseEnd,33833.786,22574116565,1824819799,25949727928,6489833472,3204710400,25817509743,5430902784,5430902784,1,153944064,
2026-09-12T21:04:58Z,DD2348F1-CB84-4AA4-8D03-AFC2F563250B,62,admittingLeaf,phaseBegin,33833.870,22574116547,1824819817,25949727928,6489833472,3204710400,25817509743,5430902784,5430902784,1,153944064,
2026-09-12T21:04:58Z,DD2348F1-CB84-4AA4-8D03-AFC2F563250B,63,admittingLeaf,observation,33834.249,22419369667,1979566697,25949760696,6489833472,3204710400,25817509743,5430902784,5430902784,1,0,
2026-09-12T21:04:58Z,DD2348F1-CB84-4AA4-8D03-AFC2F563250B,64,admittingLeaf,phaseEnd,33850.657,22416142019,3227648,24003914912,6489833472,3204710400,25817509743,5430902784,5430902784,1,0,
2026-09-12T21:04:58Z,DD2348F1-CB84-4AA4-8D03-AFC2F563250B,65,recordingRequest,phaseBegin,33850.749,22416142019,3227648,24003914912,6489833472,3204710400,25817509743,5430902784,5430902784,1,0,
2026-09-12T21:04:58Z,DD2348F1-CB84-4AA4-8D03-AFC2F563250B,66,recordingRequest,phaseEnd,33852.020,22402461379,16908288,24004996256,6489833472,3204710400,25817509743,5430902784,5430902784,1,0,
2026-09-12T21:04:58Z,DD2348F1-CB84-4AA4-8D03-AFC2F563250B,67,finishingStream,phaseBegin,33852.097,22402461379,16908288,24004996256,6489833472,3204710400,25817509743,5494472704,0,0,0,
2026-09-12T21:04:58Z,DD2348F1-CB84-4AA4-8D03-AFC2F563250B,68,finishingStream,cancelSignal,33852.180,22402461379,16908288,24004996256,6489833472,3204710400,25817509743,5494472704,0,0,0,
2026-09-12T21:04:58Z,DD2348F1-CB84-4AA4-8D03-AFC2F563250B,69,finishingStream,phaseEnd,33852.267,22399233731,20135936,24005012664,6489833472,3204710400,25817509743,5494472704,0,0,0,
2026-09-12T21:04:58Z,DD2348F1-CB84-4AA4-8D03-AFC2F563250B,70,releasingRequest,phaseBegin,33852.358,22399233731,20135936,24005029048,6489833472,3204710400,25817509743,5494472704,0,0,0,
2026-09-12T21:04:58Z,DD2348F1-CB84-4AA4-8D03-AFC2F563250B,71,releasingRequest,observation,33852.484,22396006083,23363584,24005029048,6489833472,3204710400,25817509743,5494472704,0,0,0,
2026-09-12T21:04:58Z,DD2348F1-CB84-4AA4-8D03-AFC2F563250B,72,releasingRequest,phaseEnd,33852.583,22396006083,23363584,24005029048,6489833472,3204710400,25817509743,5494472704,0,0,0,completed
2026-09-12T21:04:58Z,DD2348F1-CB84-4AA4-8D03-AFC2F563250B,73,finished,terminal,33852.660,22396006083,23363584,24005569720,6489833472,3204710400,25817509743,5494472704,0,0,0,completed
2026-09-12T21:05:00Z,DD2348F1-CB84-4AA4-8D03-AFC2F563250B,74,settled,afterRelease,34891.171,22200610499,218759168,23759826056,6488506368,3204710400,25817509743,5494472704,0,0,0,completed
2026-09-12T21:05:01Z,25ACB2F4-8C81-49D0-9633-299EBFAF41C9,1,preparing,observation,0.014,22200610499,218759168,23571557512,6488408064,3204710400,25817509743,,,,,
2026-09-12T21:05:01Z,25ACB2F4-8C81-49D0-9633-299EBFAF41C9,2,preparing,observation,0.096,22200610499,218759168,23571557512,6488408064,3204710400,25817509743,,,,,
2026-09-12T21:05:01Z,25ACB2F4-8C81-49D0-9633-299EBFAF41C9,3,preparing,observation,1.121,22200610499,218759168,23571557512,6488408064,3204710400,25817509743,,,,,
2026-09-12T21:05:01Z,25ACB2F4-8C81-49D0-9633-299EBFAF41C9,4,preparing,phaseEnd,116.820,22200938179,219414528,23740476552,6488408064,3204710400,25817509743,,,,,
2026-09-12T21:05:01Z,25ACB2F4-8C81-49D0-9633-299EBFAF41C9,5,restoring,phaseBegin,116.884,22200938179,219414528,23740476552,6488408064,3204710400,25817509743,5494472704,0,0,,
2026-09-12T21:05:01Z,25ACB2F4-8C81-49D0-9633-299EBFAF41C9,6,restoring,observation,116.932,22200938179,219414528,23740476552,6488408064,3204710400,25817509743,5494472704,0,0,,
2026-09-12T21:05:02Z,25ACB2F4-8C81-49D0-9633-299EBFAF41C9,7,restoring,phaseEnd,125.480,22355734211,64618976,23741115528,6488408064,3204710400,25817509743,5494472704,0,0,,
2026-09-12T21:05:02Z,25ACB2F4-8C81-49D0-9633-299EBFAF41C9,8,restored,phaseBegin,125.572,22355734211,64618976,23741115528,6488408064,3204710400,25817509743,5494472704,0,0,153944064,
2026-09-12T21:05:02Z,25ACB2F4-8C81-49D0-9633-299EBFAF41C9,9,restored,phaseEnd,132.773,22355734211,64618976,23741131912,6488408064,3204710400,25817509743,5494472704,0,0,153944064,
2026-09-12T21:05:02Z,25ACB2F4-8C81-49D0-9633-299EBFAF41C9,10,prefilling,phaseBegin,132.857,22355734211,64618976,23741131912,6488408064,3204710400,25817509743,5494472704,0,0,153944064,
2026-09-12T21:05:02Z,25ACB2F4-8C81-49D0-9633-299EBFAF41C9,11,prefilling,phaseEnd,132.930,22355734211,64618976,23741131912,6488408064,3204710400,25817509743,5494472704,0,0,153944064,
2026-09-12T21:05:02Z,25ACB2F4-8C81-49D0-9633-299EBFAF41C9,12,dflashPreparing,phaseBegin,132.985,22355734211,64618976,23741131912,6488408064,3204710400,25817509743,5494472704,0,0,153944064,
2026-09-12T21:05:02Z,25ACB2F4-8C81-49D0-9633-299EBFAF41C9,13,dflashPreparing,periodic,1017.763,22986781175,2017787922,26344205448,6488408064,3204710400,25817509743,5494472704,0,0,153944064,
2026-09-12T21:05:03Z,25ACB2F4-8C81-49D0-9633-299EBFAF41C9,14,dflashPreparing,periodic,2018.239,24012877627,1334280294,26290220168,6488408064,3204710400,25817509743,5494472704,0,0,153944064,
2026-09-12T21:05:04Z,25ACB2F4-8C81-49D0-9633-299EBFAF41C9,15,dflashPreparing,phaseEnd,2555.546,23140954779,2036629752,26435611784,6488408064,3204710400,25817509743,5494472704,0,0,153944064,
2026-09-12T21:05:04Z,25ACB2F4-8C81-49D0-9633-299EBFAF41C9,16,prefilled,phaseBegin,2555.717,23140954779,2036629752,26435611784,6488408064,3204710400,25817509743,5494472704,0,0,153944064,
2026-09-12T21:05:04Z,25ACB2F4-8C81-49D0-9633-299EBFAF41C9,17,prefilled,phaseEnd,2580.023,22455153283,2210955516,26006563976,6488408064,3204710400,25817509743,5494472704,0,0,153944064,
2026-09-12T21:05:04Z,25ACB2F4-8C81-49D0-9633-299EBFAF41C9,18,decoding,phaseBegin,2580.150,22455153283,2210955516,26006563976,6488408064,3204710400,25817509743,5494472704,0,0,153944064,
2026-09-12T21:05:04Z,25ACB2F4-8C81-49D0-9633-299EBFAF41C9,19,decoding,observation,2580.294,22454825615,2043527408,26006563976,6488408064,3204710400,25817509743,5494472704,0,0,153944064,
2026-09-12T21:05:04Z,25ACB2F4-8C81-49D0-9633-299EBFAF41C9,20,decoding,periodic,3050.074,22911662903,1989688088,26241854600,6488391680,3204710400,25817509743,5494472704,0,0,153944064,
2026-09-12T21:05:05Z,25ACB2F4-8C81-49D0-9633-299EBFAF41C9,21,decoding,periodic,4116.114,23031511811,1869846076,26242100360,6488375296,3204710400,25817509743,5494472704,0,0,153944064,
2026-09-12T21:05:07Z,25ACB2F4-8C81-49D0-9633-299EBFAF41C9,22,decoding,periodic,5143.597,22911662979,1989712084,26242100360,6488375296,3204710400,25817509743,5494472704,0,0,153944064,
2026-09-12T21:05:08Z,25ACB2F4-8C81-49D0-9633-299EBFAF41C9,23,decoding,periodic,6188.060,23042849463,1858573984,26242116744,6488375296,3204710400,25817509743,5494472704,0,0,153944064,
2026-09-12T21:05:09Z,25ACB2F4-8C81-49D0-9633-299EBFAF41C9,24,decoding,periodic,7205.516,22904175423,1997271024,26242051208,6488375296,3204710400,25817509743,5494472704,0,0,153944064,
2026-09-12T21:05:10Z,25ACB2F4-8C81-49D0-9633-299EBFAF41C9,25,decoding,periodic,8240.687,22973561599,1927905552,26242116744,6488326144,3204710400,25817509743,5494472704,0,0,153944064,
2026-09-12T21:05:11Z,25ACB2F4-8C81-49D0-9633-299EBFAF41C9,26,decoding,periodic,9270.168,23947639587,1637462372,26886401160,6488326144,3204710400,25817509743,5494472704,0,0,153944064,
2026-09-12T21:05:12Z,25ACB2F4-8C81-49D0-9633-299EBFAF41C9,27,decoding,periodic,10273.768,22921930238,1988536010,26251029640,6488326144,3204710400,25817509743,5494472704,0,0,153944064,
2026-09-12T21:05:13Z,25ACB2F4-8C81-49D0-9633-299EBFAF41C9,28,decoding,periodic,11274.342,22928456519,1982009733,26251193480,6488309760,3204710400,25817509743,5494472704,0,0,153944064,
2026-09-12T21:05:14Z,25ACB2F4-8C81-49D0-9633-299EBFAF41C9,29,decoding,periodic,12304.194,23001807607,1908658653,26251242632,6488309760,3204710400,25817509743,5494472704,0,0,153944064,
2026-09-12T21:05:15Z,25ACB2F4-8C81-49D0-9633-299EBFAF41C9,30,decoding,periodic,13361.946,22924379719,2029373069,26294529160,6488309760,3204710400,25817509743,5494472704,0,0,153944064,
2026-09-12T21:05:16Z,25ACB2F4-8C81-49D0-9633-299EBFAF41C9,31,decoding,periodic,14372.173,22926768959,2026885525,26294365320,6488309760,3204710400,25817509743,5494472704,0,0,153944064,
2026-09-12T21:05:17Z,25ACB2F4-8C81-49D0-9633-299EBFAF41C9,32,decoding,periodic,15413.921,23055760067,1897992721,26294365320,6488293376,3204710400,25817509743,5494472704,0,0,153944064,
2026-09-12T21:05:18Z,25ACB2F4-8C81-49D0-9633-299EBFAF41C9,33,decoding,periodic,16428.858,22928456519,2025296269,26294365320,6488293376,3204710400,25817509743,5494472704,0,0,153944064,
2026-09-12T21:05:19Z,25ACB2F4-8C81-49D0-9633-299EBFAF41C9,34,decoding,periodic,17462.073,23032576731,1921176057,26294365320,6488293376,3204710400,25817509743,5494472704,0,0,153944064,
2026-09-12T21:05:20Z,25ACB2F4-8C81-49D0-9633-299EBFAF41C9,35,decoding,periodic,18490.712,22916823891,2036928897,26294316168,6488293376,3204710400,25817509743,5494472704,0,0,153944064,
2026-09-12T21:05:21Z,9BF54598-956E-4925-977E-96C1AC30239F,1,preparing,observation,0.015,22250909379,199311360,23999294672,6488064000,3204710400,25817509743,,,,,
2026-09-12T21:05:21Z,9BF54598-956E-4925-977E-96C1AC30239F,2,preparing,observation,0.077,22250909379,199311360,23999294672,6488064000,3204710400,25817509743,,,,,
2026-09-12T21:05:21Z,9BF54598-956E-4925-977E-96C1AC30239F,3,preparing,observation,0.998,22250909379,199311360,23999294672,6488064000,3204710400,25817509743,,,,,
2026-09-12T21:05:21Z,9BF54598-956E-4925-977E-96C1AC30239F,4,preparing,phaseEnd,112.958,22251253443,199983104,24000326864,6488047616,3204710400,25817509743,,,,,
2026-09-12T21:05:21Z,9BF54598-956E-4925-977E-96C1AC30239F,5,restoring,phaseBegin,113.017,22251253443,199983104,24000326864,6488047616,3204710400,25817509743,5538643968,0,0,,
2026-09-12T21:05:21Z,9BF54598-956E-4925-977E-96C1AC30239F,6,restoring,observation,113.075,22251253443,199983104,24000326864,6488047616,3204710400,25817509743,5538643968,0,0,,
2026-09-12T21:05:21Z,9BF54598-956E-4925-977E-96C1AC30239F,7,restoring,phaseEnd,115.373,22406000323,45236704,24000326864,6488047616,3204710400,25817509743,5538643968,0,0,,
2026-09-12T21:05:21Z,9BF54598-956E-4925-977E-96C1AC30239F,8,restored,phaseBegin,115.462,22406000323,45236704,24000326864,6488047616,3204710400,25817509743,5538643968,0,0,153944064,
2026-09-12T21:05:21Z,9BF54598-956E-4925-977E-96C1AC30239F,9,restored,phaseEnd,123.029,22406000323,45236704,23997672656,6488047616,3204710400,25817509743,5538643968,0,0,153944064,
2026-09-12T21:05:21Z,9BF54598-956E-4925-977E-96C1AC30239F,10,prefilling,phaseBegin,123.094,22406000323,45236704,23997672656,6488047616,3204710400,25817509743,5538643968,0,0,153944064,
2026-09-12T21:05:21Z,9BF54598-956E-4925-977E-96C1AC30239F,11,prefilling,phaseEnd,123.163,22406000323,45236704,23997672656,6488047616,3204710400,25817509743,5538643968,0,0,153944064,
2026-09-12T21:05:21Z,9BF54598-956E-4925-977E-96C1AC30239F,12,dflashPreparing,phaseBegin,123.222,22406000323,45236704,23997672656,6488047616,3204710400,25817509743,5538643968,0,0,153944064,
2026-09-12T21:05:21Z,25ACB2F4-8C81-49D0-9633-299EBFAF41C9,36,decoding,phaseEnd,19146.388,22405705411,2149598552,26154232968,6488293376,3204710400,25817509743,5494472704,0,0,153944064,
2026-09-12T21:05:21Z,25ACB2F4-8C81-49D0-9633-299EBFAF41C9,37,generationQuiescent,phaseBegin,19146.496,22405705411,2149598552,26154232968,6488293376,3204710400,25817509743,5494472704,0,0,153944064,
2026-09-12T21:05:21Z,25ACB2F4-8C81-49D0-9633-299EBFAF41C9,38,generationQuiescent,phaseEnd,19146.596,22405705411,2149598552,26154232968,6488293376,3204710400,25817509743,5494472704,0,0,153944064,
2026-09-12T21:05:21Z,25ACB2F4-8C81-49D0-9633-299EBFAF41C9,39,admittingCheckpoints,phaseBegin,19146.651,22405705411,2149598552,26154232968,6488293376,3204710400,25817509743,5494472704,0,0,153944064,
2026-09-12T21:05:21Z,25ACB2F4-8C81-49D0-9633-299EBFAF41C9,40,admittingCheckpoints,phaseEnd,19155.095,22405705411,2149598552,25950481544,6488293376,3204710400,25817509743,5494472704,0,0,153944064,
2026-09-12T21:05:21Z,25ACB2F4-8C81-49D0-9633-299EBFAF41C9,41,storingLeaf,phaseBegin,19155.177,22405705411,2149598552,25950481544,6488293376,3204710400,25817509743,5494472704,5494472704,1,153944064,
2026-09-12T21:05:21Z,25ACB2F4-8C81-49D0-9633-299EBFAF41C9,42,storingLeaf,phaseEnd,19158.660,22405705411,2149598552,25950497928,6488293376,3204710400,25817509743,5494472704,5494472704,1,153944064,
2026-09-12T21:05:21Z,25ACB2F4-8C81-49D0-9633-299EBFAF41C9,43,capturingLeaf,phaseBegin,19158.744,22405705411,2149598552,25950497928,6488293376,3204710400,25817509743,5494472704,5494472704,1,153944064,
2026-09-12T21:05:21Z,25ACB2F4-8C81-49D0-9633-299EBFAF41C9,44,capturingLeaf,phaseEnd,19159.003,22405705411,2149598552,25950497928,6488293376,3204710400,25817509743,5494472704,5494472704,1,153944064,
2026-09-12T21:05:21Z,25ACB2F4-8C81-49D0-9633-299EBFAF41C9,45,preparingPayload,phaseBegin,19159.077,22405705411,2149598552,25950497928,6488293376,3204710400,25817509743,5494472704,5494472704,1,153944064,
2026-09-12T21:05:21Z,25ACB2F4-8C81-49D0-9633-299EBFAF41C9,46,preparingPayload,phaseEnd,19163.731,22605016789,1895745324,25841462408,6488293376,3204710400,25817509743,5494472704,5494472704,1,153944064,
2026-09-12T21:05:21Z,25ACB2F4-8C81-49D0-9633-299EBFAF41C9,47,admittingLeaf,phaseBegin,19163.824,22605016771,1895745342,25841462408,6488293376,3204710400,25817509743,5494472704,5494472704,1,153944064,
2026-09-12T21:05:21Z,25ACB2F4-8C81-49D0-9633-299EBFAF41C9,48,admittingLeaf,observation,19164.183,22450220739,2050541374,25841462408,6488293376,3204710400,25817509743,5494472704,5494472704,1,0,
2026-09-12T21:05:21Z,25ACB2F4-8C81-49D0-9633-299EBFAF41C9,49,admittingLeaf,phaseEnd,19168.910,22450220739,0,25668856872,6488293376,3204710400,25817509743,5494472704,5494472704,1,0,
2026-09-12T21:05:21Z,25ACB2F4-8C81-49D0-9633-299EBFAF41C9,50,recordingRequest,phaseBegin,19168.986,22450220739,0,25669610536,6488293376,3204710400,25817509743,5494472704,5494472704,1,0,
2026-09-12T21:05:21Z,25ACB2F4-8C81-49D0-9633-299EBFAF41C9,51,recordingRequest,phaseEnd,19170.247,22440537795,9682944,25671232552,6488293376,3204710400,25817509743,5494472704,5494472704,1,0,
2026-09-12T21:05:21Z,25ACB2F4-8C81-49D0-9633-299EBFAF41C9,52,finishingStream,phaseBegin,19170.328,22437752515,12468224,25671232552,6488293376,3204710400,25817509743,5538643968,0,0,0,
2026-09-12T21:05:21Z,25ACB2F4-8C81-49D0-9633-299EBFAF41C9,53,finishingStream,cancelSignal,19170.420,22437752515,12468224,25671232552,6488293376,3204710400,25817509743,5538643968,0,0,0,
2026-09-12T21:05:21Z,25ACB2F4-8C81-49D0-9633-299EBFAF41C9,54,finishingStream,phaseEnd,19170.509,22437752515,12468224,25672018984,6488293376,3204710400,25817509743,5538643968,0,0,0,
2026-09-12T21:05:21Z,25ACB2F4-8C81-49D0-9633-299EBFAF41C9,55,releasingRequest,phaseBegin,19170.597,22437752515,12468224,25672018984,6488293376,3204710400,25817509743,5538643968,0,0,0,
2026-09-12T21:05:21Z,25ACB2F4-8C81-49D0-9633-299EBFAF41C9,56,releasingRequest,observation,19170.711,22437752515,12468224,25672018984,6488293376,3204710400,25817509743,5538643968,0,0,0,
2026-09-12T21:05:21Z,25ACB2F4-8C81-49D0-9633-299EBFAF41C9,57,releasingRequest,phaseEnd,19170.798,22434524867,15695872,25672018984,6488293376,3204710400,25817509743,5538643968,0,0,0,completed
2026-09-12T21:05:21Z,25ACB2F4-8C81-49D0-9633-299EBFAF41C9,58,finished,terminal,19170.875,22434524867,15695872,25672592424,6488293376,3204710400,25817509743,5538643968,0,0,0,completed
2026-09-12T21:05:22Z,9BF54598-956E-4925-977E-96C1AC30239F,13,dflashPreparing,periodic,1014.370,23917933139,1534378072,27001072848,6488047616,3204710400,25817509743,5538643968,0,0,153944064,
2026-09-12T21:05:22Z,25ACB2F4-8C81-49D0-9633-299EBFAF41C9,59,settled,afterRelease,20234.932,25026081375,426229836,27001072848,6488047616,3204710400,25817509743,5538643968,0,0,0,completed
2026-09-12T21:05:23Z,9BF54598-956E-4925-977E-96C1AC30239F,14,dflashPreparing,periodic,2114.618,22934122471,1192820740,25598454992,6492815360,3204710400,25817509743,5538643968,0,0,153944064,
2026-09-12T21:05:23Z,9BF54598-956E-4925-977E-96C1AC30239F,15,dflashPreparing,phaseEnd,2819.980,22530421415,180405573,24013401296,6492815360,3204710400,25817509743,5538643968,0,0,153944064,
2026-09-12T21:05:23Z,9BF54598-956E-4925-977E-96C1AC30239F,16,prefilled,phaseBegin,2820.155,22530421415,180405573,24013401296,6492815360,3204710400,25817509743,5538643968,0,0,153944064,
2026-09-12T21:05:23Z,9BF54598-956E-4925-977E-96C1AC30239F,17,prefilled,phaseEnd,2841.390,22504977027,205849961,24258931920,6492815360,3204710400,25817509743,5538643968,0,0,153944064,
2026-09-12T21:05:23Z,9BF54598-956E-4925-977E-96C1AC30239F,18,decoding,phaseBegin,2841.503,22504977027,205849961,24258931920,6492815360,3204710400,25817509743,5538643968,0,0,153944064,
2026-09-12T21:05:23Z,9BF54598-956E-4925-977E-96C1AC30239F,19,decoding,observation,2841.634,22504632975,206194013,24258931920,6492815360,3204710400,25817509743,5538643968,0,0,153944064,
2026-09-12T21:05:24Z,9BF54598-956E-4925-977E-96C1AC30239F,20,decoding,periodic,3129.758,23035034415,305657350,24889470160,6492749824,3204710400,25817509743,5538643968,0,0,153944064,
2026-09-12T21:05:25Z,9BF54598-956E-4925-977E-96C1AC30239F,21,decoding,periodic,4155.166,23034821543,358627614,24942292176,6492749824,3204710400,25817509743,5538643968,0,0,153944064,
2026-09-12T21:05:26Z,9BF54598-956E-4925-977E-96C1AC30239F,22,decoding,periodic,5176.029,23092656895,300792262,24942292176,6492733440,3204710400,25817509743,5538643968,0,0,153944064,
2026-09-12T21:05:27Z,9BF54598-956E-4925-977E-96C1AC30239F,23,decoding,periodic,6197.050,22954015631,439459622,24942079184,6492733440,3204710400,25817509743,5538643968,0,0,153944064,
2026-09-12T21:05:28Z,9BF54598-956E-4925-977E-96C1AC30239F,24,decoding,periodic,7208.456,23011638099,381879850,24942292176,6492717056,3204710400,25817509743,5538643968,0,0,153944064,
2026-09-12T21:05:29Z,9BF54598-956E-4925-977E-96C1AC30239F,25,decoding,periodic,8219.903,22961470347,432052666,24942292176,6492717056,3204710400,25817509743,5538643968,0,0,153944064,
2026-09-12T21:05:30Z,9BF54598-956E-4925-977E-96C1AC30239F,26,decoding,periodic,9221.191,23040048110,353474903,24941472976,6492717056,3204710400,25817509743,5538643968,0,0,153944064,
2026-09-12T21:05:31Z,9BF54598-956E-4925-977E-96C1AC30239F,27,decoding,periodic,10248.707,23092656895,302242374,24942914768,6492667904,3204710400,25817509743,5538643968,0,0,153944064,
2026-09-12T21:05:32Z,9BF54598-956E-4925-977E-96C1AC30239F,28,decoding,periodic,11271.071,22972352103,1921041289,26671508688,6529892352,3204710400,25817509743,5538643968,0,0,153944064,
2026-09-12T21:05:33Z,9BF54598-956E-4925-977E-96C1AC30239F,29,decoding,periodic,12290.092,22978755435,1994111133,26521971920,6529892352,3204710400,25817509743,5538643968,0,0,153944064,
2026-09-12T21:05:34Z,9BF54598-956E-4925-977E-96C1AC30239F,30,decoding,periodic,13312.733,23036607271,1979529441,26565242064,6529892352,3204710400,25817509743,5538643968,0,0,153944064,
2026-09-12T21:05:35Z,9BF54598-956E-4925-977E-96C1AC30239F,31,decoding,periodic,14318.098,23075453699,1940683013,26565078224,6529892352,3204710400,25817509743,5538643968,0,0,153944064,
2026-09-12T21:05:36Z,9BF54598-956E-4925-977E-96C1AC30239F,32,decoding,periodic,15330.126,23063902991,1952233721,26565078224,6529892352,3204710400,25817509743,5538643968,0,0,153944064,
2026-09-12T21:05:37Z,9BF54598-956E-4925-977E-96C1AC30239F,33,decoding,periodic,16380.177,23098473195,1917663517,26565078224,6529892352,3204710400,25817509743,5538643968,0,0,153944064,
2026-09-12T21:05:38Z,9BF54598-956E-4925-977E-96C1AC30239F,34,decoding,periodic,17407.664,22974809715,2041330069,26565061840,6529843200,3204710400,25817509743,5538643968,0,0,153944064,
2026-09-12T21:05:39Z,9BF54598-956E-4925-977E-96C1AC30239F,35,decoding,periodic,18422.741,23060937483,1955202301,26565127376,6529843200,3204710400,25817509743,5538643968,0,0,153944064,
2026-09-12T21:05:40Z,9BF54598-956E-4925-977E-96C1AC30239F,36,decoding,periodic,19471.788,23075240707,1940899077,26565127376,6529826816,3204710400,25817509743,5538643968,0,0,153944064,
2026-09-12T21:05:41Z,9BF54598-956E-4925-977E-96C1AC30239F,37,decoding,periodic,20480.232,24133598105,1741145235,26876882128,6529826816,3204710400,25817509743,5538643968,0,0,153944064,
2026-09-12T21:05:41Z,9BF54598-956E-4925-977E-96C1AC30239F,38,decoding,phaseEnd,20683.329,22456004291,2149352800,26402614480,6529826816,3204710400,25817509743,5538643968,0,0,153944064,
2026-09-12T21:05:41Z,9BF54598-956E-4925-977E-96C1AC30239F,39,generationQuiescent,phaseBegin,20683.431,22456004291,2149352800,26401058000,6529826816,3204710400,25817509743,5538643968,0,0,153944064,
2026-09-12T21:05:41Z,9BF54598-956E-4925-977E-96C1AC30239F,40,generationQuiescent,phaseEnd,20683.529,22456004291,2149352800,26398878928,6529826816,3204710400,25817509743,5538643968,0,0,153944064,
2026-09-12T21:05:41Z,9BF54598-956E-4925-977E-96C1AC30239F,41,admittingCheckpoints,phaseBegin,20683.591,22456004291,2149352800,26397732048,6529826816,3204710400,25817509743,5538643968,0,0,153944064,
2026-09-12T21:05:41Z,9BF54598-956E-4925-977E-96C1AC30239F,42,admittingCheckpoints,phaseEnd,20691.815,22456004291,2149352800,26205383888,6529826816,3204710400,25817509743,5538643968,0,0,153944064,
2026-09-12T21:05:41Z,9BF54598-956E-4925-977E-96C1AC30239F,43,storingLeaf,phaseBegin,20691.927,22456004291,2149352800,26205383888,6529826816,3204710400,25817509743,5538643968,5538643968,1,153944064,
2026-09-12T21:05:41Z,9BF54598-956E-4925-977E-96C1AC30239F,44,storingLeaf,phaseEnd,20695.869,22456004291,2149352800,26205465808,6529581056,3204710400,25817509743,5538643968,5538643968,1,153944064,
2026-09-12T21:05:41Z,9BF54598-956E-4925-977E-96C1AC30239F,45,capturingLeaf,phaseBegin,20695.953,22456004291,2149352800,26205465808,6529581056,3204710400,25817509743,5538643968,5538643968,1,153944064,
2026-09-12T21:05:41Z,9BF54598-956E-4925-977E-96C1AC30239F,46,capturingLeaf,phaseEnd,20696.239,22456004291,2149352800,26205465808,6529581056,3204710400,25817509743,5538643968,5538643968,1,153944064,
2026-09-12T21:05:41Z,9BF54598-956E-4925-977E-96C1AC30239F,47,preparingPayload,phaseBegin,20696.330,22456004291,2149352800,26205465808,6529581056,3204710400,25817509743,5538643968,5538643968,1,153944064,
2026-09-12T21:05:41Z,9BF54598-956E-4925-977E-96C1AC30239F,48,preparingPayload,phaseEnd,20701.638,22661672643,1909851960,26120662224,6529581056,3204710400,25817509743,5538643968,5538643968,1,153944064,
2026-09-12T21:05:41Z,9BF54598-956E-4925-977E-96C1AC30239F,49,admittingLeaf,phaseBegin,20701.774,22661672643,1909851960,26120662224,6529581056,3204710400,25817509743,5538643968,5538643968,1,153944064,
2026-09-12T21:05:41Z,9BF54598-956E-4925-977E-96C1AC30239F,50,admittingLeaf,observation,20702.243,22506925763,2064598840,26120662224,6529581056,3204710400,25817509743,5538643968,5538643968,1,0,
2026-09-12T21:05:41Z,9BF54598-956E-4925-977E-96C1AC30239F,51,admittingLeaf,phaseEnd,20710.683,22503714499,3211264,25951939816,6529581056,3204710400,25817509743,5538643968,5538643968,1,0,
2026-09-12T21:05:41Z,9BF54598-956E-4925-977E-96C1AC30239F,52,recordingRequest,phaseBegin,20710.775,22503714499,3211264,25949301992,6529581056,3204710400,25817509743,5538643968,5538643968,1,0,
2026-09-12T21:05:42Z,9BF54598-956E-4925-977E-96C1AC30239F,53,recordingRequest,periodic,21492.396,31875690183,6422540,33432677608,6884130816,3513384960,31875690195,5538643968,5538643968,1,0,
2026-09-12T21:05:43Z,9BF54598-956E-4925-977E-96C1AC30239F,54,recordingRequest,periodic,22515.293,37611138763,8,35186207712,6630588416,4147838976,37611138771,5538643968,5538643968,1,0,
2026-09-12T21:05:45Z,9BF54598-956E-4925-977E-96C1AC30239F,55,recordingRequest,periodic,23912.164,38135033547,3178504,36235865056,6626017280,5516034048,38135033555,5538643968,5538643968,1,0,
2026-09-12T21:05:46Z,9BF54598-956E-4925-977E-96C1AC30239F,56,recordingRequest,periodic,25019.538,38389378771,0,40170826720,6674317312,8834580480,38389378771,5538643968,5538643968,1,0,
2026-09-12T21:05:47Z,9BF54598-956E-4925-977E-96C1AC30239F,57,recordingRequest,periodic,26109.776,38582742731,3227656,34354195424,6733611008,12093161472,38585970387,5538643968,5538643968,1,0,
2026-09-12T21:05:48Z,9BF54598-956E-4925-977E-96C1AC30239F,58,recordingRequest,periodic,27208.230,39031058131,3178496,42547637240,6727122944,13958643712,39034236627,5538643968,5538643968,1,0,
2026-09-12T21:05:49Z,9BF54598-956E-4925-977E-96C1AC30239F,59,recordingRequest,periodic,28231.138,38100676307,3178496,40186801144,6722650112,13914865664,39034236627,5538643968,5538643968,1,0,
2026-09-12T21:05:50Z,9BF54598-956E-4925-977E-96C1AC30239F,60,recordingRequest,periodic,29280.539,38577778387,0,40058710984,6627852288,13881311232,39034236627,5538643968,5538643968,1,0,
2026-09-12T21:05:51Z,9BF54598-956E-4925-977E-96C1AC30239F,61,recordingRequest,periodic,30381.999,31676444371,0,42029607880,6627819520,13847756800,39034236627,5538643968,5538643968,1,0,
2026-09-12T21:05:52Z,9BF54598-956E-4925-977E-96C1AC30239F,62,recordingRequest,periodic,31482.216,38286536399,4,33603021768,6627131392,13570408448,39034236627,5538643968,5538643968,1,0,
2026-09-12T21:05:53Z,9BF54598-956E-4925-977E-96C1AC30239F,63,recordingRequest,periodic,32509.782,38721105615,4,40135371720,6627098624,13486522368,39034236627,5538643968,5538643968,1,0,
2026-09-12T21:05:54Z,9BF54598-956E-4925-977E-96C1AC30239F,64,recordingRequest,periodic,33582.208,37415104207,4,32869510088,6626377728,13461356544,39034236627,5538643968,5538643968,1,0,
2026-09-12T21:05:55Z,9BF54598-956E-4925-977E-96C1AC30239F,65,recordingRequest,periodic,34682.492,38447296203,8,36470254536,6625886208,13444579328,39034236627,5538643968,5538643968,1,0,
2026-09-12T21:05:56Z,9BF54598-956E-4925-977E-96C1AC30239F,66,recordingRequest,periodic,35735.043,38873018059,8,36771228616,6625820672,13436190720,39034236627,5538643968,5538643968,1,0,
2026-09-12T21:05:57Z,9BF54598-956E-4925-977E-96C1AC30239F,67,recordingRequest,periodic,36747.129,37980745423,4,33530653640,6625755136,13285195776,39034236627,5538643968,5538643968,1,0,
2026-09-12T21:05:58Z,9BF54598-956E-4925-977E-96C1AC30239F,68,recordingRequest,periodic,37767.160,38528167631,4,40587783112,6625755136,13285195776,39034236627,5538643968,5538643968,1,0,
2026-09-12T21:05:59Z,9BF54598-956E-4925-977E-96C1AC30239F,69,recordingRequest,periodic,38832.748,39018245839,4,39875095496,6625738752,13260029952,39034236627,5538643968,5538643968,1,0,
2026-09-12T21:06:01Z,9BF54598-956E-4925-977E-96C1AC30239F,70,recordingRequest,periodic,39932.101,38100676299,8,34886839240,6625722368,13184532480,39034236627,5538643968,5538643968,1,0,
2026-09-12T21:06:02Z,9BF54598-956E-4925-977E-96C1AC30239F,71,recordingRequest,periodic,41030.908,38577778379,8,37039483848,6625312768,13184532480,39034236627,5538643968,5538643968,1,0,
2026-09-12T21:06:03Z,9BF54598-956E-4925-977E-96C1AC30239F,72,recordingRequest,periodic,42088.573,31676444363,8,29999934408,6625148928,13167755264,39034236627,5538643968,5538643968,1,0,
2026-09-12T21:06:04Z,9BF54598-956E-4925-977E-96C1AC30239F,73,recordingRequest,periodic,43187.719,38286536391,12,38953872328,6623379456,13100646400,39034236627,5538643968,5538643968,1,0,
2026-09-12T21:06:05Z,9BF54598-956E-4925-977E-96C1AC30239F,74,recordingRequest,periodic,44286.037,38721105607,12,39388441544,6623182848,13083869184,39034236627,5538643968,5538643968,1,0,
2026-09-12T21:06:06Z,9BF54598-956E-4925-977E-96C1AC30239F,75,recordingRequest,periodic,45330.560,37415104199,12,37525777352,6623166464,13075480576,39034236627,5538643968,5538643968,1,0,
2026-09-12T21:06:07Z,9BF54598-956E-4925-977E-96C1AC30239F,76,recordingRequest,periodic,46418.417,38528167635,0,39192914888,6623166464,13067091968,39034236627,5538643968,5538643968,1,0,
2026-09-12T21:06:08Z,9BF54598-956E-4925-977E-96C1AC30239F,77,recordingRequest,periodic,47511.877,39018245843,0,40084794312,6623166464,13067091968,39034236627,5538643968,5538643968,1,0,
2026-09-12T21:06:09Z,9BF54598-956E-4925-977E-96C1AC30239F,78,recordingRequest,periodic,48612.125,38100676307,0,41168235464,6623166464,13041926144,39034236627,5538643968,5538643968,1,0,
2026-09-12T21:06:10Z,9BF54598-956E-4925-977E-96C1AC30239F,79,recordingRequest,periodic,49712.363,38577778387,0,41911102408,6622707712,13016760320,39034236627,5538643968,5538643968,1,0,
2026-09-12T21:06:11Z,9BF54598-956E-4925-977E-96C1AC30239F,80,recordingRequest,periodic,50772.441,31676444371,0,41414847432,6622642176,13008371712,39034236627,5538643968,5538643968,1,0,
2026-09-12T21:06:12Z,9BF54598-956E-4925-977E-96C1AC30239F,81,recordingRequest,periodic,51826.797,38286536403,0,41443699656,6621888512,12991594496,39034236627,5538643968,5538643968,1,0,
2026-09-12T21:06:14Z,9BF54598-956E-4925-977E-96C1AC30239F,82,recordingRequest,periodic,52918.416,38721105619,0,41992547272,6621888512,12941066240,39034236627,5538643968,5538643968,1,0,
2026-09-12T21:06:15Z,9BF54598-956E-4925-977E-96C1AC30239F,83,recordingRequest,periodic,54016.448,37415104207,4,32927099848,6621888512,12915900416,39034236627,5538643968,5538643968,1,0,
2026-09-12T21:06:16Z,9BF54598-956E-4925-977E-96C1AC30239F,84,recordingRequest,periodic,55115.313,38447296199,12,37349747656,6621872128,12915900416,39034236627,5538643968,5538643968,1,0,
2026-09-12T21:06:17Z,9BF54598-956E-4925-977E-96C1AC30239F,85,recordingRequest,periodic,56209.834,38873018055,12,37684227016,6621872128,12915900416,39034236627,5538643968,5538643968,1,0,
2026-09-12T21:06:18Z,9BF54598-956E-4925-977E-96C1AC30239F,86,recordingRequest,periodic,57291.174,38100676307,0,39022111688,6621872128,12907511808,39034236627,5538643968,5538643968,1,0,
2026-09-12T21:06:19Z,9BF54598-956E-4925-977E-96C1AC30239F,87,recordingRequest,periodic,58385.945,38577778387,0,41911167944,6621872128,12907511808,39034236627,5538643968,5538643968,1,0,
2026-09-12T21:06:20Z,9BF54598-956E-4925-977E-96C1AC30239F,88,recordingRequest,periodic,59477.541,31676444371,0,42029591496,6621872128,12907511808,39034236627,5538643968,5538643968,1,0,
2026-09-12T21:06:21Z,9BF54598-956E-4925-977E-96C1AC30239F,89,recordingRequest,periodic,60577.812,38286536395,8,36278561736,6621872128,12907511808,39034236627,5538643968,5538643968,1,0,
2026-09-12T21:06:22Z,9BF54598-956E-4925-977E-96C1AC30239F,90,recordingRequest,periodic,61677.034,38721105607,12,38870100936,6621872128,12890734592,39034236627,5538643968,5538643968,1,0,
2026-09-12T21:06:23Z,9BF54598-956E-4925-977E-96C1AC30239F,91,recordingRequest,periodic,62754.761,37980745427,0,39319006152,6621872128,12890734592,39034236627,5538643968,5538643968,1,0,
2026-09-12T21:06:24Z,9BF54598-956E-4925-977E-96C1AC30239F,92,recordingRequest,periodic,63826.407,38528167635,0,41822235592,6621872128,12890734592,39034236627,5538643968,5538643968,1,0,
2026-09-12T21:06:26Z,9BF54598-956E-4925-977E-96C1AC30239F,93,recordingRequest,periodic,64884.659,39018245843,0,42335185864,6621872128,12840402944,39034236627,5538643968,5538643968,1,0,
2026-09-12T21:06:27Z,9BF54598-956E-4925-977E-96C1AC30239F,94,recordingRequest,periodic,65962.275,38100676299,8,34530683848,6621855744,12840402944,39034236627,5538643968,5538643968,1,0,
2026-09-12T21:06:28Z,9BF54598-956E-4925-977E-96C1AC30239F,95,recordingRequest,periodic,67059.231,38577778379,8,36443253704,6621855744,12806848512,39034236627,5538643968,5538643968,1,0,
2026-09-12T21:06:29Z,9BF54598-956E-4925-977E-96C1AC30239F,96,recordingRequest,periodic,68149.201,31676444363,8,30195035080,6621855744,12806848512,39034236627,5538643968,5538643968,1,0,
2026-09-12T21:06:30Z,9BF54598-956E-4925-977E-96C1AC30239F,97,recordingRequest,periodic,69247.572,38447296211,0,40522558408,6621052928,12756516864,39034236627,5538643968,5538643968,1,0,
2026-09-12T21:06:31Z,9BF54598-956E-4925-977E-96C1AC30239F,98,recordingRequest,periodic,70332.832,38873018067,0,40994368456,6621052928,12748128256,39034236627,5538643968,5538643968,1,0,
2026-09-12T21:06:32Z,9BF54598-956E-4925-977E-96C1AC30239F,99,recordingRequest,periodic,71395.786,37980745427,0,40699292616,6621052928,12748128256,39034236627,5538643968,5538643968,1,0,
2026-09-12T21:06:33Z,9BF54598-956E-4925-977E-96C1AC30239F,100,recordingRequest,periodic,72491.430,38528167631,4,39652699080,6621052928,12739739648,39034236627,5538643968,5538643968,1,0,
2026-09-12T21:06:34Z,9BF54598-956E-4925-977E-96C1AC30239F,101,recordingRequest,periodic,73511.740,39018245843,0,39933324232,6621052928,12739739648,39034236627,5538643968,5538643968,1,0,
2026-09-12T21:06:35Z,9BF54598-956E-4925-977E-96C1AC30239F,102,recordingRequest,periodic,74602.370,38100676307,0,38816984008,6621052928,12739739648,39034236627,5538643968,5538643968,1,0,
2026-09-12T21:06:36Z,9BF54598-956E-4925-977E-96C1AC30239F,103,recordingRequest,periodic,75668.937,38577778383,4,39967501256,6620954624,12706185216,39034236627,5538643968,5538643968,1,0,
2026-09-12T21:06:37Z,9BF54598-956E-4925-977E-96C1AC30239F,104,recordingRequest,periodic,76705.040,31676444371,0,41165024200,6620954624,13028294656,39034236627,5538643968,5538643968,1,0,
2026-09-12T21:06:38Z,9BF54598-956E-4925-977E-96C1AC30239F,105,recordingRequest,periodic,77755.233,38286536403,0,40802560968,6620954624,13011517440,39034236627,5538643968,5538643968,1,0,
2026-09-12T21:06:39Z,9BF54598-956E-4925-977E-96C1AC30239F,106,recordingRequest,periodic,78846.065,38721105619,0,41992629192,6620954624,13011517440,39034236627,5538643968,5538643968,1,0,
2026-09-12T21:06:41Z,9BF54598-956E-4925-977E-96C1AC30239F,107,recordingRequest,periodic,79933.118,37415104211,0,32606825416,6620954624,12986351616,39034236627,5538643968,5538643968,1,0,
2026-09-12T21:06:42Z,9BF54598-956E-4925-977E-96C1AC30239F,108,recordingRequest,periodic,81014.265,38447296207,4,33897294792,6620954624,12977963008,39034236627,5538643968,5538643968,1,0,
2026-09-12T21:06:43Z,9BF54598-956E-4925-977E-96C1AC30239F,109,recordingRequest,periodic,82046.704,38873018063,4,39221963720,6620954624,12977963008,39034236627,5538643968,5538643968,1,0,
2026-09-12T21:06:44Z,9BF54598-956E-4925-977E-96C1AC30239F,110,recordingRequest,periodic,83130.133,37980745419,8,36031785928,6620954624,12969574400,39034236627,5538643968,5538643968,1,0,
2026-09-12T21:06:45Z,9BF54598-956E-4925-977E-96C1AC30239F,111,recordingRequest,periodic,84207.029,38528167623,12,38978989000,6620954624,12969574400,39034236627,5538643968,5538643968,1,0,
2026-09-12T21:06:46Z,DBC11369-67B1-4201-959E-F6FE776AE0BA,1,preparing,observation,0.021,22301257411,2794586124,26011806664,6572769280,12910854144,39034236627,,,,,
2026-09-12T21:06:46Z,DBC11369-67B1-4201-959E-F6FE776AE0BA,2,preparing,observation,0.092,22301257411,2794586124,26011806664,6572769280,12910854144,39034236627,,,,,
2026-09-12T21:06:46Z,DBC11369-67B1-4201-959E-F6FE776AE0BA,3,preparing,observation,3.386,22301257411,2794586124,26011823048,6572113920,12910854144,39034236627,,,,,
2026-09-12T21:06:46Z,DBC11369-67B1-4201-959E-F6FE776AE0BA,4,preparing,phaseEnd,212.810,22301601475,671744,23219317704,6542491648,12894076928,39034236627,,,,,
2026-09-12T21:06:46Z,DBC11369-67B1-4201-959E-F6FE776AE0BA,5,restoring,phaseBegin,212.860,22301601475,671744,23219317704,6542491648,12894076928,39034236627,5589172224,0,0,,
2026-09-12T21:06:46Z,DBC11369-67B1-4201-959E-F6FE776AE0BA,6,restoring,observation,213.246,22301601475,671744,23219317704,6542491648,12894076928,39034236627,5589172224,0,0,,
2026-09-12T21:06:46Z,DBC11369-67B1-4201-959E-F6FE776AE0BA,7,restoring,phaseEnd,235.918,22455742147,672224,23373458376,6541164544,12894076928,39034236627,5589172224,0,0,,
2026-09-12T21:06:46Z,DBC11369-67B1-4201-959E-F6FE776AE0BA,8,restored,phaseBegin,236.028,22455742147,672224,23373458376,6541164544,12894076928,39034236627,5589172224,0,0,153944064,
2026-09-12T21:06:46Z,DBC11369-67B1-4201-959E-F6FE776AE0BA,9,restored,phaseEnd,244.780,22455742147,672224,23373474760,6541115392,12894076928,39034236627,5589172224,0,0,153944064,
2026-09-12T21:06:46Z,DBC11369-67B1-4201-959E-F6FE776AE0BA,10,prefilling,phaseBegin,244.841,22455742147,672224,23373474760,6541115392,12894076928,39034236627,5589172224,0,0,153944064,
2026-09-12T21:06:46Z,DBC11369-67B1-4201-959E-F6FE776AE0BA,11,prefilling,phaseEnd,245.107,22455742147,672224,23373474760,6541115392,12894076928,39034236627,5589172224,0,0,153944064,
2026-09-12T21:06:46Z,DBC11369-67B1-4201-959E-F6FE776AE0BA,12,dflashPreparing,phaseBegin,245.164,22455742147,672224,23373474760,6541115392,12894076928,39034236627,5589172224,0,0,153944064,
2026-09-12T21:06:46Z,9BF54598-956E-4925-977E-96C1AC30239F,112,recordingRequest,periodic,85239.208,39018245835,8,36891306952,6620921856,12961185792,39034236627,5538643968,5538643968,1,0,
2026-09-12T21:06:46Z,9BF54598-956E-4925-977E-96C1AC30239F,113,recordingRequest,phaseEnd,85481.198,22301257411,2794586124,37139688392,6579175424,12936019968,39034236627,5538643968,5538643968,1,0,
2026-09-12T21:06:46Z,9BF54598-956E-4925-977E-96C1AC30239F,114,finishingStream,phaseBegin,85481.313,22301257411,2794586124,37139688392,6579175424,12936019968,39034236627,5589172224,0,0,0,
2026-09-12T21:06:46Z,9BF54598-956E-4925-977E-96C1AC30239F,115,finishingStream,cancelSignal,85481.699,22301257411,2794586124,37139688392,6579159040,12936019968,39034236627,5589172224,0,0,0,
2026-09-12T21:06:46Z,9BF54598-956E-4925-977E-96C1AC30239F,116,finishingStream,phaseEnd,85482.530,22301257411,2794586124,37139688392,6579077120,12936019968,39034236627,5589172224,0,0,0,
2026-09-12T21:06:46Z,9BF54598-956E-4925-977E-96C1AC30239F,117,releasingRequest,phaseBegin,85482.605,22301257411,2794586124,37139688392,6579077120,12936019968,39034236627,5589172224,0,0,0,
2026-09-12T21:06:46Z,9BF54598-956E-4925-977E-96C1AC30239F,118,releasingRequest,observation,85482.724,22301257411,2794586124,37139688392,6579077120,12936019968,39034236627,5589172224,0,0,0,
2026-09-12T21:06:46Z,9BF54598-956E-4925-977E-96C1AC30239F,119,releasingRequest,phaseEnd,85482.981,22301257411,2794586124,37139704776,6579060736,12936019968,39034236627,5589172224,0,0,0,completed
2026-09-12T21:06:46Z,9BF54598-956E-4925-977E-96C1AC30239F,120,finished,terminal,85483.052,22301257411,2794586124,37139704776,6579060736,12936019968,39034236627,5589172224,0,0,0,completed
2026-09-12T21:06:47Z,DBC11369-67B1-4201-959E-F6FE776AE0BA,13,dflashPreparing,periodic,1027.960,24541196959,37995896,25503591368,6531235840,12894076928,39034236627,5589172224,0,0,153944064,
2026-09-12T21:06:47Z,9BF54598-956E-4925-977E-96C1AC30239F,121,settled,afterRelease,86498.215,24555188959,24003896,25503574984,6531350528,12894076928,39034236627,5589172224,0,0,0,completed
2026-09-12T21:06:48Z,DBC11369-67B1-4201-959E-F6FE776AE0BA,14,dflashPreparing,periodic,2035.842,24555499795,28411652,25242889160,6531039232,12701138944,39034236627,5589172224,0,0,153944064,
2026-09-12T21:06:49Z,DBC11369-67B1-4201-959E-F6FE776AE0BA,15,dflashPreparing,periodic,3136.127,24579715291,4196156,25245248456,6530990080,12231376896,39034236627,5589172224,0,0,153944064,
2026-09-12T21:06:50Z,DBC11369-67B1-4201-959E-F6FE776AE0BA,16,dflashPreparing,periodic,4164.787,24545915079,37996368,25245264840,6530940928,11889082368,39034236627,5589172224,0,0,153944064,
2026-09-12T21:06:51Z,DBC11369-67B1-4201-959E-F6FE776AE0BA,17,dflashPreparing,periodic,5265.026,24555499695,28411752,25245232072,6530924544,11570249728,39034236627,5589172224,0,0,153944064,
2026-09-12T21:06:53Z,DBC11369-67B1-4201-959E-F6FE776AE0BA,18,dflashPreparing,periodic,6365.240,24555499643,28411804,25245264840,6530924544,11159207936,39034236627,5589172224,0,0,153944064,
2026-09-12T21:06:54Z,DBC11369-67B1-4201-959E-F6FE776AE0BA,19,dflashPreparing,periodic,7465.497,22515464463,47028598,23223102408,6523682816,11028398080,39034236627,5589172224,0,0,153944064,
2026-09-12T21:06:54Z,DBC11369-67B1-4201-959E-F6FE776AE0BA,20,dflashPreparing,phaseEnd,7925.960,22563893971,163694623,23388810184,6518472704,10969677824,39034236627,5589172224,0,0,153944064,
2026-09-12T21:06:54Z,DBC11369-67B1-4201-959E-F6FE776AE0BA,21,prefilled,phaseBegin,7926.111,22563893971,163694623,23388810184,6518472704,10969677824,39034236627,5589172224,0,0,153944064,
2026-09-12T21:06:54Z,DBC11369-67B1-4201-959E-F6FE776AE0BA,22,prefilled,phaseEnd,7943.943,22538449583,189139011,23635061704,6518456320,10969677824,39034236627,5589172224,0,0,153944064,
2026-09-12T21:06:54Z,DBC11369-67B1-4201-959E-F6FE776AE0BA,23,decoding,phaseBegin,7944.049,22538449583,189139011,23635061704,6518456320,10969677824,39034236627,5589172224,0,0,153944064,
2026-09-12T21:06:54Z,DBC11369-67B1-4201-959E-F6FE776AE0BA,24,decoding,observation,7944.981,22605660975,189478851,23635061704,6518439936,10969677824,39034236627,5589172224,0,0,153944064,
2026-09-12T21:06:55Z,DBC11369-67B1-4201-959E-F6FE776AE0BA,25,decoding,periodic,8486.785,22951147399,459127245,24318356424,6515900416,10952900608,39034236627,5589172224,0,0,153944064,
2026-09-12T21:06:56Z,DBC11369-67B1-4201-959E-F6FE776AE0BA,26,decoding,periodic,9522.008,23137516319,1880774997,25927756744,6515507200,10927734784,39034236627,5589172224,0,0,153944064,
2026-09-12T21:06:57Z,DBC11369-67B1-4201-959E-F6FE776AE0BA,27,decoding,periodic,10528.233,23011720099,2006571217,25927805896,6515343360,10919346176,39034236627,5589172224,0,0,153944064,
2026-09-12T21:06:58Z,DBC11369-67B1-4201-959E-F6FE776AE0BA,28,decoding,periodic,11564.598,23007692479,2010622789,25927756744,6515015680,10919346176,39034236627,5589172224,0,0,153944064,
2026-09-12T21:06:59Z,DBC11369-67B1-4201-959E-F6FE776AE0BA,29,decoding,periodic,12621.944,23127472951,1890881701,25927740360,6514638848,10910957568,39034236627,5589172224,0,0,153944064,
2026-09-12T21:07:00Z,DBC11369-67B1-4201-959E-F6FE776AE0BA,30,decoding,periodic,13636.646,23011720111,2006659461,25927691208,6514327552,10910957568,39034236627,5589172224,0,0,153944064,
2026-09-12T21:07:01Z,DBC11369-67B1-4201-959E-F6FE776AE0BA,31,decoding,periodic,14659.438,23119723311,1898684381,25927723976,6514098176,10902568960,39034236627,5589172224,0,0,153944064,
2026-09-12T21:07:02Z,DBC11369-67B1-4201-959E-F6FE776AE0BA,32,decoding,periodic,15689.524,23004265379,2015547097,25929001928,6512295936,10902568960,39034236627,5589172224,0,0,153944064,
2026-09-12T21:07:03Z,DBC11369-67B1-4201-959E-F6FE776AE0BA,33,decoding,periodic,16692.154,23058004851,1961807633,25928854472,6511951872,10894180352,39034236627,5589172224,0,0,153944064,
2026-09-12T21:07:04Z,DBC11369-67B1-4201-959E-F6FE776AE0BA,34,decoding,periodic,17696.251,23032380359,1888056631,25829747656,6511820800,10894180352,39034236627,5589172224,0,0,153944064,
2026-09-12T21:07:05Z,DBC11369-67B1-4201-959E-F6FE776AE0BA,35,decoding,periodic,18713.251,23136500535,1944989297,25990835144,6511607808,10894180352,39034236627,5589172224,0,0,153944064,
2026-09-12T21:07:06Z,DBC11369-67B1-4201-959E-F6FE776AE0BA,36,decoding,periodic,19723.266,23028497323,2053008893,25990851528,6511411200,10894180352,39034236627,5589172224,0,0,153944064,
2026-09-12T21:07:07Z,DBC11369-67B1-4201-959E-F6FE776AE0BA,37,decoding,periodic,20755.233,23024469695,2057036521,25990687688,6511181824,10894180352,39034236627,5589172224,0,0,153944064,
2026-09-12T21:07:08Z,DBC11369-67B1-4201-959E-F6FE776AE0BA,38,decoding,periodic,21755.765,23043931043,2037575173,25990687688,6511050752,10894180352,39034236627,5589172224,0,0,153944064,
2026-09-12T21:07:09Z,DBC11369-67B1-4201-959E-F6FE776AE0BA,39,decoding,periodic,22780.588,22968842047,2116160105,25994243016,6510755840,10894180352,39034236627,5589172224,0,0,153944064,
2026-09-12T21:07:10Z,DBC11369-67B1-4201-959E-F6FE776AE0BA,40,decoding,periodic,23788.081,23028497335,2056504817,25994193864,6510526464,10894180352,39034236627,5589172224,0,0,153944064,
2026-09-12T21:07:11Z,DBC11369-67B1-4201-959E-F6FE776AE0BA,41,decoding,periodic,24821.951,23142710067,1942292085,25994193864,6509871104,10894180352,39034236627,5589172224,0,0,153944064,
2026-09-12T21:07:12Z,DBC11369-67B1-4201-959E-F6FE776AE0BA,42,decoding,periodic,25839.811,23684217831,2091795941,26234137544,6509625344,10894180352,39034236627,5589172224,0,0,153944064,
2026-09-12T21:07:13Z,DBC11369-67B1-4201-959E-F6FE776AE0BA,43,decoding,periodic,26850.105,23041263283,1892923037,25843411912,6509527040,10894180352,39034236627,5589172224,0,0,153944064,
2026-09-12T21:07:14Z,DBC11369-67B1-4201-959E-F6FE776AE0BA,44,decoding,phaseEnd,27300.335,22505729731,2149321305,25592572872,6509477888,10885791744,39034236627,5589172224,0,0,153944064,
2026-09-12T21:07:14Z,DBC11369-67B1-4201-959E-F6FE776AE0BA,45,generationQuiescent,phaseBegin,27300.430,22505729731,2149321305,25592572872,6509477888,10885791744,39034236627,5589172224,0,0,153944064,
2026-09-12T21:07:14Z,DBC11369-67B1-4201-959E-F6FE776AE0BA,46,generationQuiescent,phaseEnd,27300.532,22505729731,2149321305,25592572872,6509477888,10885791744,39034236627,5589172224,0,0,153944064,
2026-09-12T21:07:14Z,DBC11369-67B1-4201-959E-F6FE776AE0BA,47,admittingCheckpoints,phaseBegin,27300.589,22505729731,2149321305,25592572872,6509477888,10885791744,39034236627,5589172224,0,0,153944064,
2026-09-12T21:07:14Z,DBC11369-67B1-4201-959E-F6FE776AE0BA,48,admittingCheckpoints,phaseEnd,27308.377,22505729731,2149321305,25592605640,6509477888,10885791744,39034236627,5589172224,0,0,153944064,
2026-09-12T21:07:14Z,DBC11369-67B1-4201-959E-F6FE776AE0BA,49,storingLeaf,phaseBegin,27308.457,22505729731,2149321305,25592605640,6509477888,10885791744,39034236627,5589172224,5589172224,1,153944064,
2026-09-12T21:07:14Z,DBC11369-67B1-4201-959E-F6FE776AE0BA,50,storingLeaf,phaseEnd,27312.477,22505729731,2149321305,25592605640,6509461504,10885791744,39034236627,5589172224,5589172224,1,153944064,
2026-09-12T21:07:14Z,DBC11369-67B1-4201-959E-F6FE776AE0BA,51,capturingLeaf,phaseBegin,27312.549,22505729731,2149321305,25592605640,6509461504,10885791744,39034236627,5589172224,5589172224,1,153944064,
2026-09-12T21:07:14Z,DBC11369-67B1-4201-959E-F6FE776AE0BA,52,capturingLeaf,phaseEnd,27312.788,22505729731,2149321305,25592605640,6509461504,10885791744,39034236627,5589172224,5589172224,1,153944064,
2026-09-12T21:07:14Z,DBC11369-67B1-4201-959E-F6FE776AE0BA,53,preparingPayload,phaseBegin,27312.864,22505729731,2149321305,25592605640,6509461504,10885791744,39034236627,5589172224,5589172224,1,153944064,
2026-09-12T21:07:14Z,DBC11369-67B1-4201-959E-F6FE776AE0BA,54,preparingPayload,phaseEnd,27315.922,22715018965,1823115935,25447377864,6509461504,10885791744,39034236627,5589172224,5589172224,1,153944064,
2026-09-12T21:07:14Z,DBC11369-67B1-4201-959E-F6FE776AE0BA,55,admittingLeaf,phaseBegin,27316.007,22715018947,1823115953,25447377864,6509461504,10885791744,39034236627,5589172224,5589172224,1,153944064,
2026-09-12T21:07:14Z,DBC11369-67B1-4201-959E-F6FE776AE0BA,56,admittingLeaf,observation,27316.399,22560878275,1977256625,25447394248,6509461504,10885791744,39034236627,5589172224,5589172224,1,0,
2026-09-12T21:07:14Z,DBC11369-67B1-4201-959E-F6FE776AE0BA,57,admittingLeaf,phaseEnd,27329.458,22560878275,0,23697828808,6509461504,10885791744,39034236627,5589172224,5589172224,1,0,
2026-09-12T21:07:14Z,DBC11369-67B1-4201-959E-F6FE776AE0BA,58,recordingRequest,phaseBegin,27329.545,22560878275,0,23690734536,6509461504,10885791744,39034236627,5589172224,5589172224,1,0,
2026-09-12T21:07:14Z,DBC11369-67B1-4201-959E-F6FE776AE0BA,59,recordingRequest,phaseEnd,27330.849,22551195331,9682944,23603293128,6509461504,10885791744,39034236627,5589172224,5589172224,1,0,
2026-09-12T21:07:14Z,DBC11369-67B1-4201-959E-F6FE776AE0BA,60,finishingStream,phaseBegin,27330.935,22547787459,13090816,23603932104,6509461504,10885791744,39034236627,5643501568,0,0,0,
2026-09-12T21:07:14Z,DBC11369-67B1-4201-959E-F6FE776AE0BA,61,finishingStream,cancelSignal,27331.018,22547787459,13090816,23604702152,6509461504,10885791744,39034236627,5643501568,0,0,0,
2026-09-12T21:07:14Z,DBC11369-67B1-4201-959E-F6FE776AE0BA,62,finishingStream,phaseEnd,27331.101,22547787459,13090816,23605423048,6509461504,10885791744,39034236627,5643501568,0,0,0,
2026-09-12T21:07:14Z,DBC11369-67B1-4201-959E-F6FE776AE0BA,63,releasingRequest,phaseBegin,27331.180,22547787459,13090816,23606094792,6509461504,10885791744,39034236627,5643501568,0,0,0,
2026-09-12T21:07:14Z,DBC11369-67B1-4201-959E-F6FE776AE0BA,64,releasingRequest,observation,27331.312,22544559811,16318464,23607077832,6509461504,10885791744,39034236627,5643501568,0,0,0,
2026-09-12T21:07:14Z,DBC11369-67B1-4201-959E-F6FE776AE0BA,65,releasingRequest,phaseEnd,27331.418,22544559811,16318464,23607962568,6509461504,10885791744,39034236627,5643501568,0,0,0,completed
2026-09-12T21:07:14Z,DBC11369-67B1-4201-959E-F6FE776AE0BA,66,finished,terminal,27331.502,22544559811,16318464,23608568776,6509461504,10885791744,39034236627,5643501568,0,0,0,completed
2026-09-12T21:07:15Z,DBC11369-67B1-4201-959E-F6FE776AE0BA,67,settled,afterRelease,28333.611,22351589059,209289216,23636176032,6509281280,10835460096,39034236627,5643501568,0,0,0,completed
2026-09-12T21:07:16Z,F78D41B7-3921-449E-8E8D-71BA61E1F6A1,1,preparing,observation,0.015,22351589059,209289216,23449103520,6509084672,10827071488,39034236627,,,,,
2026-09-12T21:07:16Z,F78D41B7-3921-449E-8E8D-71BA61E1F6A1,2,preparing,observation,0.089,22351589059,209289216,23449103520,6509084672,10827071488,39034236627,,,,,
2026-09-12T21:07:16Z,F78D41B7-3921-449E-8E8D-71BA61E1F6A1,3,preparing,observation,0.972,22351589059,209289216,23449103520,6509068288,10827071488,39034236627,,,,,
2026-09-12T21:07:16Z,F78D41B7-3921-449E-8E8D-71BA61E1F6A1,4,preparing,phaseEnd,112.482,22351933123,209960960,23618104480,6508920832,10818682880,39034236627,,,,,
2026-09-12T21:07:16Z,F78D41B7-3921-449E-8E8D-71BA61E1F6A1,5,restoring,phaseBegin,112.546,22351933123,209960960,23618104480,6508920832,10818682880,39034236627,5643501568,0,0,,
2026-09-12T21:07:16Z,F78D41B7-3921-449E-8E8D-71BA61E1F6A1,6,restoring,observation,112.605,22351933123,209960960,23618104480,6508920832,10818682880,39034236627,5643501568,0,0,,
2026-09-12T21:07:16Z,F78D41B7-3921-449E-8E8D-71BA61E1F6A1,7,restoring,phaseEnd,116.882,22506696387,55198176,23618743456,6508920832,10818682880,39034236627,5643501568,0,0,,
2026-09-12T21:07:16Z,F78D41B7-3921-449E-8E8D-71BA61E1F6A1,8,restored,phaseBegin,116.965,22506696387,55198176,23618743456,6508920832,10818682880,39034236627,5643501568,0,0,153944064,
2026-09-12T21:07:16Z,F78D41B7-3921-449E-8E8D-71BA61E1F6A1,9,restored,phaseEnd,124.117,22506696387,55198176,23618759840,6508920832,10818682880,39034236627,5643501568,0,0,153944064,
2026-09-12T21:07:16Z,F78D41B7-3921-449E-8E8D-71BA61E1F6A1,10,prefilling,phaseBegin,124.191,22506696387,55198176,23618759840,6508920832,10818682880,39034236627,5643501568,0,0,153944064,
2026-09-12T21:07:16Z,F78D41B7-3921-449E-8E8D-71BA61E1F6A1,11,prefilling,phaseEnd,124.274,22506696387,55198176,23618759840,6508920832,10818682880,39034236627,5643501568,0,0,153944064,
2026-09-12T21:07:16Z,F78D41B7-3921-449E-8E8D-71BA61E1F6A1,12,dflashPreparing,phaseBegin,124.333,22506696387,55198176,23618759840,6508920832,10818682880,39034236627,5643501568,0,0,153944064,
2026-09-12T21:07:17Z,F78D41B7-3921-449E-8E8D-71BA61E1F6A1,13,dflashPreparing,phaseEnd,712.689,22615061159,107413039,23798754464,6508658688,10818682880,39034236627,5643501568,0,0,153944064,
2026-09-12T21:07:17Z,F78D41B7-3921-449E-8E8D-71BA61E1F6A1,14,prefilled,phaseBegin,712.842,22615061159,107413039,23798754464,6508658688,10818682880,39034236627,5643501568,0,0,153944064,
2026-09-12T21:07:17Z,F78D41B7-3921-449E-8E8D-71BA61E1F6A1,15,prefilled,phaseEnd,720.854,22598464131,124010067,23798770848,6508658688,10818682880,39034236627,5643501568,0,0,153944064,
2026-09-12T21:07:17Z,F78D41B7-3921-449E-8E8D-71BA61E1F6A1,16,decoding,phaseBegin,720.940,22598464131,124010067,23798770848,6508658688,10818682880,39034236627,5643501568,0,0,153944064,
2026-09-12T21:07:17Z,F78D41B7-3921-449E-8E8D-71BA61E1F6A1,17,decoding,observation,721.052,22598120079,124354119,23798770848,6508658688,10818682880,39034236627,5643501568,0,0,153944064,
2026-09-12T21:07:17Z,F78D41B7-3921-449E-8E8D-71BA61E1F6A1,18,decoding,periodic,1032.521,23165745996,227976440,24470088864,6508494848,10818682880,39034236627,5643501568,0,0,153944064,
2026-09-12T21:07:18Z,F78D41B7-3921-449E-8E8D-71BA61E1F6A1,19,decoding,periodic,2053.503,23046094112,358992762,24481033376,6508429312,10818682880,39034236627,5643501568,0,0,153944064,
2026-09-12T21:07:19Z,F78D41B7-3921-449E-8E8D-71BA61E1F6A1,20,decoding,periodic,3061.615,23131208613,273894229,24481049760,6508249088,10818682880,39034236627,5643501568,0,0,153944064,
2026-09-12T21:07:20Z,F78D41B7-3921-449E-8E8D-71BA61E1F6A1,21,decoding,periodic,4091.126,23046110143,358992699,24480722080,6507905024,10818682880,39034236627,5643501568,0,0,153944064,
2026-09-12T21:07:21Z,F78D41B7-3921-449E-8E8D-71BA61E1F6A1,22,decoding,periodic,5130.977,23177297065,227805777,24480885920,6507872256,10818682880,39034236627,5643501568,0,0,153944064,
2026-09-12T21:07:22Z,F78D41B7-3921-449E-8E8D-71BA61E1F6A1,23,decoding,periodic,6170.676,23058826876,2026320166,26163276960,6507511808,10793517056,39034236627,5643501568,0,0,153944064,
2026-09-12T21:07:23Z,F78D41B7-3921-449E-8E8D-71BA61E1F6A1,24,decoding,periodic,7171.131,23058826876,2026330761,26163031200,6507216896,10793517056,39034236627,5643501568,0,0,153944064,
2026-09-12T21:07:24Z,F78D41B7-3921-449E-8E8D-71BA61E1F6A1,25,decoding,periodic,8186.149,23062870896,2022329053,26163358880,6507118592,10785128448,39034236627,5643501568,0,0,153944064,
2026-09-12T21:07:25Z,F78D41B7-3921-449E-8E8D-71BA61E1F6A1,26,decoding,periodic,9240.411,23058826879,2026393070,26163358880,6507085824,10785128448,39034236627,5643501568,0,0,153944064,
2026-09-12T21:07:26Z,F78D41B7-3921-449E-8E8D-71BA61E1F6A1,27,decoding,periodic,10253.789,23062870899,2022376930,26163358880,6507069440,10785128448,39034236627,5643501568,0,0,153944064,
2026-09-12T21:07:27Z,F78D41B7-3921-449E-8E8D-71BA61E1F6A1,28,decoding,periodic,11307.008,23058826876,2026452033,26163358880,6507003904,10785128448,39034236627,5643501568,0,0,153944064,
2026-09-12T21:07:28Z,F78D41B7-3921-449E-8E8D-71BA61E1F6A1,29,decoding,periodic,12362.542,23075604079,2031598416,26185329824,6507003904,10776739840,39034236627,5643501568,0,0,153944064,
2026-09-12T21:07:29Z,F78D41B7-3921-449E-8E8D-71BA61E1F6A1,30,decoding,periodic,13364.589,23083531183,2025101800,26186837152,6506971136,10776739840,39034236627,5643501568,0,0,153944064,
2026-09-12T21:07:30Z,6EF52D43-0C51-49F1-BA4A-BDBEC13882A3,1,preparing,observation,0.015,22385127107,194592768,23942901016,6502760448,10776739840,39034236627,,,,,
2026-09-12T21:07:30Z,6EF52D43-0C51-49F1-BA4A-BDBEC13882A3,2,preparing,observation,0.077,22385127107,194592768,23942901016,6502760448,10776739840,39034236627,,,,,
2026-09-12T21:07:30Z,6EF52D43-0C51-49F1-BA4A-BDBEC13882A3,3,preparing,observation,1.062,22385127107,194592768,23942901016,6502760448,10776739840,39034236627,,,,,
2026-09-12T21:07:30Z,6EF52D43-0C51-49F1-BA4A-BDBEC13882A3,4,preparing,phaseEnd,106.758,22385471171,195280896,23943998744,6502645760,10776739840,39034236627,,,,,
2026-09-12T21:07:30Z,6EF52D43-0C51-49F1-BA4A-BDBEC13882A3,5,restoring,phaseBegin,106.831,22385471171,195280896,23943998744,6502645760,10776739840,39034236627,5682954240,0,0,,
2026-09-12T21:07:30Z,6EF52D43-0C51-49F1-BA4A-BDBEC13882A3,6,restoring,observation,106.890,22385471171,195280896,23943998744,6502645760,10776739840,39034236627,5682954240,0,0,,
2026-09-12T21:07:30Z,6EF52D43-0C51-49F1-BA4A-BDBEC13882A3,7,restoring,phaseEnd,109.658,22540218129,40534418,23943998744,6502645760,10776739840,39034236627,5682954240,0,0,,
2026-09-12T21:07:30Z,6EF52D43-0C51-49F1-BA4A-BDBEC13882A3,8,restored,phaseBegin,109.717,22540218051,40534496,23943998744,6502645760,10776739840,39034236627,5682954240,0,0,153944064,
2026-09-12T21:07:30Z,6EF52D43-0C51-49F1-BA4A-BDBEC13882A3,9,restored,phaseEnd,115.376,22540218051,40534496,23943998744,6502645760,10776739840,39034236627,5682954240,0,0,153944064,
2026-09-12T21:07:30Z,6EF52D43-0C51-49F1-BA4A-BDBEC13882A3,10,prefilling,phaseBegin,115.448,22540218051,40534496,23943998744,6502645760,10776739840,39034236627,5682954240,0,0,153944064,
2026-09-12T21:07:30Z,6EF52D43-0C51-49F1-BA4A-BDBEC13882A3,11,prefilling,phaseEnd,115.517,22540218051,40534496,23943998744,6502645760,10776739840,39034236627,5682954240,0,0,153944064,
2026-09-12T21:07:30Z,6EF52D43-0C51-49F1-BA4A-BDBEC13882A3,12,dflashPreparing,phaseBegin,115.579,22540218051,40534496,23943998744,6502645760,10776739840,39034236627,5682954240,0,0,153944064,
2026-09-12T21:07:30Z,F78D41B7-3921-449E-8E8D-71BA61E1F6A1,31,decoding,phaseEnd,14101.722,22539890371,2147656416,25840495776,6506872832,10776739840,39034236627,5643501568,0,0,153944064,
2026-09-12T21:07:30Z,F78D41B7-3921-449E-8E8D-71BA61E1F6A1,32,generationQuiescent,phaseBegin,14101.822,22539890371,2147656416,25831058592,6506872832,10776739840,39034236627,5643501568,0,0,153944064,
2026-09-12T21:07:30Z,F78D41B7-3921-449E-8E8D-71BA61E1F6A1,33,generationQuiescent,phaseEnd,14101.917,22539890371,2147656416,25827912864,6506872832,10776739840,39034236627,5643501568,0,0,153944064,
2026-09-12T21:07:30Z,F78D41B7-3921-449E-8E8D-71BA61E1F6A1,34,admittingCheckpoints,phaseBegin,14101.972,22539890371,2147656416,25827912864,6506872832,10776739840,39034236627,5643501568,0,0,153944064,
2026-09-12T21:07:30Z,F78D41B7-3921-449E-8E8D-71BA61E1F6A1,35,admittingCheckpoints,phaseEnd,14106.977,22539890371,2147656416,25765817504,6506872832,10776739840,39034236627,5643501568,0,0,153944064,
2026-09-12T21:07:30Z,F78D41B7-3921-449E-8E8D-71BA61E1F6A1,36,storingLeaf,phaseBegin,14107.067,22539890371,2147656416,25765817504,6506872832,10776739840,39034236627,5643501568,5643501568,1,153944064,
2026-09-12T21:07:30Z,F78D41B7-3921-449E-8E8D-71BA61E1F6A1,37,storingLeaf,phaseEnd,14111.631,22539890371,2147656416,25765997728,6506856448,10776739840,39034236627,5643501568,5643501568,1,153944064,
2026-09-12T21:07:30Z,F78D41B7-3921-449E-8E8D-71BA61E1F6A1,38,capturingLeaf,phaseBegin,14111.703,22539890371,2147656416,25765997728,6506856448,10776739840,39034236627,5643501568,5643501568,1,153944064,
2026-09-12T21:07:30Z,F78D41B7-3921-449E-8E8D-71BA61E1F6A1,39,capturingLeaf,phaseEnd,14111.946,22539890371,2147656416,25765997728,6506856448,10776739840,39034236627,5643501568,5643501568,1,153944064,
2026-09-12T21:07:30Z,F78D41B7-3921-449E-8E8D-71BA61E1F6A1,40,preparingPayload,phaseBegin,14112.017,22539890371,2147656416,25765997728,6506856448,10776739840,39034236627,5643501568,5643501568,1,153944064,
2026-09-12T21:07:30Z,F78D41B7-3921-449E-8E8D-71BA61E1F6A1,41,preparingPayload,phaseEnd,14115.152,22734483157,1820418828,25633352864,6506856448,10776739840,39034236627,5643501568,5643501568,1,153944064,
2026-09-12T21:07:30Z,F78D41B7-3921-449E-8E8D-71BA61E1F6A1,42,admittingLeaf,phaseBegin,14115.229,22734483139,1820418846,25633352864,6506856448,10776739840,39034236627,5643501568,5643501568,1,153944064,
2026-09-12T21:07:30Z,F78D41B7-3921-449E-8E8D-71BA61E1F6A1,43,admittingLeaf,observation,14115.785,22579719875,1975182110,25633352864,6506856448,10776739840,39034236627,5643501568,5643501568,1,0,
2026-09-12T21:07:30Z,F78D41B7-3921-449E-8E8D-71BA61E1F6A1,44,admittingLeaf,phaseEnd,14127.046,22579719875,0,23730056208,6506856448,10776739840,39034236627,5643501568,5643501568,1,0,
2026-09-12T21:07:30Z,F78D41B7-3921-449E-8E8D-71BA61E1F6A1,45,recordingRequest,phaseBegin,14127.139,22579719875,0,23730514960,6506856448,10776739840,39034236627,5643501568,5643501568,1,0,
2026-09-12T21:07:30Z,F78D41B7-3921-449E-8E8D-71BA61E1F6A1,46,recordingRequest,phaseEnd,14128.452,22567546563,12173312,23733070888,6506856448,10776739840,39034236627,5643501568,5643501568,1,0,
2026-09-12T21:07:30Z,F78D41B7-3921-449E-8E8D-71BA61E1F6A1,47,finishingStream,phaseBegin,14128.525,22564318915,15400960,23733480488,6506856448,10776739840,39034236627,5682954240,0,0,0,
2026-09-12T21:07:30Z,F78D41B7-3921-449E-8E8D-71BA61E1F6A1,48,finishingStream,cancelSignal,14128.613,22564318915,15400960,23733873728,6506856448,10776739840,39034236627,5682954240,0,0,0,
2026-09-12T21:07:30Z,F78D41B7-3921-449E-8E8D-71BA61E1F6A1,49,finishingStream,phaseEnd,14128.702,22564318915,15400960,23733873728,6506856448,10776739840,39034236627,5682954240,0,0,0,
2026-09-12T21:07:30Z,F78D41B7-3921-449E-8E8D-71BA61E1F6A1,50,releasingRequest,phaseBegin,14128.781,22564318915,15400960,23733873728,6506856448,10776739840,39034236627,5682954240,0,0,0,
2026-09-12T21:07:30Z,F78D41B7-3921-449E-8E8D-71BA61E1F6A1,51,releasingRequest,observation,14128.922,22561091267,18628608,23734692928,6506856448,10776739840,39034236627,5682954240,0,0,0,
2026-09-12T21:07:30Z,F78D41B7-3921-449E-8E8D-71BA61E1F6A1,52,releasingRequest,phaseEnd,14129.013,22561091267,18628608,23734692928,6506856448,10776739840,39034236627,5682954240,0,0,0,completed
2026-09-12T21:07:30Z,F78D41B7-3921-449E-8E8D-71BA61E1F6A1,53,finished,terminal,14129.088,22561091267,18628608,23734692928,6506856448,10776739840,39034236627,5682954240,0,0,0,completed
2026-09-12T21:07:31Z,6EF52D43-0C51-49F1-BA4A-BDBEC13882A3,13,dflashPreparing,phaseEnd,818.050,22648402599,112656473,24103742744,6502645760,10776739840,39034236627,5682954240,0,0,153944064,
2026-09-12T21:07:31Z,6EF52D43-0C51-49F1-BA4A-BDBEC13882A3,14,prefilled,phaseBegin,818.190,22648402599,112656473,24103742744,6502645760,10776739840,39034236627,5682954240,0,0,153944064,
2026-09-12T21:07:31Z,6EF52D43-0C51-49F1-BA4A-BDBEC13882A3,15,prefilled,phaseEnd,826.273,22631821955,129237117,24103480600,6502645760,10776739840,39034236627,5682954240,0,0,153944064,
2026-09-12T21:07:31Z,6EF52D43-0C51-49F1-BA4A-BDBEC13882A3,16,decoding,phaseBegin,826.370,22631821955,129237117,24103480600,6502645760,10776739840,39034236627,5682954240,0,0,153944064,
2026-09-12T21:07:31Z,6EF52D43-0C51-49F1-BA4A-BDBEC13882A3,17,decoding,observation,826.483,22631477903,129581169,24103480600,6502645760,10776739840,39034236627,5682954240,0,0,153944064,
2026-09-12T21:07:31Z,6EF52D43-0C51-49F1-BA4A-BDBEC13882A3,18,decoding,periodic,1019.885,22994451275,232710491,24569605400,6502465536,10776739840,39034236627,5682954240,0,0,153944064,
2026-09-12T21:07:31Z,F78D41B7-3921-449E-8E8D-71BA61E1F6A1,54,settled,afterRelease,15135.976,22842914659,228630947,24413941016,6502547456,10776739840,39034236627,5682954240,0,0,0,completed
2026-09-12T21:07:32Z,6EF52D43-0C51-49F1-BA4A-BDBEC13882A3,19,decoding,periodic,2024.576,23075391315,367455471,24785235224,6502236160,10776739840,39034236627,5682954240,0,0,153944064,
2026-09-12T21:07:33Z,6EF52D43-0C51-49F1-BA4A-BDBEC13882A3,20,decoding,periodic,3037.048,23158160205,1970930975,26472475928,6502203392,10776739840,39034236627,5682954240,0,0,153944064,
2026-09-12T21:07:34Z,6EF52D43-0C51-49F1-BA4A-BDBEC13882A3,21,decoding,periodic,4039.158,23200349191,1928749619,26472492312,6501990400,10776739840,39034236627,5682954240,0,0,153944064,
2026-09-12T21:07:35Z,6EF52D43-0C51-49F1-BA4A-BDBEC13882A3,22,decoding,periodic,5066.621,23088561335,2040537475,26472475928,6501924864,10776739840,39034236627,5682954240,0,0,153944064,
2026-09-12T21:07:36Z,6EF52D43-0C51-49F1-BA4A-BDBEC13882A3,23,decoding,periodic,6086.392,23169580131,1959521751,26472508696,6501842944,10776739840,39034236627,5682954240,0,0,153944064,
2026-09-12T21:07:37Z,6EF52D43-0C51-49F1-BA4A-BDBEC13882A3,24,decoding,periodic,7097.404,23052466003,2076643591,26472508696,6501761024,10776739840,39034236627,5682954240,0,0,153944064,
2026-09-12T21:07:38Z,6EF52D43-0C51-49F1-BA4A-BDBEC13882A3,25,decoding,periodic,8112.507,23096228823,2032897155,26472525080,6501679104,10768351232,39034236627,5682954240,0,0,153944064,
2026-09-12T21:07:39Z,6EF52D43-0C51-49F1-BA4A-BDBEC13882A3,26,decoding,periodic,9157.350,23227448139,1901677839,26472525080,6501629952,10768351232,39034236627,5682954240,0,0,153944064,
2026-09-12T21:07:40Z,6EF52D43-0C51-49F1-BA4A-BDBEC13882A3,27,decoding,periodic,10161.515,23100111751,2030406883,26473966872,6501548032,10768351232,39034236627,5682954240,0,0,153944064,
2026-09-12T21:07:41Z,6EF52D43-0C51-49F1-BA4A-BDBEC13882A3,28,decoding,periodic,11170.605,23108994671,2039975369,26492415256,6501482496,10768351232,39034236627,5682954240,0,0,153944064,
2026-09-12T21:07:42Z,6EF52D43-0C51-49F1-BA4A-BDBEC13882A3,29,decoding,periodic,12173.165,23111465967,2037504197,26492431640,6501449728,10759962624,39034236627,5682954240,0,0,153944064,
2026-09-12T21:07:43Z,6EF52D43-0C51-49F1-BA4A-BDBEC13882A3,30,decoding,periodic,13212.666,23077205843,2071764321,26492431640,6501335040,10759962624,39034236627,5682954240,0,0,153944064,
2026-09-12T21:07:44Z,6EF52D43-0C51-49F1-BA4A-BDBEC13882A3,31,decoding,periodic,14215.746,23113006063,2079217861,26535652632,6501302272,10759962624,39034236627,5682954240,0,0,153944064,
2026-09-12T21:07:45Z,6EF52D43-0C51-49F1-BA4A-BDBEC13882A3,32,decoding,periodic,15220.387,23176919975,2015320333,26534309144,6501187584,10759962624,39034236627,5682954240,0,0,153944064,
2026-09-12T21:07:46Z,6EF52D43-0C51-49F1-BA4A-BDBEC13882A3,33,decoding,periodic,16227.239,23108994739,2083245569,26534210840,6501154816,10759962624,39034236627,5682954240,0,0,153944064,
2026-09-12T21:07:47Z,6EF52D43-0C51-49F1-BA4A-BDBEC13882A3,34,decoding,periodic,17234.077,23111449575,2080790733,26534210840,6501154816,10759962624,39034236627,5682954240,0,0,153944064,
2026-09-12T21:07:48Z,6EF52D43-0C51-49F1-BA4A-BDBEC13882A3,35,decoding,periodic,18243.400,23125771891,1914420387,26382118168,6501056512,10759962624,39034236627,5682954240,0,0,153944064,
2026-09-12T21:07:49Z,6EF52D43-0C51-49F1-BA4A-BDBEC13882A3,36,decoding,periodic,19249.221,23129783207,1910409071,26382167320,6500990976,10759962624,39034236627,5682954240,0,0,153944064,
2026-09-12T21:07:50Z,6EF52D43-0C51-49F1-BA4A-BDBEC13882A3,37,decoding,periodic,20269.679,23226448723,1813743555,26382167320,6500827136,10759962624,39034236627,5682954240,0,0,153944064,
2026-09-12T21:07:51Z,6EF52D43-0C51-49F1-BA4A-BDBEC13882A3,38,decoding,periodic,21294.730,23128243131,1911949147,26382167320,6500646912,10751574016,39034236627,5682954240,0,0,153944064,
2026-09-12T21:07:52Z,6EF52D43-0C51-49F1-BA4A-BDBEC13882A3,39,decoding,periodic,22338.351,23125771907,1914420371,26382167320,6500483072,10751574016,39034236627,5682954240,0,0,153944064,
2026-09-12T21:07:53Z,6EF52D43-0C51-49F1-BA4A-BDBEC13882A3,40,decoding,periodic,23343.712,23129783227,1910409051,26382167320,6500417536,10751574016,39034236627,5682954240,0,0,153944064,
2026-09-12T21:07:54Z,6EF52D43-0C51-49F1-BA4A-BDBEC13882A3,41,decoding,periodic,24352.358,23773116139,1970603308,27355475224,6500302848,10734796800,39034236627,5682954240,0,0,153944064,
2026-09-12T21:07:55Z,6EF52D43-0C51-49F1-BA4A-BDBEC13882A3,42,decoding,periodic,25365.975,23146560427,1915165239,26403810584,6500204544,10734796800,39034236627,5682954240,0,0,153944064,
2026-09-12T21:07:56Z,6EF52D43-0C51-49F1-BA4A-BDBEC13882A3,43,decoding,periodic,26374.055,23215946595,1845779071,26403843352,6500204544,10734796800,39034236627,5682954240,0,0,153944064,
2026-09-12T21:07:57Z,6EF52D43-0C51-49F1-BA4A-BDBEC13882A3,44,decoding,periodic,27393.386,23142581871,1919143795,26403859736,6500122624,10734796800,39034236627,5682954240,0,0,153944064,
2026-09-12T21:07:58Z,6EF52D43-0C51-49F1-BA4A-BDBEC13882A3,45,decoding,periodic,28410.098,23138892711,1922832955,26403892504,6499565568,10734796800,39034236627,5682954240,0,0,153944064,
2026-09-12T21:07:59Z,6EF52D43-0C51-49F1-BA4A-BDBEC13882A3,46,decoding,periodic,29466.835,23086954287,1974771379,26403892504,6499516416,10734796800,39034236627,5682954240,0,0,153944064,
2026-09-12T21:08:00Z,6EF52D43-0C51-49F1-BA4A-BDBEC13882A3,47,decoding,periodic,30474.294,23146003371,1915722295,26410986776,6499434496,10734796800,39034236627,5682954240,0,0,153944064,
2026-09-12T21:08:02Z,6EF52D43-0C51-49F1-BA4A-BDBEC13882A3,48,decoding,periodic,31482.475,23161994135,1899731531,26410954008,6498942976,10734796800,39034236627,5682954240,0,0,153944064,
2026-09-12T21:08:03Z,6EF52D43-0C51-49F1-BA4A-BDBEC13882A3,49,decoding,periodic,32499.399,23127570191,1944634561,26607611160,6498828288,10734796800,39034236627,5682954240,0,0,153944064,
2026-09-12T21:08:04Z,6EF52D43-0C51-49F1-BA4A-BDBEC13882A3,50,decoding,periodic,33517.492,23155882943,1927328261,26432498968,6498828288,10726408192,39034236627,5682954240,0,0,153944064,
2026-09-12T21:08:05Z,6EF52D43-0C51-49F1-BA4A-BDBEC13882A3,51,decoding,periodic,34519.649,23186439079,1896778269,26432498968,6498664448,10726408192,39034236627,5682954240,0,0,153944064,
2026-09-12T21:08:05Z,6EF52D43-0C51-49F1-BA4A-BDBEC13882A3,52,decoding,phaseEnd,35250.219,22623792835,2150011661,26173861144,6498615296,10726408192,39034236627,5682954240,0,0,153944064,
2026-09-12T21:08:05Z,6EF52D43-0C51-49F1-BA4A-BDBEC13882A3,53,generationQuiescent,phaseBegin,35250.319,22623792835,2150011661,26173861144,6498615296,10726408192,39034236627,5682954240,0,0,153944064,
2026-09-12T21:08:05Z,6EF52D43-0C51-49F1-BA4A-BDBEC13882A3,54,generationQuiescent,phaseEnd,35250.405,22623792835,2150011661,26173861144,6498615296,10726408192,39034236627,5682954240,0,0,153944064,
2026-09-12T21:08:05Z,6EF52D43-0C51-49F1-BA4A-BDBEC13882A3,55,admittingCheckpoints,phaseBegin,35250.467,22623792835,2150011661,26173861144,6498615296,10726408192,39034236627,5682954240,0,0,153944064,
2026-09-12T21:08:05Z,6EF52D43-0C51-49F1-BA4A-BDBEC13882A3,56,admittingCheckpoints,phaseEnd,35258.979,22623792835,2150011661,26173893912,6498615296,10726408192,39034236627,5682954240,0,0,153944064,
2026-09-12T21:08:05Z,6EF52D43-0C51-49F1-BA4A-BDBEC13882A3,57,storingLeaf,phaseBegin,35259.062,22623792835,2150011661,26173893912,6498615296,10726408192,39034236627,5682954240,5682954240,1,153944064,
2026-09-12T21:08:05Z,6EF52D43-0C51-49F1-BA4A-BDBEC13882A3,58,storingLeaf,phaseEnd,35266.027,22623792835,2150011661,26173893912,6498598912,10726408192,39034236627,5682954240,5682954240,1,153944064,
2026-09-12T21:08:05Z,6EF52D43-0C51-49F1-BA4A-BDBEC13882A3,59,capturingLeaf,phaseBegin,35266.100,22623792835,2150011661,26173893912,6498598912,10726408192,39034236627,5682954240,5682954240,1,153944064,
2026-09-12T21:08:05Z,6EF52D43-0C51-49F1-BA4A-BDBEC13882A3,60,capturingLeaf,phaseEnd,35266.325,22623792835,2150011661,26173893912,6498598912,10726408192,39034236627,5682954240,5682954240,1,153944064,
2026-09-12T21:08:05Z,6EF52D43-0C51-49F1-BA4A-BDBEC13882A3,61,preparingPayload,phaseBegin,35266.397,22623792835,2150011661,26173893912,6498598912,10726408192,39034236627,5682954240,5682954240,1,153944064,
2026-09-12T21:08:05Z,6EF52D43-0C51-49F1-BA4A-BDBEC13882A3,62,preparingPayload,phaseEnd,35270.159,22859837141,1820119905,26029288728,6498598912,10726408192,39034236627,5682954240,5682954240,1,153944064,
2026-09-12T21:08:05Z,6EF52D43-0C51-49F1-BA4A-BDBEC13882A3,63,admittingLeaf,phaseBegin,35270.250,22859837123,1820119923,26029288728,6498598912,10726408192,39034236627,5682954240,5682954240,1,153944064,
2026-09-12T21:08:05Z,6EF52D43-0C51-49F1-BA4A-BDBEC13882A3,64,admittingLeaf,observation,35270.632,22705090243,1974866803,26029288728,6498598912,10726408192,39034236627,5682954240,5682954240,1,0,
2026-09-12T21:08:05Z,6EF52D43-0C51-49F1-BA4A-BDBEC13882A3,65,admittingLeaf,phaseEnd,35282.549,22701862595,3227648,24113654968,6498598912,10726408192,39034236627,5682954240,5682954240,1,0,
2026-09-12T21:08:05Z,6EF52D43-0C51-49F1-BA4A-BDBEC13882A3,66,recordingRequest,phaseBegin,35282.630,22701862595,3227648,24113884344,6498598912,10726408192,39034236627,5682954240,5682954240,1,0,
2026-09-12T21:08:05Z,6EF52D43-0C51-49F1-BA4A-BDBEC13882A3,67,recordingRequest,phaseEnd,35283.963,22687100611,17989632,24117816504,6498598912,10726408192,39034236627,5682954240,5682954240,1,0,
2026-09-12T21:08:05Z,6EF52D43-0C51-49F1-BA4A-BDBEC13882A3,68,finishingStream,phaseBegin,35284.052,22687100611,17989632,24117816504,6498598912,10726408192,39034236627,5764087808,0,0,0,
2026-09-12T21:08:05Z,6EF52D43-0C51-49F1-BA4A-BDBEC13882A3,69,finishingStream,cancelSignal,35284.135,22683872963,21217280,24117816504,6498598912,10726408192,39034236627,5764087808,0,0,0,
2026-09-12T21:08:05Z,6EF52D43-0C51-49F1-BA4A-BDBEC13882A3,70,finishingStream,phaseEnd,35284.223,22683872963,21217280,24118602936,6498598912,10726408192,39034236627,5764087808,0,0,0,
2026-09-12T21:08:05Z,6EF52D43-0C51-49F1-BA4A-BDBEC13882A3,71,releasingRequest,phaseBegin,35284.313,22683872963,21217280,24118619320,6498598912,10726408192,39034236627,5764087808,0,0,0,
2026-09-12T21:08:05Z,6EF52D43-0C51-49F1-BA4A-BDBEC13882A3,72,releasingRequest,observation,35284.438,22683791043,21299200,24118619320,6498598912,10726408192,39034236627,5764087808,0,0,0,
2026-09-12T21:08:05Z,6EF52D43-0C51-49F1-BA4A-BDBEC13882A3,73,releasingRequest,phaseEnd,35284.535,22680645315,24444928,24119405752,6498598912,10726408192,39034236627,5764087808,0,0,0,completed
2026-09-12T21:08:05Z,6EF52D43-0C51-49F1-BA4A-BDBEC13882A3,74,finished,terminal,35284.614,22680645315,24444928,24119405752,6498598912,10726408192,39034236627,5764087808,0,0,0,completed
2026-09-12T21:08:06Z,6EF52D43-0C51-49F1-BA4A-BDBEC13882A3,75,settled,afterRelease,36385.021,22469045955,236044288,23864814752,6498582528,10709630976,39034236627,5764087808,0,0,0,completed
2026-09-12T21:08:08Z,34A0017F-B97A-4428-950B-6419D4B5F97B,1,preparing,observation,0.014,22469045955,236044288,23677267104,6498467840,10701242368,39034236627,,,,,
2026-09-12T21:08:08Z,34A0017F-B97A-4428-950B-6419D4B5F97B,2,preparing,observation,0.093,22469045955,236044288,23677267104,6498467840,10701242368,39034236627,,,,,
2026-09-12T21:08:08Z,34A0017F-B97A-4428-950B-6419D4B5F97B,3,preparing,observation,1.001,22469045955,236044288,23677267104,6498467840,10701242368,39034236627,,,,,
2026-09-12T21:08:08Z,34A0017F-B97A-4428-950B-6419D4B5F97B,4,preparing,phaseEnd,114.892,22469390019,236732416,23845891232,6498385920,10701242368,39034236627,,,,,
2026-09-12T21:08:08Z,34A0017F-B97A-4428-950B-6419D4B5F97B,5,restoring,phaseBegin,114.965,22469390019,236732416,23845891232,6498385920,10701242368,39034236627,5764087808,0,0,,
2026-09-12T21:08:08Z,34A0017F-B97A-4428-950B-6419D4B5F97B,6,restoring,observation,115.025,22469390019,236732416,23845891232,6498385920,10701242368,39034236627,5764087808,0,0,,
2026-09-12T21:08:08Z,34A0017F-B97A-4428-950B-6419D4B5F97B,7,restoring,phaseEnd,123.341,22624169667,81953248,23846530208,6498369536,10701242368,39034236627,5764087808,0,0,,
2026-09-12T21:08:08Z,34A0017F-B97A-4428-950B-6419D4B5F97B,8,restored,phaseBegin,123.411,22624169667,81953248,23846530208,6498369536,10701242368,39034236627,5764087808,0,0,153944064,
2026-09-12T21:08:08Z,34A0017F-B97A-4428-950B-6419D4B5F97B,9,restored,phaseEnd,130.732,22624169667,81953248,23846546592,6498369536,10701242368,39034236627,5764087808,0,0,153944064,
2026-09-12T21:08:08Z,34A0017F-B97A-4428-950B-6419D4B5F97B,10,prefilling,phaseBegin,130.818,22624169667,81953248,23846546592,6498369536,10701242368,39034236627,5764087808,0,0,153944064,
2026-09-12T21:08:08Z,34A0017F-B97A-4428-950B-6419D4B5F97B,11,prefilling,phaseEnd,130.888,22624169667,81953248,23846546592,6498369536,10701242368,39034236627,5764087808,0,0,153944064,
2026-09-12T21:08:08Z,34A0017F-B97A-4428-950B-6419D4B5F97B,12,dflashPreparing,phaseBegin,130.945,22624169667,81953248,23846546592,6498369536,10701242368,39034236627,5764087808,0,0,153944064,
2026-09-12T21:08:09Z,34A0017F-B97A-4428-950B-6419D4B5F97B,13,dflashPreparing,periodic,1080.786,24626927079,109561412,25895955616,6498271232,10701242368,39034236627,5764087808,0,0,153944064,
2026-09-12T21:08:10Z,34A0017F-B97A-4428-950B-6419D4B5F97B,14,dflashPreparing,phaseEnd,1716.910,22732321491,142170313,23791660192,6498271232,10701242368,39034236627,5764087808,0,0,153944064,
2026-09-12T21:08:10Z,34A0017F-B97A-4428-950B-6419D4B5F97B,15,prefilled,phaseBegin,1717.055,22732321491,142170313,23791660192,6498271232,10701242368,39034236627,5764087808,0,0,153944064,
2026-09-12T21:08:10Z,34A0017F-B97A-4428-950B-6419D4B5F97B,16,prefilled,phaseEnd,1732.734,22706860719,167631085,24030391456,6498271232,10701242368,39034236627,5764087808,0,0,153944064,
2026-09-12T21:08:10Z,34A0017F-B97A-4428-950B-6419D4B5F97B,17,decoding,phaseBegin,1732.834,22706860719,167631085,24030391456,6498271232,10701242368,39034236627,5764087808,0,0,153944064,
2026-09-12T21:08:10Z,34A0017F-B97A-4428-950B-6419D4B5F97B,18,decoding,observation,1732.956,22706516667,167975137,24030391456,6498271232,10701242368,39034236627,5764087808,0,0,153944064,
2026-09-12T21:08:10Z,34A0017F-B97A-4428-950B-6419D4B5F97B,19,decoding,periodic,2103.810,23276600131,2104092295,26540633248,6498189312,10701242368,39034236627,5764087808,0,0,153944064,
2026-09-12T21:08:11Z,34A0017F-B97A-4428-950B-6419D4B5F97B,20,decoding,periodic,3109.821,23176136575,2063024423,26399321248,6498123776,10701242368,39034236627,5764087808,0,0,153944064,
2026-09-12T21:08:12Z,34A0017F-B97A-4428-950B-6419D4B5F97B,21,decoding,periodic,4119.934,23180147983,2059013983,26399354016,6498041856,10701242368,39034236627,5764087808,0,0,153944064,
2026-09-12T21:08:13Z,34A0017F-B97A-4428-950B-6419D4B5F97B,22,decoding,periodic,5147.517,23272717327,1966451295,26417015968,6496960512,10692853760,39034236627,5764087808,0,0,153944064,
2026-09-12T21:08:14Z,34A0017F-B97A-4428-950B-6419D4B5F97B,23,decoding,periodic,6151.059,23176136367,2063052319,26417720480,6496452608,10684465152,39034236627,5764087808,0,0,153944064,
2026-09-12T21:08:15Z,34A0017F-B97A-4428-950B-6419D4B5F97B,24,decoding,periodic,7179.357,23180147695,2059045055,26417999008,6496337920,10684465152,39034236627,5764087808,0,0,153944064,
2026-09-12T21:08:16Z,34A0017F-B97A-4428-950B-6419D4B5F97B,25,decoding,periodic,8208.269,23265049491,1974143259,26417999008,6496256000,10676076544,39034236627,5764087808,0,0,153944064,
2026-09-12T21:08:17Z,34A0017F-B97A-4428-950B-6419D4B5F97B,26,decoding,periodic,9212.209,23176136379,2063072787,26416245920,6496256000,10676076544,39034236627,5764087808,0,0,153944064,
2026-09-12T21:08:18Z,34A0017F-B97A-4428-950B-6419D4B5F97B,27,decoding,periodic,10230.775,23989517163,2133688592,27473226912,6496239616,10676076544,39034236627,5764087808,0,0,153944064,
2026-09-12T21:08:19Z,34A0017F-B97A-4428-950B-6419D4B5F97B,28,decoding,periodic,11232.887,23293393863,1791726099,26262154400,6496206848,10676076544,39034236627,5764087808,0,0,153944064,
2026-09-12T21:08:20Z,34A0017F-B97A-4428-950B-6419D4B5F97B,29,decoding,periodic,12244.592,23192962811,1892194559,26262170784,6496141312,10676076544,39034236627,5764087808,0,0,153944064,
2026-09-12T21:08:21Z,34A0017F-B97A-4428-950B-6419D4B5F97B,30,decoding,periodic,13253.721,23155141275,1930016095,26262170784,6496108544,10676076544,39034236627,5764087808,0,0,153944064,
2026-09-12T21:08:22Z,34A0017F-B97A-4428-950B-6419D4B5F97B,31,decoding,periodic,14255.584,23188192227,1940218903,26305309856,6494748672,10676076544,39034236627,5764087808,0,0,153944064,
2026-09-12T21:08:23Z,34A0017F-B97A-4428-950B-6419D4B5F97B,32,decoding,periodic,15257.879,23235558403,1894259703,26306718880,6494699520,10592190464,39034236627,5764087808,0,0,153944064,
2026-09-12T21:08:24Z,34A0017F-B97A-4428-950B-6419D4B5F97B,33,decoding,periodic,16287.007,23326931875,1802886231,26306718880,6494683136,10583801856,39034236627,5764087808,0,0,153944064,
2026-09-12T21:08:25Z,34A0017F-B97A-4428-950B-6419D4B5F97B,34,decoding,periodic,17305.473,23196941359,1932876747,26311568544,6494420992,10382147584,39034236627,5764087808,0,0,153944064,
2026-09-12T21:08:26Z,34A0017F-B97A-4428-950B-6419D4B5F97B,35,decoding,periodic,18307.079,23235558403,1894262775,26311568544,6494257152,10382147584,39034236627,5764087808,0,0,153944064,
2026-09-12T21:08:27Z,34A0017F-B97A-4428-950B-6419D4B5F97B,36,decoding,periodic,19339.917,23192962811,1936858367,26311634080,6494158848,10382147584,39034236627,5764087808,0,0,153944064,
2026-09-12T21:08:28Z,34A0017F-B97A-4428-950B-6419D4B5F97B,37,decoding,periodic,20355.421,23196941359,1932879819,26311634080,6494109696,10382147584,39034236627,5764087808,0,0,153944064,
2026-09-12T21:08:29Z,34A0017F-B97A-4428-950B-6419D4B5F97B,38,decoding,periodic,21378.554,23209772795,1938031107,26329722016,6494060544,10382147584,39034236627,5764087808,0,0,153944064,
2026-09-12T21:08:30Z,34A0017F-B97A-4428-950B-6419D4B5F97B,39,decoding,periodic,22394.692,23213734959,1934068943,26329722016,6494011392,10382147584,39034236627,5764087808,0,0,153944064,
2026-09-12T21:08:31Z,34A0017F-B97A-4428-950B-6419D4B5F97B,40,decoding,periodic,23413.068,23287086035,1860717867,26329722016,6493913088,10382147584,39034236627,5764087808,0,0,153944064,
2026-09-12T21:08:32Z,34A0017F-B97A-4428-950B-6419D4B5F97B,41,decoding,periodic,24425.650,23209756399,1938047503,26329722016,6493847552,10382147584,39034236627,5764087808,0,0,153944064,
2026-09-12T21:08:33Z,34A0017F-B97A-4428-950B-6419D4B5F97B,42,decoding,periodic,25442.630,23213702179,1934101723,26329722016,6493798400,10382147584,39034236627,5764087808,0,0,153944064,
2026-09-12T21:08:34Z,34A0017F-B97A-4428-950B-6419D4B5F97B,43,decoding,periodic,26442.958,23241505663,1906298239,26331294880,6493454336,10373758976,39034236627,5764087808,0,0,153944064,
2026-09-12T21:08:35Z,34A0017F-B97A-4428-950B-6419D4B5F97B,44,decoding,periodic,27478.666,23317822403,1829981499,26332130464,6493290496,10373758976,39034236627,5764087808,0,0,153944064,
2026-09-12T21:08:36Z,34A0017F-B97A-4428-950B-6419D4B5F97B,45,decoding,periodic,28479.248,23209772783,1938031119,26332130464,6493257728,10356981760,39034236627,5764087808,0,0,153944064,
2026-09-12T21:08:37Z,34A0017F-B97A-4428-950B-6419D4B5F97B,46,decoding,periodic,29498.663,23206280231,1945013463,26335620256,6493257728,10356981760,39034236627,5764087808,0,0,153944064,
2026-09-12T21:08:38Z,34A0017F-B97A-4428-950B-6419D4B5F97B,47,decoding,periodic,30532.173,23226533627,1944868627,26355772576,6493257728,10356981760,39034236627,5764087808,0,0,153944064,
2026-09-12T21:08:39Z,34A0017F-B97A-4428-950B-6419D4B5F97B,48,decoding,periodic,31561.788,23223024691,2071433547,26478832800,6493224960,10356981760,39034236627,5764087808,0,0,153944064,
2026-09-12T21:08:40Z,34A0017F-B97A-4428-950B-6419D4B5F97B,49,decoding,periodic,32562.269,23245913115,2048589311,26478914720,6493175808,10356981760,39034236627,5764087808,0,0,153944064,
2026-09-12T21:08:42Z,34A0017F-B97A-4428-950B-6419D4B5F97B,50,decoding,periodic,33612.050,23350164387,1944338039,26478914720,6493175808,10356981760,39034236627,5764087808,0,0,153944064,
2026-09-12T21:08:43Z,34A0017F-B97A-4428-950B-6419D4B5F97B,51,decoding,periodic,34644.456,23230479395,2064023031,26478816416,6493175808,10348593152,39034236627,5764087808,0,0,153944064,
2026-09-12T21:08:44Z,34A0017F-B97A-4428-950B-6419D4B5F97B,52,decoding,periodic,35673.436,23243327151,1949623277,26377333920,6493175808,10348593152,39034236627,5764087808,0,0,153944064,
2026-09-12T21:08:45Z,4FD6F437-779D-4E94-85F3-8187C051B892,1,preparing,observation,0.024,22552948419,235028480,24281673008,6492930048,10340204544,39034236627,,,,,
2026-09-12T21:08:45Z,4FD6F437-779D-4E94-85F3-8187C051B892,2,preparing,observation,0.105,22552948419,235028480,24281673008,6492930048,10340204544,39034236627,,,,,
2026-09-12T21:08:45Z,4FD6F437-779D-4E94-85F3-8187C051B892,3,preparing,observation,1.042,22552948419,235028480,24281673008,6492930048,10340204544,39034236627,,,,,
2026-09-12T21:08:45Z,4FD6F437-779D-4E94-85F3-8187C051B892,4,preparing,phaseEnd,114.744,22553308867,235732992,24282754352,6492848128,10340204544,39034236627,,,,,
2026-09-12T21:08:45Z,4FD6F437-779D-4E94-85F3-8187C051B892,5,restoring,phaseBegin,114.810,22553308867,235732992,24282754352,6492848128,10340204544,39034236627,5843976192,0,0,,
2026-09-12T21:08:45Z,4FD6F437-779D-4E94-85F3-8187C051B892,6,restoring,observation,114.868,22553308867,235732992,24282754352,6492848128,10340204544,39034236627,5843976192,0,0,,
2026-09-12T21:08:45Z,4FD6F437-779D-4E94-85F3-8187C051B892,7,restoring,phaseEnd,117.110,22708121385,80920954,24282754352,6492848128,10340204544,39034236627,5843976192,0,0,,
2026-09-12T21:08:45Z,4FD6F437-779D-4E94-85F3-8187C051B892,8,restored,phaseBegin,117.180,22708121283,80921056,24282754352,6492848128,10340204544,39034236627,5843976192,0,0,153944064,
2026-09-12T21:08:45Z,4FD6F437-779D-4E94-85F3-8187C051B892,9,restored,phaseEnd,124.949,22708121283,80921056,24282770736,6492848128,10340204544,39034236627,5843976192,0,0,153944064,
2026-09-12T21:08:45Z,4FD6F437-779D-4E94-85F3-8187C051B892,10,prefilling,phaseBegin,125.025,22708121283,80921056,24282770736,6492848128,10340204544,39034236627,5843976192,0,0,153944064,
2026-09-12T21:08:45Z,4FD6F437-779D-4E94-85F3-8187C051B892,11,prefilling,phaseEnd,125.098,22708121283,80921056,24282770736,6492848128,10340204544,39034236627,5843976192,0,0,153944064,
2026-09-12T21:08:45Z,4FD6F437-779D-4E94-85F3-8187C051B892,12,dflashPreparing,phaseBegin,125.158,22708121283,80921056,24282770736,6492848128,10340204544,39034236627,5843976192,0,0,153944064,
2026-09-12T21:08:45Z,34A0017F-B97A-4428-950B-6419D4B5F97B,53,decoding,periodic,36675.436,23195662235,1997307077,26377350304,6493175808,10348593152,39034236627,5764087808,0,0,153944064,
2026-09-12T21:08:45Z,34A0017F-B97A-4428-950B-6419D4B5F97B,54,decoding,phaseEnd,37023.986,22707728067,2149335401,26095889568,6493159424,10340204544,39034236627,5764087808,0,0,153944064,
2026-09-12T21:08:45Z,34A0017F-B97A-4428-950B-6419D4B5F97B,55,generationQuiescent,phaseBegin,37024.079,22707728067,2149335401,26095889568,6493159424,10340204544,39034236627,5764087808,0,0,153944064,
2026-09-12T21:08:45Z,34A0017F-B97A-4428-950B-6419D4B5F97B,56,generationQuiescent,phaseEnd,37024.190,22707728067,2149335401,26095889568,6493159424,10340204544,39034236627,5764087808,0,0,153944064,
2026-09-12T21:08:45Z,34A0017F-B97A-4428-950B-6419D4B5F97B,57,admittingCheckpoints,phaseBegin,37024.247,22707728067,2149335401,26095889568,6493159424,10340204544,39034236627,5764087808,0,0,153944064,
2026-09-12T21:08:45Z,34A0017F-B97A-4428-950B-6419D4B5F97B,58,admittingCheckpoints,phaseEnd,37033.155,22707728067,2149335401,26095922336,6493159424,10340204544,39034236627,5764087808,0,0,153944064,
2026-09-12T21:08:45Z,34A0017F-B97A-4428-950B-6419D4B5F97B,59,storingLeaf,phaseBegin,37033.228,22707728067,2149335401,26095922336,6493159424,10340204544,39034236627,5764087808,5764087808,1,153944064,
2026-09-12T21:08:45Z,34A0017F-B97A-4428-950B-6419D4B5F97B,60,storingLeaf,phaseEnd,37039.182,22707728067,2149335401,26095922336,6493143040,10340204544,39034236627,5764087808,5764087808,1,153944064,
2026-09-12T21:08:45Z,34A0017F-B97A-4428-950B-6419D4B5F97B,61,capturingLeaf,phaseBegin,37039.258,22707728067,2149335401,26095922336,6493143040,10340204544,39034236627,5764087808,5764087808,1,153944064,
2026-09-12T21:08:45Z,34A0017F-B97A-4428-950B-6419D4B5F97B,62,capturingLeaf,phaseEnd,37039.509,22707728067,2149335401,26095922336,6493143040,10340204544,39034236627,5764087808,5764087808,1,153944064,
2026-09-12T21:08:45Z,34A0017F-B97A-4428-950B-6419D4B5F97B,63,preparingPayload,phaseBegin,37039.591,22707728067,2149335401,26095922336,6493143040,10340204544,39034236627,5764087808,5764087808,1,153944064,
2026-09-12T21:08:45Z,34A0017F-B97A-4428-950B-6419D4B5F97B,64,preparingPayload,phaseEnd,37043.852,22942756565,1816789441,25944009888,6493143040,10340204544,39034236627,5764087808,5764087808,1,153944064,
2026-09-12T21:08:45Z,34A0017F-B97A-4428-950B-6419D4B5F97B,65,admittingLeaf,phaseBegin,37043.944,22942756547,1816789459,25944009888,6493143040,10340204544,39034236627,5764087808,5764087808,1,153944064,
2026-09-12T21:08:45Z,34A0017F-B97A-4428-950B-6419D4B5F97B,66,admittingLeaf,observation,37044.326,22787976899,1971569107,25944009888,6493143040,10340204544,39034236627,5764087808,5764087808,1,0,
2026-09-12T21:08:45Z,34A0017F-B97A-4428-950B-6419D4B5F97B,67,admittingLeaf,phaseEnd,37056.092,22787976899,0,24015186984,6493143040,10340204544,39034236627,5764087808,5764087808,1,0,
2026-09-12T21:08:45Z,34A0017F-B97A-4428-950B-6419D4B5F97B,68,recordingRequest,phaseBegin,37056.191,22787976899,0,24015186984,6493143040,10340204544,39034236627,5764087808,5764087808,1,0,
2026-09-12T21:08:45Z,34A0017F-B97A-4428-950B-6419D4B5F97B,69,recordingRequest,phaseEnd,37057.594,22773280451,14696448,24018840640,6493143040,10340204544,39034236627,5764087808,5764087808,1,0,
2026-09-12T21:08:45Z,34A0017F-B97A-4428-950B-6419D4B5F97B,70,finishingStream,phaseBegin,37057.684,22773280451,14696448,24018840640,6493143040,10340204544,39034236627,5843976192,0,0,0,
2026-09-12T21:08:45Z,34A0017F-B97A-4428-950B-6419D4B5F97B,71,finishingStream,cancelSignal,37057.765,22770052803,17924096,24018840640,6493143040,10340204544,39034236627,5843976192,0,0,0,
2026-09-12T21:08:45Z,34A0017F-B97A-4428-950B-6419D4B5F97B,72,finishingStream,phaseEnd,37057.847,22770052803,17924096,24019627072,6493143040,10340204544,39034236627,5843976192,0,0,0,
2026-09-12T21:08:45Z,34A0017F-B97A-4428-950B-6419D4B5F97B,73,releasingRequest,phaseBegin,37057.916,22770052803,17924096,24019627072,6493143040,10340204544,39034236627,5843976192,0,0,0,
2026-09-12T21:08:45Z,34A0017F-B97A-4428-950B-6419D4B5F97B,74,releasingRequest,observation,37058.034,22770052803,17924096,24019627072,6493143040,10340204544,39034236627,5843976192,0,0,0,
2026-09-12T21:08:45Z,34A0017F-B97A-4428-950B-6419D4B5F97B,75,releasingRequest,phaseEnd,37058.120,22766825155,21151744,24020298816,6493143040,10340204544,39034236627,5843976192,0,0,0,completed
2026-09-12T21:08:45Z,34A0017F-B97A-4428-950B-6419D4B5F97B,76,finished,terminal,37058.192,22766825155,21151744,24020413504,6493143040,10340204544,39034236627,5843976192,0,0,0,completed
2026-09-12T21:08:46Z,4FD6F437-779D-4E94-85F3-8187C051B892,13,dflashPreparing,phaseEnd,696.700,22816273063,112738359,24117898352,6492815360,10340204544,39034236627,5843976192,0,0,153944064,
2026-09-12T21:08:46Z,4FD6F437-779D-4E94-85F3-8187C051B892,14,prefilled,phaseBegin,696.841,22816273063,112738359,24117898352,6492815360,10340204544,39034236627,5843976192,0,0,153944064,
2026-09-12T21:08:46Z,4FD6F437-779D-4E94-85F3-8187C051B892,15,prefilled,phaseEnd,705.541,22799692419,129319003,24117914736,6492815360,10340204544,39034236627,5843976192,0,0,153944064,
2026-09-12T21:08:46Z,4FD6F437-779D-4E94-85F3-8187C051B892,16,decoding,phaseBegin,705.616,22799692419,129319003,24117914736,6492815360,10340204544,39034236627,5843976192,0,0,153944064,
2026-09-12T21:08:46Z,4FD6F437-779D-4E94-85F3-8187C051B892,17,decoding,observation,705.738,22799331983,129679439,24117914736,6492815360,10340204544,39034236627,5843976192,0,0,153944064,
2026-09-12T21:08:46Z,4FD6F437-779D-4E94-85F3-8187C051B892,18,decoding,periodic,1014.522,23343971177,237200919,24769866864,6492766208,10340204544,39034236627,5843976192,0,0,153944064,
2026-09-12T21:08:46Z,34A0017F-B97A-4428-950B-6419D4B5F97B,77,settled,afterRelease,38068.604,23195563796,233973100,24618232944,6492766208,10340204544,39034236627,5843976192,0,0,0,completed
2026-09-12T21:08:47Z,4FD6F437-779D-4E94-85F3-8187C051B892,19,decoding,periodic,2033.624,23227348800,375918998,24799505520,6492717056,10340204544,39034236627,5843976192,0,0,153944064,
2026-09-12T21:08:48Z,4FD6F437-779D-4E94-85F3-8187C051B892,20,decoding,periodic,3036.035,23192046663,419183343,24799505520,6492635136,10340204544,39034236627,5843976192,0,0,153944064,
2026-09-12T21:08:49Z,4FD6F437-779D-4E94-85F3-8187C051B892,21,decoding,periodic,4044.546,23247305742,363924264,24799505520,6492618752,10340204544,39034236627,5843976192,0,0,153944064,
2026-09-12T21:08:50Z,4FD6F437-779D-4E94-85F3-8187C051B892,22,decoding,periodic,5056.199,23280303073,330926933,24799505520,6492569600,10331815936,39034236627,5843976192,0,0,153944064,
2026-09-12T21:08:51Z,4FD6F437-779D-4E94-85F3-8187C051B892,23,decoding,periodic,6095.130,23243245397,368000993,24799521904,6492487680,10331815936,39034236627,5843976192,0,0,153944064,
2026-09-12T21:08:52Z,4FD6F437-779D-4E94-85F3-8187C051B892,24,decoding,periodic,7122.757,23242111984,369134406,24799521904,6492438528,10331815936,39034236627,5843976192,0,0,153944064,
2026-09-12T21:08:53Z,4FD6F437-779D-4E94-85F3-8187C051B892,25,decoding,periodic,8123.028,23325881872,285364518,24804371568,6492405760,10323427328,39034236627,5843976192,0,0,153944064,
2026-09-12T21:08:54Z,4FD6F437-779D-4E94-85F3-8187C051B892,26,decoding,periodic,9123.323,23268129760,1903120716,26365373552,6492405760,10315038720,39034236627,5843976192,0,0,153944064,
2026-09-12T21:08:55Z,4FD6F437-779D-4E94-85F3-8187C051B892,27,decoding,periodic,10131.611,23291018184,1880259856,26365373552,6492389376,10315038720,39034236627,5843976192,0,0,153944064,
2026-09-12T21:08:56Z,B4FE9B30-2BB8-4538-A1B8-9D076B19DFF9,1,preparing,observation,0.022,22569725635,173703168,24188775680,6491996160,10306650112,39034236627,,,,,
2026-09-12T21:08:56Z,B4FE9B30-2BB8-4538-A1B8-9D076B19DFF9,2,preparing,observation,0.107,22569725635,173703168,24188775680,6491996160,10306650112,39034236627,,,,,
2026-09-12T21:08:56Z,B4FE9B30-2BB8-4538-A1B8-9D076B19DFF9,3,preparing,observation,1.042,22569725635,173703168,24188775680,6491996160,10306650112,39034236627,,,,,
2026-09-12T21:08:56Z,B4FE9B30-2BB8-4538-A1B8-9D076B19DFF9,4,preparing,phaseEnd,111.468,22570086083,174407680,24119979264,6491979776,10306650112,39034236627,,,,,
2026-09-12T21:08:56Z,B4FE9B30-2BB8-4538-A1B8-9D076B19DFF9,5,restoring,phaseBegin,111.525,22570086083,174407680,24119979264,6491979776,10306650112,39034236627,5862391808,0,0,,
2026-09-12T21:08:56Z,B4FE9B30-2BB8-4538-A1B8-9D076B19DFF9,6,restoring,observation,111.584,22570086083,174407680,24119979264,6491979776,10306650112,39034236627,5862391808,0,0,,
2026-09-12T21:08:56Z,B4FE9B30-2BB8-4538-A1B8-9D076B19DFF9,7,restoring,phaseEnd,113.900,22724914883,19579360,24119979264,6491963392,10306650112,39034236627,5862391808,0,0,,
2026-09-12T21:08:56Z,B4FE9B30-2BB8-4538-A1B8-9D076B19DFF9,8,restored,phaseBegin,113.975,22724914883,19579360,24119979264,6491963392,10306650112,39034236627,5862391808,0,0,153944064,
2026-09-12T21:08:56Z,B4FE9B30-2BB8-4538-A1B8-9D076B19DFF9,9,restored,phaseEnd,121.589,22724914883,19579360,24119995648,6491963392,10306650112,39034236627,5862391808,0,0,153944064,
2026-09-12T21:08:56Z,B4FE9B30-2BB8-4538-A1B8-9D076B19DFF9,10,prefilling,phaseBegin,121.671,22724914883,19579360,24119995648,6491963392,10306650112,39034236627,5862391808,0,0,153944064,
2026-09-12T21:08:56Z,B4FE9B30-2BB8-4538-A1B8-9D076B19DFF9,11,prefilling,phaseEnd,121.748,22724914883,19579360,24119995648,6491963392,10306650112,39034236627,5862391808,0,0,153944064,
2026-09-12T21:08:56Z,B4FE9B30-2BB8-4538-A1B8-9D076B19DFF9,12,dflashPreparing,phaseBegin,121.804,22724914883,19579360,24119995648,6491963392,10306650112,39034236627,5862391808,0,0,153944064,
2026-09-12T21:08:56Z,4FD6F437-779D-4E94-85F3-8187C051B892,28,decoding,phaseEnd,10872.129,22724538051,2148699321,26132786288,6492372992,10315038720,39034236627,5843976192,0,0,153944064,
2026-09-12T21:08:56Z,4FD6F437-779D-4E94-85F3-8187C051B892,29,generationQuiescent,phaseBegin,10872.238,22724538051,2148699321,26132786288,6492372992,10315038720,39034236627,5843976192,0,0,153944064,
2026-09-12T21:08:56Z,4FD6F437-779D-4E94-85F3-8187C051B892,30,generationQuiescent,phaseEnd,10872.328,22724538051,2148699321,26132786288,6492372992,10315038720,39034236627,5843976192,0,0,153944064,
2026-09-12T21:08:56Z,4FD6F437-779D-4E94-85F3-8187C051B892,31,admittingCheckpoints,phaseBegin,10872.393,22724538051,2148699321,26132786288,6492372992,10315038720,39034236627,5843976192,0,0,153944064,
2026-09-12T21:08:56Z,4FD6F437-779D-4E94-85F3-8187C051B892,32,admittingCheckpoints,phaseEnd,10880.233,22724538051,2148699321,26132786288,6492372992,10315038720,39034236627,5843976192,0,0,153944064,
2026-09-12T21:08:56Z,4FD6F437-779D-4E94-85F3-8187C051B892,33,storingLeaf,phaseBegin,10880.305,22724538051,2148699321,26132786288,6492372992,10315038720,39034236627,5843976192,5843976192,1,153944064,
2026-09-12T21:08:56Z,4FD6F437-779D-4E94-85F3-8187C051B892,34,storingLeaf,phaseEnd,10883.657,22724538051,2148699321,26132786288,6492372992,10315038720,39034236627,5843976192,5843976192,1,153944064,
2026-09-12T21:08:56Z,4FD6F437-779D-4E94-85F3-8187C051B892,35,capturingLeaf,phaseBegin,10883.733,22724538051,2148699321,26132786288,6492372992,10315038720,39034236627,5843976192,5843976192,1,153944064,
2026-09-12T21:08:56Z,4FD6F437-779D-4E94-85F3-8187C051B892,36,capturingLeaf,phaseEnd,10883.983,22724538051,2148699321,26132786288,6492372992,10315038720,39034236627,5843976192,5843976192,1,153944064,
2026-09-12T21:08:56Z,4FD6F437-779D-4E94-85F3-8187C051B892,37,preparingPayload,phaseBegin,10884.065,22724538051,2148699321,26132786288,6492372992,10315038720,39034236627,5843976192,5843976192,1,153944064,
2026-09-12T21:08:56Z,4FD6F437-779D-4E94-85F3-8187C051B892,38,preparingPayload,phaseEnd,10887.136,22898241219,1815612659,25917369456,6492372992,10315038720,39034236627,5843976192,5843976192,1,153944064,
2026-09-12T21:08:56Z,4FD6F437-779D-4E94-85F3-8187C051B892,39,admittingLeaf,phaseBegin,10887.213,22898241219,1815612659,25911078000,6492372992,10315038720,39034236627,5843976192,5843976192,1,153944064,
2026-09-12T21:08:56Z,4FD6F437-779D-4E94-85F3-8187C051B892,40,admittingLeaf,observation,10887.608,22743428803,1970425075,25907932272,6492372992,10315038720,39034236627,5843976192,5843976192,1,0,
2026-09-12T21:08:56Z,4FD6F437-779D-4E94-85F3-8187C051B892,41,admittingLeaf,phaseEnd,10899.999,22740201155,3227648,24001981480,6492372992,10315038720,39034236627,5843976192,5843976192,1,0,
2026-09-12T21:08:56Z,4FD6F437-779D-4E94-85F3-8187C051B892,42,recordingRequest,phaseBegin,10900.078,22740201155,3227648,24002751528,6492372992,10315038720,39034236627,5843976192,5843976192,1,0,
2026-09-12T21:08:56Z,4FD6F437-779D-4E94-85F3-8187C051B892,43,recordingRequest,phaseEnd,10901.430,22726110915,17317888,24006061120,6492372992,10315038720,39034236627,5843976192,5843976192,1,0,
2026-09-12T21:08:56Z,4FD6F437-779D-4E94-85F3-8187C051B892,44,finishingStream,phaseBegin,10901.518,22726110915,17317888,24006061120,6492372992,10315038720,39034236627,5862391808,0,0,0,
2026-09-12T21:08:56Z,4FD6F437-779D-4E94-85F3-8187C051B892,45,finishingStream,cancelSignal,10901.600,22726110915,17317888,24006061120,6492372992,10315038720,39034236627,5862391808,0,0,0,
2026-09-12T21:08:56Z,4FD6F437-779D-4E94-85F3-8187C051B892,46,finishingStream,phaseEnd,10901.690,22722883267,20545536,24006061120,6492372992,10315038720,39034236627,5862391808,0,0,0,
2026-09-12T21:08:56Z,4FD6F437-779D-4E94-85F3-8187C051B892,47,releasingRequest,phaseBegin,10901.774,22721703619,21725184,24006061120,6492372992,10315038720,39034236627,5862391808,0,0,0,
2026-09-12T21:08:56Z,4FD6F437-779D-4E94-85F3-8187C051B892,48,releasingRequest,observation,10901.901,22721703619,21725184,24006847552,6492372992,10315038720,39034236627,5862391808,0,0,0,
2026-09-12T21:08:56Z,4FD6F437-779D-4E94-85F3-8187C051B892,49,releasingRequest,phaseEnd,10902.008,22721703619,21725184,24006847552,6492372992,10315038720,39034236627,5862391808,0,0,0,completed
2026-09-12T21:08:56Z,4FD6F437-779D-4E94-85F3-8187C051B892,50,finished,terminal,10902.087,22718475971,24952832,24006847552,6492372992,10315038720,39034236627,5862391808,0,0,0,completed
2026-09-12T21:08:57Z,B4FE9B30-2BB8-4538-A1B8-9D076B19DFF9,13,dflashPreparing,periodic,1015.772,23079481939,1195491328,27192765696,6491930624,10306650112,39034236627,5862391808,0,0,153944064,
2026-09-12T21:08:57Z,4FD6F437-779D-4E94-85F3-8187C051B892,51,settled,afterRelease,11914.907,25627931259,186400816,27190684928,6491930624,10306650112,39034236627,5862391808,0,0,0,completed
2026-09-12T21:08:58Z,B4FE9B30-2BB8-4538-A1B8-9D076B19DFF9,14,dflashPreparing,periodic,2091.213,25673445323,174211104,25824619776,6491930624,10306650112,39034236627,5862391808,0,0,153944064,
2026-09-12T21:08:59Z,B4FE9B30-2BB8-4538-A1B8-9D076B19DFF9,15,dflashPreparing,phaseEnd,2693.731,22854038183,171148613,24136428800,6491766784,10306650112,39034236627,5862391808,0,0,153944064,
2026-09-12T21:08:59Z,B4FE9B30-2BB8-4538-A1B8-9D076B19DFF9,16,prefilled,phaseBegin,2693.897,22854038183,171148613,24136428800,6491766784,10306650112,39034236627,5862391808,0,0,153944064,
2026-09-12T21:08:59Z,B4FE9B30-2BB8-4538-A1B8-9D076B19DFF9,17,prefilled,phaseEnd,2714.992,22828561027,196625769,24383352064,6491766784,10306650112,39034236627,5862391808,0,0,153944064,
2026-09-12T21:08:59Z,B4FE9B30-2BB8-4538-A1B8-9D076B19DFF9,18,decoding,phaseBegin,2715.105,22828561027,196625769,24383352064,6491766784,10306650112,39034236627,5862391808,0,0,153944064,
2026-09-12T21:08:59Z,B4FE9B30-2BB8-4538-A1B8-9D076B19DFF9,19,decoding,observation,2715.231,22828200595,196986201,24383352064,6491766784,10306650112,39034236627,5862391808,0,0,153944064,
2026-09-12T21:08:59Z,B4FE9B30-2BB8-4538-A1B8-9D076B19DFF9,20,decoding,periodic,3098.478,23308172139,399618409,25065811200,6491619328,10306650112,39034236627,5862391808,0,0,153944064,
2026-09-12T21:09:00Z,B4FE9B30-2BB8-4538-A1B8-9D076B19DFF9,21,decoding,periodic,4141.072,23381736335,326072597,25066122496,6491602944,10306650112,39034236627,5862391808,0,0,153944064,
2026-09-12T21:09:01Z,B4FE9B30-2BB8-4538-A1B8-9D076B19DFF9,22,decoding,periodic,5155.778,23233328915,474480529,25066122496,6491602944,10306650112,39034236627,5862391808,0,0,153944064,
2026-09-12T21:09:02Z,B4FE9B30-2BB8-4538-A1B8-9D076B19DFF9,23,decoding,periodic,6170.751,23234086099,473744705,25066138880,6491602944,10306650112,39034236627,5862391808,0,0,153944064,
2026-09-12T21:09:03Z,B4FE9B30-2BB8-4538-A1B8-9D076B19DFF9,24,decoding,periodic,7174.627,23265786767,442086517,25066122496,6491586560,10306650112,39034236627,5862391808,0,0,153944064,
2026-09-12T21:09:04Z,B4FE9B30-2BB8-4538-A1B8-9D076B19DFF9,25,decoding,periodic,8184.645,23277616015,430267413,25066122496,6491586560,10306650112,39034236627,5862391808,0,0,153944064,
2026-09-12T21:09:05Z,B4FE9B30-2BB8-4538-A1B8-9D076B19DFF9,26,decoding,periodic,9226.497,23293707887,1921267841,26574269696,6491553792,10306650112,39034236627,5862391808,0,0,153944064,
2026-09-12T21:09:06Z,B4FE9B30-2BB8-4538-A1B8-9D076B19DFF9,27,decoding,periodic,10236.505,23286020975,1928983529,26576170240,6491537408,10306650112,39034236627,5862391808,0,0,153944064,
2026-09-12T21:09:07Z,B4FE9B30-2BB8-4538-A1B8-9D076B19DFF9,28,decoding,periodic,11239.573,23297637291,1918803969,26577906944,6491504640,10306650112,39034236627,5862391808,0,0,153944064,
2026-09-12T21:09:08Z,B4FE9B30-2BB8-4538-A1B8-9D076B19DFF9,29,decoding,periodic,12250.656,23336450943,1879990317,26577906944,6491488256,10306650112,39034236627,5862391808,0,0,153944064,
2026-09-12T21:09:09Z,B4FE9B30-2BB8-4538-A1B8-9D076B19DFF9,30,decoding,periodic,13291.340,23293707955,1966019833,26621209856,6491471872,10306650112,39034236627,5862391808,0,0,153944064,
2026-09-12T21:09:10Z,B4FE9B30-2BB8-4538-A1B8-9D076B19DFF9,31,decoding,periodic,14359.777,23973050107,1965950200,27434429696,6491455488,10306650112,39034236627,5862391808,0,0,153944064,
2026-09-12T21:09:11Z,B4FE9B30-2BB8-4538-A1B8-9D076B19DFF9,32,decoding,periodic,15367.711,23384509446,1892589784,26638429440,6491455488,10306650112,39034236627,5862391808,0,0,153944064,
2026-09-12T21:09:12Z,B4FE9B30-2BB8-4538-A1B8-9D076B19DFF9,33,decoding,periodic,16374.496,23306714023,1970385207,26638478592,6491439104,10306650112,39034236627,5862391808,0,0,153944064,
2026-09-12T21:09:13Z,B4FE9B30-2BB8-4538-A1B8-9D076B19DFF9,34,decoding,periodic,17411.466,23399283523,1877821851,26638478592,6491439104,10306650112,39034236627,5862391808,0,0,153944064,
2026-09-12T21:09:14Z,B4FE9B30-2BB8-4538-A1B8-9D076B19DFF9,35,decoding,periodic,18431.718,23310468783,1966636591,26638478592,6491439104,10298261504,39034236627,5862391808,0,0,153944064,
2026-09-12T21:09:16Z,B4FE9B30-2BB8-4538-A1B8-9D076B19DFF9,36,decoding,periodic,19444.004,23293068795,1984036579,26638478592,6491439104,10298261504,39034236627,5862391808,0,0,153944064,
2026-09-12T21:09:17Z,B4FE9B30-2BB8-4538-A1B8-9D076B19DFF9,37,decoding,periodic,20447.577,23314414499,1962690875,26638478592,6491439104,10298261504,39034236627,5862391808,0,0,153944064,
2026-09-12T21:09:18Z,B4FE9B30-2BB8-4538-A1B8-9D076B19DFF9,38,decoding,periodic,21465.606,24165825295,1999700208,27703471360,6491422720,10298261504,39034236627,5862391808,0,0,153944064,
2026-09-12T21:09:19Z,B4FE9B30-2BB8-4538-A1B8-9D076B19DFF9,39,decoding,periodic,22482.689,23287559955,2011028399,26659908864,6491422720,10298261504,39034236627,5862391808,0,0,153944064,
2026-09-12T21:09:20Z,B4FE9B30-2BB8-4538-A1B8-9D076B19DFF9,40,decoding,periodic,23484.594,23327295087,1971293267,26659958016,6491422720,10298261504,39034236627,5862391808,0,0,153944064,
2026-09-12T21:09:21Z,B4FE9B30-2BB8-4538-A1B8-9D076B19DFF9,41,decoding,periodic,24487.916,23327295155,1971293199,26659958016,6491422720,10298261504,39034236627,5862391808,0,0,153944064,
2026-09-12T21:09:21Z,B4FE9B30-2BB8-4538-A1B8-9D076B19DFF9,42,decoding,phaseEnd,24840.001,22791646915,2148294667,26352299264,6491422720,10298261504,39034236627,5862391808,0,0,153944064,
2026-09-12T21:09:21Z,B4FE9B30-2BB8-4538-A1B8-9D076B19DFF9,43,generationQuiescent,phaseBegin,24840.110,22791646915,2148294667,26352299264,6491422720,10298261504,39034236627,5862391808,0,0,153944064,
2026-09-12T21:09:21Z,B4FE9B30-2BB8-4538-A1B8-9D076B19DFF9,44,generationQuiescent,phaseEnd,24840.205,22791646915,2148294667,26352299264,6491422720,10298261504,39034236627,5862391808,0,0,153944064,
2026-09-12T21:09:21Z,B4FE9B30-2BB8-4538-A1B8-9D076B19DFF9,45,admittingCheckpoints,phaseBegin,24840.261,22791646915,2148294667,26352299264,6491422720,10298261504,39034236627,5862391808,0,0,153944064,
2026-09-12T21:09:21Z,B4FE9B30-2BB8-4538-A1B8-9D076B19DFF9,46,admittingCheckpoints,phaseEnd,24849.119,22791646915,2148294667,26352299264,6491422720,10298261504,39034236627,5862391808,0,0,153944064,
2026-09-12T21:09:21Z,B4FE9B30-2BB8-4538-A1B8-9D076B19DFF9,47,storingLeaf,phaseBegin,24849.233,22791646915,2148294667,26352299264,6491422720,10298261504,39034236627,5862391808,5862391808,1,153944064,
2026-09-12T21:09:21Z,B4FE9B30-2BB8-4538-A1B8-9D076B19DFF9,48,storingLeaf,phaseEnd,24854.725,22791646915,2148294667,26352299264,6491422720,10298261504,39034236627,5862391808,5862391808,1,153944064,
2026-09-12T21:09:21Z,B4FE9B30-2BB8-4538-A1B8-9D076B19DFF9,49,capturingLeaf,phaseBegin,24854.795,22791646915,2148294667,26352299264,6491422720,10298261504,39034236627,5862391808,5862391808,1,153944064,
2026-09-12T21:09:21Z,B4FE9B30-2BB8-4538-A1B8-9D076B19DFF9,50,capturingLeaf,phaseEnd,24855.054,22791646915,2148294667,26352299264,6491422720,10298261504,39034236627,5862391808,5862391808,1,153944064,
2026-09-12T21:09:21Z,B4FE9B30-2BB8-4538-A1B8-9D076B19DFF9,51,preparingPayload,phaseBegin,24855.130,22791646915,2148294667,26352299264,6491422720,10298261504,39034236627,5862391808,5862391808,1,153944064,
2026-09-12T21:09:21Z,B4FE9B30-2BB8-4538-A1B8-9D076B19DFF9,52,preparingPayload,phaseEnd,24859.012,23017287381,1813078107,26191736064,6491422720,10298261504,39034236627,5862391808,5862391808,1,153944064,
2026-09-12T21:09:21Z,B4FE9B30-2BB8-4538-A1B8-9D076B19DFF9,53,admittingLeaf,phaseBegin,24859.106,23017287363,1813078125,26191736064,6491422720,10298261504,39034236627,5862391808,5862391808,1,153944064,
2026-09-12T21:09:21Z,B4FE9B30-2BB8-4538-A1B8-9D076B19DFF9,54,admittingLeaf,observation,24859.531,22862458563,1967906925,26191752448,6491406336,10298261504,39034236627,5862391808,5862391808,1,0,
2026-09-12T21:09:21Z,B4FE9B30-2BB8-4538-A1B8-9D076B19DFF9,55,admittingLeaf,phaseEnd,24872.409,22859230915,3227648,24298400904,6491406336,10298261504,39034236627,5862391808,5862391808,1,0,
2026-09-12T21:09:21Z,B4FE9B30-2BB8-4538-A1B8-9D076B19DFF9,56,recordingRequest,phaseBegin,24872.503,22859230915,3227648,24298400904,6491406336,10298261504,39034236627,5862391808,5862391808,1,0,
2026-09-12T21:09:21Z,B4FE9B30-2BB8-4538-A1B8-9D076B19DFF9,57,recordingRequest,phaseEnd,24873.854,22841896643,20561920,24299646088,6491406336,10298261504,39034236627,5862391808,5862391808,1,0,
2026-09-12T21:09:21Z,B4FE9B30-2BB8-4538-A1B8-9D076B19DFF9,58,finishingStream,phaseBegin,24873.935,22841896643,20561920,24299646088,6491406336,10298261504,39034236627,5932777472,0,0,0,
2026-09-12T21:09:21Z,B4FE9B30-2BB8-4538-A1B8-9D076B19DFF9,59,finishingStream,cancelSignal,24874.023,22841896643,20561920,24299646088,6491406336,10298261504,39034236627,5932777472,0,0,0,
2026-09-12T21:09:21Z,B4FE9B30-2BB8-4538-A1B8-9D076B19DFF9,60,finishingStream,phaseEnd,24874.116,22838668995,23789568,24299646088,6491406336,10298261504,39034236627,5932777472,0,0,0,
2026-09-12T21:09:21Z,B4FE9B30-2BB8-4538-A1B8-9D076B19DFF9,61,releasingRequest,phaseBegin,24874.195,22838668995,23789568,24300268680,6491406336,10298261504,39034236627,5932777472,0,0,0,
2026-09-12T21:09:21Z,B4FE9B30-2BB8-4538-A1B8-9D076B19DFF9,62,releasingRequest,observation,24874.339,22838668995,23789568,24300268680,6491406336,10298261504,39034236627,5932777472,0,0,0,
2026-09-12T21:09:21Z,B4FE9B30-2BB8-4538-A1B8-9D076B19DFF9,63,releasingRequest,phaseEnd,24874.433,22838668995,23789568,24300891272,6491406336,10298261504,39034236627,5932777472,0,0,0,completed
2026-09-12T21:09:21Z,B4FE9B30-2BB8-4538-A1B8-9D076B19DFF9,64,finished,terminal,24874.509,22838668995,23789568,24300891272,6491406336,10298261504,39034236627,5932777472,0,0,0,completed
2026-09-12T21:09:22Z,B4FE9B30-2BB8-4538-A1B8-9D076B19DFF9,65,settled,afterRelease,25973.989,22636818115,225640448,24041073776,6491340800,10281484288,39034236627,5932777472,0,0,0,completed
2026-09-12T21:09:23Z,242B527C-A696-49E4-B954-55BDB114CA56,1,preparing,observation,0.017,22636818115,225640448,23852657776,6491275264,10281484288,39034236627,,,,,
2026-09-12T21:09:23Z,242B527C-A696-49E4-B954-55BDB114CA56,2,preparing,observation,0.097,22636818115,225640448,23852657776,6491275264,10281484288,39034236627,,,,,
2026-09-12T21:09:23Z,242B527C-A696-49E4-B954-55BDB114CA56,3,preparing,observation,1.064,22636818115,225640448,23852657776,6491275264,10281484288,39034236627,,,,,
2026-09-12T21:09:24Z,242B527C-A696-49E4-B954-55BDB114CA56,4,preparing,phaseEnd,119.051,22637178563,226361344,24021658736,6491160576,10281484288,39034236627,,,,,
2026-09-12T21:09:24Z,242B527C-A696-49E4-B954-55BDB114CA56,5,restoring,phaseBegin,119.108,22637178563,226361344,24021658736,6491160576,10281484288,39034236627,5932777472,0,0,,
2026-09-12T21:09:24Z,242B527C-A696-49E4-B954-55BDB114CA56,6,restoring,observation,119.157,22637178563,226361344,24021658736,6491160576,10281484288,39034236627,5932777472,0,0,,
2026-09-12T21:09:24Z,242B527C-A696-49E4-B954-55BDB114CA56,7,restoring,phaseEnd,124.458,22792040131,71500256,24022297712,6491160576,10281484288,39034236627,5932777472,0,0,,
2026-09-12T21:09:24Z,242B527C-A696-49E4-B954-55BDB114CA56,8,restored,phaseBegin,124.553,22792040131,71500256,24022297712,6491160576,10281484288,39034236627,5932777472,0,0,153944064,
2026-09-12T21:09:24Z,242B527C-A696-49E4-B954-55BDB114CA56,9,restored,phaseEnd,132.580,22792040131,71500256,24022314096,6491160576,10281484288,39034236627,5932777472,0,0,153944064,
2026-09-12T21:09:24Z,242B527C-A696-49E4-B954-55BDB114CA56,10,prefilling,phaseBegin,132.706,22792040131,71500256,24022314096,6491160576,10281484288,39034236627,5932777472,0,0,153944064,
2026-09-12T21:09:24Z,242B527C-A696-49E4-B954-55BDB114CA56,11,prefilling,phaseEnd,132.784,22792040131,71500256,24022314096,6491160576,10281484288,39034236627,5932777472,0,0,153944064,
2026-09-12T21:09:24Z,242B527C-A696-49E4-B954-55BDB114CA56,12,dflashPreparing,phaseBegin,132.850,22792040131,71500256,24022314096,6491160576,10281484288,39034236627,5932777472,0,0,153944064,
2026-09-12T21:09:24Z,242B527C-A696-49E4-B954-55BDB114CA56,13,dflashPreparing,periodic,1044.514,23874088843,967411352,26020768880,6491160576,10281484288,39034236627,5932777472,0,0,153944064,
2026-09-12T21:09:25Z,242B527C-A696-49E4-B954-55BDB114CA56,14,dflashPreparing,phaseEnd,1356.338,22900224679,129237685,23965953136,6491144192,10281484288,39034236627,5932777472,0,0,153944064,
2026-09-12T21:09:25Z,242B527C-A696-49E4-B954-55BDB114CA56,15,prefilled,phaseBegin,1356.496,22900224679,129237685,23965953136,6491144192,10281484288,39034236627,5932777472,0,0,153944064,
2026-09-12T21:09:25Z,242B527C-A696-49E4-B954-55BDB114CA56,16,prefilled,phaseEnd,1373.417,22874731139,154731225,24207699056,6491144192,10281484288,39034236627,5932777472,0,0,153944064,
2026-09-12T21:09:25Z,242B527C-A696-49E4-B954-55BDB114CA56,17,decoding,phaseBegin,1373.521,22874731139,154731225,24207699056,6491144192,10281484288,39034236627,5932777472,0,0,153944064,
2026-09-12T21:09:25Z,242B527C-A696-49E4-B954-55BDB114CA56,18,decoding,observation,1373.659,22874370703,155091661,24207699056,6491144192,10281484288,39034236627,5932777472,0,0,153944064,
2026-09-12T21:09:25Z,242B527C-A696-49E4-B954-55BDB114CA56,19,decoding,periodic,2051.887,23327196947,384971139,24890403952,6491095040,10281484288,39034236627,5932777472,0,0,153944064,
2026-09-12T21:09:26Z,242B527C-A696-49E4-B954-55BDB114CA56,20,decoding,periodic,3061.394,23340563595,1938217715,26458123376,6491078656,10281484288,39034236627,5932777472,0,0,153944064,
2026-09-12T21:09:27Z,242B527C-A696-49E4-B954-55BDB114CA56,21,decoding,periodic,4068.866,23340563599,1938218159,26458336368,6491045888,10281484288,39034236627,5932777472,0,0,153944064,
2026-09-12T21:09:28Z,242B527C-A696-49E4-B954-55BDB114CA56,22,decoding,periodic,5070.393,23336418467,1942366363,26458336368,6491045888,10281484288,39034236627,5932777472,0,0,153944064,
2026-09-12T21:09:30Z,242B527C-A696-49E4-B954-55BDB114CA56,23,decoding,periodic,6083.017,23340563599,1938221231,26458336368,6490996736,10273095680,39034236627,5932777472,0,0,153944064,
2026-09-12T21:09:31Z,242B527C-A696-49E4-B954-55BDB114CA56,24,decoding,periodic,7091.584,23340350323,1938438555,26458336368,6490914816,10273095680,39034236627,5932777472,0,0,153944064,
2026-09-12T21:09:32Z,242B527C-A696-49E4-B954-55BDB114CA56,25,decoding,periodic,8098.655,23340350307,1938438571,26458336368,6490898432,10273095680,39034236627,5932777472,0,0,153944064,
2026-09-12T21:09:33Z,242B527C-A696-49E4-B954-55BDB114CA56,26,decoding,periodic,9106.485,23340563299,1938225579,26458123376,6490865664,10256318464,39034236627,5932777472,0,0,153944064,
2026-09-12T21:09:34Z,242B527C-A696-49E4-B954-55BDB114CA56,27,decoding,periodic,10110.117,23351901015,1928302423,26459712624,6490816512,10247929856,39034236627,5932777472,0,0,153944064,
2026-09-12T21:09:35Z,242B527C-A696-49E4-B954-55BDB114CA56,28,decoding,periodic,11148.633,23439080191,1841123247,26459483248,6490800128,10247929856,39034236627,5932777472,0,0,153944064,
2026-09-12T21:09:36Z,242B527C-A696-49E4-B954-55BDB114CA56,29,decoding,periodic,12180.031,23364778927,1933633997,26477948016,6490783744,10247929856,39034236627,5932777472,0,0,153944064,
2026-09-12T21:09:37Z,242B527C-A696-49E4-B954-55BDB114CA56,30,decoding,periodic,13215.848,23434165095,1864247829,26477997168,6490750976,10247929856,39034236627,5932777472,0,0,153944064,
2026-09-12T21:09:38Z,242B527C-A696-49E4-B954-55BDB114CA56,31,decoding,periodic,14250.574,23360865903,1980800781,26521267312,6490750976,10247929856,39034236627,5932777472,0,0,153944064,
2026-09-12T21:09:39Z,242B527C-A696-49E4-B954-55BDB114CA56,32,decoding,periodic,15250.980,23360865979,1980817089,26521250928,6490636288,10247929856,39034236627,5932777472,0,0,153944064,
2026-09-12T21:09:40Z,242B527C-A696-49E4-B954-55BDB114CA56,33,decoding,periodic,16267.081,23350672710,1991010358,26521119856,6490636288,10247929856,39034236627,5932777472,0,0,153944064,
2026-09-12T21:09:41Z,242B527C-A696-49E4-B954-55BDB114CA56,34,decoding,periodic,17283.124,23358503843,1983179225,26521119856,6490619904,10247929856,39034236627,5932777472,0,0,153944064,
2026-09-12T21:09:42Z,242B527C-A696-49E4-B954-55BDB114CA56,35,decoding,periodic,18331.908,23449647879,1892038261,26521119856,6490537984,10247929856,39034236627,5932777472,0,0,153944064,
2026-09-12T21:09:43Z,242B527C-A696-49E4-B954-55BDB114CA56,36,decoding,periodic,19359.093,23360865979,1980820161,26521119856,6490521600,10247929856,39034236627,5932777472,0,0,153944064,
2026-09-12T21:09:44Z,242B527C-A696-49E4-B954-55BDB114CA56,37,decoding,periodic,20393.619,23364778927,1976907213,26521119856,6490521600,10247929856,39034236627,5932777472,0,0,153944064,
2026-09-12T21:09:45Z,242B527C-A696-49E4-B954-55BDB114CA56,38,decoding,periodic,21394.741,23357078451,1984607689,26521119856,6490521600,10247929856,39034236627,5932777472,0,0,153944064,
2026-09-12T21:09:46Z,242B527C-A696-49E4-B954-55BDB114CA56,39,decoding,periodic,22400.597,23416306559,1946796583,26542550128,6490521600,10247929856,39034236627,5932777472,0,0,153944064,
2026-09-12T21:09:47Z,242B527C-A696-49E4-B954-55BDB114CA56,40,decoding,periodic,23448.592,23489542959,1873560183,26542550128,6490521600,10247929856,39034236627,5932777472,0,0,153944064,
2026-09-12T21:09:48Z,242B527C-A696-49E4-B954-55BDB114CA56,41,decoding,periodic,24463.603,23377639247,1985463895,26542550128,6490521600,10247929856,39034236627,5932777472,0,0,153944064,
2026-09-12T21:09:49Z,242B527C-A696-49E4-B954-55BDB114CA56,42,decoding,periodic,25464.646,23377643119,1985460023,26542550128,6490521600,10247929856,39034236627,5932777472,0,0,153944064,
2026-09-12T21:09:50Z,242B527C-A696-49E4-B954-55BDB114CA56,43,decoding,periodic,26498.329,23381556131,1981547011,26542550128,6490521600,10247929856,39034236627,5932777472,0,0,153944064,
2026-09-12T21:09:51Z,242B527C-A696-49E4-B954-55BDB114CA56,44,decoding,phaseEnd,27258.878,22842011331,2147551983,26238053488,6490521600,10247929856,39034236627,5932777472,0,0,153944064,
2026-09-12T21:09:51Z,242B527C-A696-49E4-B954-55BDB114CA56,45,generationQuiescent,phaseBegin,27258.984,22842011331,2147551983,26229255280,6490521600,10247929856,39034236627,5932777472,0,0,153944064,
2026-09-12T21:09:51Z,242B527C-A696-49E4-B954-55BDB114CA56,46,generationQuiescent,phaseEnd,27259.078,22842011331,2147551983,26224258160,6490521600,10247929856,39034236627,5932777472,0,0,153944064,
2026-09-12T21:09:51Z,242B527C-A696-49E4-B954-55BDB114CA56,47,admittingCheckpoints,phaseBegin,27259.139,22842011331,2147551983,26219539568,6490521600,10247929856,39034236627,5932777472,0,0,153944064,
2026-09-12T21:09:51Z,242B527C-A696-49E4-B954-55BDB114CA56,48,admittingCheckpoints,phaseEnd,27263.929,22842011331,2147551983,26178448496,6490521600,10247929856,39034236627,5932777472,0,0,153944064,
2026-09-12T21:09:51Z,242B527C-A696-49E4-B954-55BDB114CA56,49,storingLeaf,phaseBegin,27264.013,22842011331,2147551983,26178448496,6490521600,10247929856,39034236627,5932777472,5932777472,1,153944064,
2026-09-12T21:09:51Z,242B527C-A696-49E4-B954-55BDB114CA56,50,storingLeaf,phaseEnd,27269.249,22842011331,2147551983,26178464880,6490521600,10247929856,39034236627,5932777472,5932777472,1,153944064,
2026-09-12T21:09:51Z,242B527C-A696-49E4-B954-55BDB114CA56,51,capturingLeaf,phaseBegin,27269.323,22842011331,2147551983,26178464880,6490521600,10247929856,39034236627,5932777472,5932777472,1,153944064,
2026-09-12T21:09:51Z,242B527C-A696-49E4-B954-55BDB114CA56,52,capturingLeaf,phaseEnd,27269.547,22842011331,2147551983,26178464880,6490521600,10247929856,39034236627,5932777472,5932777472,1,153944064,
2026-09-12T21:09:51Z,242B527C-A696-49E4-B954-55BDB114CA56,53,preparingPayload,phaseBegin,27269.622,22842011331,2147551983,26178464880,6490521600,10247929856,39034236627,5932777472,5932777472,1,153944064,
2026-09-12T21:09:51Z,242B527C-A696-49E4-B954-55BDB114CA56,54,preparingPayload,phaseEnd,27272.816,23050350293,1810762533,26040577136,6490521600,10247929856,39034236627,5932777472,5932777472,1,153944064,
2026-09-12T21:09:51Z,242B527C-A696-49E4-B954-55BDB114CA56,55,admittingLeaf,phaseBegin,27272.884,23050350275,1810762551,26040577136,6490521600,10247929856,39034236627,5932777472,5932777472,1,153944064,
2026-09-12T21:09:51Z,242B527C-A696-49E4-B954-55BDB114CA56,56,admittingLeaf,observation,27273.284,22895488707,1965624119,26040577136,6490521600,10247929856,39034236627,5932777472,5932777472,1,0,
2026-09-12T21:09:51Z,242B527C-A696-49E4-B954-55BDB114CA56,57,admittingLeaf,phaseEnd,27284.975,22892261059,3227648,24253426728,6490521600,10247929856,39034236627,5932777472,5932777472,1,0,
2026-09-12T21:09:51Z,242B527C-A696-49E4-B954-55BDB114CA56,58,recordingRequest,phaseBegin,27285.069,22892261059,3227648,24253623336,6490521600,10247929856,39034236627,5932777472,5932777472,1,0,
2026-09-12T21:09:51Z,242B527C-A696-49E4-B954-55BDB114CA56,59,recordingRequest,phaseEnd,27286.453,22876008131,19480576,24256359464,6490521600,10247929856,39034236627,5932777472,5932777472,1,0,
2026-09-12T21:09:51Z,242B527C-A696-49E4-B954-55BDB114CA56,60,finishingStream,phaseBegin,27286.530,22876008131,19480576,24257145896,6490521600,10247929856,39034236627,5985992704,0,0,0,
2026-09-12T21:09:51Z,242B527C-A696-49E4-B954-55BDB114CA56,61,finishingStream,cancelSignal,27286.609,22876008131,19480576,24257145896,6490521600,10247929856,39034236627,5985992704,0,0,0,
2026-09-12T21:09:51Z,242B527C-A696-49E4-B954-55BDB114CA56,62,finishingStream,phaseEnd,27286.694,22876008131,19480576,24257145896,6490521600,10247929856,39034236627,5985992704,0,0,0,
2026-09-12T21:09:51Z,242B527C-A696-49E4-B954-55BDB114CA56,63,releasingRequest,phaseBegin,27286.772,22872780483,22708224,24257145896,6490521600,10247929856,39034236627,5985992704,0,0,0,
2026-09-12T21:09:51Z,242B527C-A696-49E4-B954-55BDB114CA56,64,releasingRequest,observation,27286.887,22872780483,22708224,24257489960,6490521600,10247929856,39034236627,5985992704,0,0,0,
2026-09-12T21:09:51Z,242B527C-A696-49E4-B954-55BDB114CA56,65,releasingRequest,phaseEnd,27286.984,22872780483,22708224,24257571880,6490521600,10247929856,39034236627,5985992704,0,0,0,completed
2026-09-12T21:09:51Z,242B527C-A696-49E4-B954-55BDB114CA56,66,finished,terminal,27287.065,22872780483,22708224,24257702952,6490521600,10247929856,39034236627,5985992704,0,0,0,completed
2026-09-12T21:09:52Z,242B527C-A696-49E4-B954-55BDB114CA56,67,settled,afterRelease,28377.399,22687149763,208338944,24304119088,6490292224,10231152640,39034236627,5985992704,0,0,0,completed
2026-09-12T21:09:53Z,793A40BE-A90E-488F-A6A0-456FE1DD69F7,1,preparing,observation,0.015,22687149763,208338944,24115801392,6490210304,10214375424,39034236627,,,,,
2026-09-12T21:09:53Z,793A40BE-A90E-488F-A6A0-456FE1DD69F7,2,preparing,observation,0.091,22687149763,208338944,24115801392,6490210304,10214375424,39034236627,,,,,
2026-09-12T21:09:53Z,793A40BE-A90E-488F-A6A0-456FE1DD69F7,3,preparing,observation,0.976,22687149763,208338944,24115801392,6490210304,10214375424,39034236627,,,,,
2026-09-12T21:09:54Z,793A40BE-A90E-488F-A6A0-456FE1DD69F7,4,preparing,phaseEnd,109.112,22687510211,209059840,24284835120,6490193920,10214375424,39034236627,,,,,
2026-09-12T21:09:54Z,793A40BE-A90E-488F-A6A0-456FE1DD69F7,5,restoring,phaseBegin,109.164,22687510211,209059840,24284835120,6490193920,10214375424,39034236627,5985992704,0,0,,
2026-09-12T21:09:54Z,793A40BE-A90E-488F-A6A0-456FE1DD69F7,6,restoring,observation,109.222,22687510211,209059840,24284835120,6490193920,10214375424,39034236627,5985992704,0,0,,
2026-09-12T21:09:54Z,793A40BE-A90E-488F-A6A0-456FE1DD69F7,7,restoring,phaseEnd,113.780,22842371779,54198752,24285474096,6490193920,10214375424,39034236627,5985992704,0,0,,
2026-09-12T21:09:54Z,793A40BE-A90E-488F-A6A0-456FE1DD69F7,8,restored,phaseBegin,113.858,22842371779,54198752,24285474096,6490193920,10214375424,39034236627,5985992704,0,0,153944064,
2026-09-12T21:09:54Z,793A40BE-A90E-488F-A6A0-456FE1DD69F7,9,restored,phaseEnd,121.412,22842371779,54198752,24285490480,6490193920,10214375424,39034236627,5985992704,0,0,153944064,
2026-09-12T21:09:54Z,793A40BE-A90E-488F-A6A0-456FE1DD69F7,10,prefilling,phaseBegin,121.516,22842371779,54198752,24285490480,6490193920,10214375424,39034236627,5985992704,0,0,153944064,
2026-09-12T21:09:54Z,793A40BE-A90E-488F-A6A0-456FE1DD69F7,11,prefilling,phaseEnd,121.601,22842371779,54198752,24285490480,6490193920,10214375424,39034236627,5985992704,0,0,153944064,
2026-09-12T21:09:54Z,793A40BE-A90E-488F-A6A0-456FE1DD69F7,12,dflashPreparing,phaseBegin,121.664,22842371779,54198752,24285490480,6490193920,10214375424,39034236627,5985992704,0,0,153944064,
2026-09-12T21:09:54Z,793A40BE-A90E-488F-A6A0-456FE1DD69F7,13,dflashPreparing,phaseEnd,873.389,22950720167,115326035,24475331888,6490112000,10214375424,39034236627,5985992704,0,0,153944064,
2026-09-12T21:09:54Z,793A40BE-A90E-488F-A6A0-456FE1DD69F7,14,prefilled,phaseBegin,873.558,22950720167,115326035,24475331888,6490112000,10214375424,39034236627,5985992704,0,0,153944064,
2026-09-12T21:09:54Z,793A40BE-A90E-488F-A6A0-456FE1DD69F7,15,prefilled,phaseEnd,883.340,22934139523,131906679,24475348272,6490112000,10214375424,39034236627,5985992704,0,0,153944064,
2026-09-12T21:09:54Z,793A40BE-A90E-488F-A6A0-456FE1DD69F7,16,decoding,phaseBegin,883.462,22934139523,131906679,24475348272,6490112000,10214375424,39034236627,5985992704,0,0,153944064,
2026-09-12T21:09:54Z,793A40BE-A90E-488F-A6A0-456FE1DD69F7,17,decoding,observation,883.583,22933779087,132267115,24475348272,6490112000,10214375424,39034236627,5985992704,0,0,153944064,
2026-09-12T21:09:54Z,793A40BE-A90E-488F-A6A0-456FE1DD69F7,18,decoding,periodic,1034.020,23203970029,234678302,24848166216,6490046464,10214375424,39034236627,5985992704,0,0,153944064,
2026-09-12T21:09:55Z,793A40BE-A90E-488F-A6A0-456FE1DD69F7,19,decoding,periodic,2035.633,24568904450,1664155876,27632512328,6489997312,10214375424,39034236627,5985992704,0,0,153944064,
2026-09-12T21:09:56Z,793A40BE-A90E-488F-A6A0-456FE1DD69F7,20,decoding,periodic,3036.454,23448648551,1894815112,26754215240,6489997312,10214375424,39034236627,5985992704,0,0,153944064,
2026-09-12T21:09:57Z,72F8F09E-23AC-4E7A-BA52-582FEDFC5392,1,preparing,observation,0.024,22703926979,163758080,24279215480,6489751552,10205986816,39034236627,,,,,
2026-09-12T21:09:57Z,72F8F09E-23AC-4E7A-BA52-582FEDFC5392,2,preparing,observation,0.104,22703926979,163758080,24279215480,6489751552,10205986816,39034236627,,,,,
2026-09-12T21:09:57Z,72F8F09E-23AC-4E7A-BA52-582FEDFC5392,3,preparing,observation,1.060,22703926979,163758080,24279215480,6489751552,10205986816,39034236627,,,,,
2026-09-12T21:09:57Z,72F8F09E-23AC-4E7A-BA52-582FEDFC5392,4,preparing,phaseEnd,107.702,22704287427,164478976,24280313208,6489686016,10205986816,39034236627,,,,,
2026-09-12T21:09:57Z,72F8F09E-23AC-4E7A-BA52-582FEDFC5392,5,restoring,phaseBegin,107.761,22704287427,164478976,24280313208,6489686016,10205986816,39034236627,5994577920,0,0,,
2026-09-12T21:09:57Z,72F8F09E-23AC-4E7A-BA52-582FEDFC5392,6,restoring,observation,107.818,22704287427,164478976,24280313208,6489686016,10205986816,39034236627,5994577920,0,0,,
2026-09-12T21:09:57Z,72F8F09E-23AC-4E7A-BA52-582FEDFC5392,7,restoring,phaseEnd,110.882,22859132611,9634272,24280313208,6489686016,10205986816,39034236627,5994577920,0,0,,
2026-09-12T21:09:57Z,72F8F09E-23AC-4E7A-BA52-582FEDFC5392,8,restored,phaseBegin,110.974,22859132611,9634272,24280313208,6489686016,10205986816,39034236627,5994577920,0,0,153944064,
2026-09-12T21:09:57Z,72F8F09E-23AC-4E7A-BA52-582FEDFC5392,9,restored,phaseEnd,115.810,22859132611,9634272,24280329592,6489686016,10205986816,39034236627,5994577920,0,0,153944064,
2026-09-12T21:09:57Z,72F8F09E-23AC-4E7A-BA52-582FEDFC5392,10,prefilling,phaseBegin,115.876,22859132611,9634272,24280329592,6489686016,10205986816,39034236627,5994577920,0,0,153944064,
2026-09-12T21:09:57Z,72F8F09E-23AC-4E7A-BA52-582FEDFC5392,11,prefilling,phaseEnd,115.952,22859132611,9634272,24280329592,6489686016,10205986816,39034236627,5994577920,0,0,153944064,
2026-09-12T21:09:57Z,72F8F09E-23AC-4E7A-BA52-582FEDFC5392,12,dflashPreparing,phaseBegin,116.012,22859132611,9634272,24280329592,6489686016,10205986816,39034236627,5994577920,0,0,153944064,
2026-09-12T21:09:57Z,793A40BE-A90E-488F-A6A0-456FE1DD69F7,21,decoding,phaseEnd,3100.992,22858788547,2148589112,26472541512,6489997312,10214375424,39034236627,5985992704,0,0,153944064,
2026-09-12T21:09:57Z,793A40BE-A90E-488F-A6A0-456FE1DD69F7,22,generationQuiescent,phaseBegin,3101.097,22858788547,2148589112,26472541512,6489997312,10214375424,39034236627,5985992704,0,0,153944064,
2026-09-12T21:09:57Z,793A40BE-A90E-488F-A6A0-456FE1DD69F7,23,generationQuiescent,phaseEnd,3101.184,22858788547,2148589112,26472541512,6489997312,10214375424,39034236627,5985992704,0,0,153944064,
2026-09-12T21:09:57Z,793A40BE-A90E-488F-A6A0-456FE1DD69F7,24,admittingCheckpoints,phaseBegin,3101.245,22858788547,2148589112,26472541512,6489997312,10214375424,39034236627,5985992704,0,0,153944064,
2026-09-12T21:09:57Z,793A40BE-A90E-488F-A6A0-456FE1DD69F7,25,admittingCheckpoints,phaseEnd,3109.541,22858788547,2148589112,26472557896,6489997312,10214375424,39034236627,5985992704,0,0,153944064,
2026-09-12T21:09:57Z,793A40BE-A90E-488F-A6A0-456FE1DD69F7,26,storingLeaf,phaseBegin,3109.631,22858788547,2148589112,26472557896,6489997312,10214375424,39034236627,5985992704,5985992704,1,153944064,
2026-09-12T21:09:57Z,793A40BE-A90E-488F-A6A0-456FE1DD69F7,27,storingLeaf,phaseEnd,3112.536,22858788547,2148589112,26472557896,6489997312,10214375424,39034236627,5985992704,5985992704,1,153944064,
2026-09-12T21:09:57Z,793A40BE-A90E-488F-A6A0-456FE1DD69F7,28,capturingLeaf,phaseBegin,3112.609,22858788547,2148589112,26472557896,6489997312,10214375424,39034236627,5985992704,5985992704,1,153944064,
2026-09-12T21:09:57Z,793A40BE-A90E-488F-A6A0-456FE1DD69F7,29,capturingLeaf,phaseEnd,3112.857,22858788547,2148589112,26472557896,6489997312,10214375424,39034236627,5985992704,5985992704,1,153944064,
2026-09-12T21:09:57Z,793A40BE-A90E-488F-A6A0-456FE1DD69F7,30,preparingPayload,phaseBegin,3112.932,22858788547,2148589112,26472557896,6489997312,10214375424,39034236627,5985992704,5985992704,1,153944064,
2026-09-12T21:09:57Z,793A40BE-A90E-488F-A6A0-456FE1DD69F7,31,preparingPayload,phaseEnd,3114.976,23022546645,1802378892,26472557896,6489997312,10214375424,39034236627,5985992704,5985992704,1,153944064,
2026-09-12T21:09:57Z,793A40BE-A90E-488F-A6A0-456FE1DD69F7,32,admittingLeaf,phaseBegin,3115.043,23022546627,1802378910,26472557896,6489997312,10214375424,39034236627,5985992704,5985992704,1,153944064,
2026-09-12T21:09:57Z,793A40BE-A90E-488F-A6A0-456FE1DD69F7,33,admittingLeaf,observation,3115.432,22867685059,1957240478,26472557896,6489997312,10214375424,39034236627,5985992704,5985992704,1,0,
2026-09-12T21:09:57Z,793A40BE-A90E-488F-A6A0-456FE1DD69F7,34,admittingLeaf,phaseEnd,3129.802,22864457411,3227648,25956920528,6489997312,10214375424,39034236627,5985992704,5985992704,1,0,
2026-09-12T21:09:57Z,793A40BE-A90E-488F-A6A0-456FE1DD69F7,35,recordingRequest,phaseBegin,3129.883,22864457411,3227648,25950629072,6489997312,10214375424,39034236627,5985992704,5985992704,1,0,
2026-09-12T21:09:57Z,793A40BE-A90E-488F-A6A0-456FE1DD69F7,36,recordingRequest,phaseEnd,3131.257,22847205059,20480000,25742519528,6489997312,10214375424,39034236627,5985992704,5985992704,1,0,
2026-09-12T21:09:57Z,793A40BE-A90E-488F-A6A0-456FE1DD69F7,37,finishingStream,phaseBegin,3131.335,22847205059,20480000,25742519528,6489997312,10214375424,39034236627,5994577920,0,0,0,
2026-09-12T21:09:57Z,793A40BE-A90E-488F-A6A0-456FE1DD69F7,38,finishingStream,cancelSignal,3131.419,22847205059,20480000,25742519528,6489997312,10214375424,39034236627,5994577920,0,0,0,
2026-09-12T21:09:57Z,793A40BE-A90E-488F-A6A0-456FE1DD69F7,39,finishingStream,phaseEnd,3131.502,22843977411,23707648,25742519528,6489997312,10214375424,39034236627,5994577920,0,0,0,
2026-09-12T21:09:57Z,793A40BE-A90E-488F-A6A0-456FE1DD69F7,40,releasingRequest,phaseBegin,3131.574,22843977411,23707648,25742519528,6489997312,10214375424,39034236627,5994577920,0,0,0,
2026-09-12T21:09:57Z,793A40BE-A90E-488F-A6A0-456FE1DD69F7,41,releasingRequest,observation,3131.701,22843977411,23707648,25742519528,6489997312,10214375424,39034236627,5994577920,0,0,0,
2026-09-12T21:09:57Z,793A40BE-A90E-488F-A6A0-456FE1DD69F7,42,releasingRequest,phaseEnd,3131.800,22843977411,23707648,25742519528,6489997312,10214375424,39034236627,5994577920,0,0,0,completed
2026-09-12T21:09:57Z,793A40BE-A90E-488F-A6A0-456FE1DD69F7,43,finished,terminal,3131.883,22840749763,26935296,25742519528,6489997312,10214375424,39034236627,5994577920,0,0,0,completed
2026-09-12T21:09:58Z,72F8F09E-23AC-4E7A-BA52-582FEDFC5392,13,dflashPreparing,phaseEnd,859.486,22967480999,115326035,24493485432,6489686016,10205986816,39034236627,5994577920,0,0,153944064,
2026-09-12T21:09:58Z,72F8F09E-23AC-4E7A-BA52-582FEDFC5392,14,prefilled,phaseBegin,859.569,22967480999,115326035,24493485432,6489686016,10205986816,39034236627,5994577920,0,0,153944064,
2026-09-12T21:09:58Z,72F8F09E-23AC-4E7A-BA52-582FEDFC5392,15,prefilled,phaseEnd,864.837,22957453975,125353059,24493485432,6489686016,10205986816,39034236627,5994577920,0,0,153944064,
2026-09-12T21:09:58Z,72F8F09E-23AC-4E7A-BA52-582FEDFC5392,16,decoding,phaseBegin,864.924,22957453975,125353059,24493485432,6489686016,10205986816,39034236627,5994577920,0,0,153944064,
2026-09-12T21:09:58Z,72F8F09E-23AC-4E7A-BA52-582FEDFC5392,17,decoding,observation,865.047,22957093535,125713499,24493485432,6489686016,10205986816,39034236627,5994577920,0,0,153944064,
2026-09-12T21:09:58Z,72F8F09E-23AC-4E7A-BA52-582FEDFC5392,18,decoding,periodic,1011.781,23220730861,234678302,24865713528,6489587712,10205986816,39034236627,5994577920,0,0,153944064,
2026-09-12T21:09:58Z,793A40BE-A90E-488F-A6A0-456FE1DD69F7,44,settled,afterRelease,4232.068,22969201447,107510739,24487390584,6489686016,10205986816,39034236627,5994577920,0,0,0,completed
2026-09-12T21:09:59Z,72F8F09E-23AC-4E7A-BA52-582FEDFC5392,19,decoding,periodic,2022.673,23391058836,374449674,25175846264,6489554944,10205986816,39034236627,5994577920,0,0,153944064,
2026-09-12T21:10:00Z,72F8F09E-23AC-4E7A-BA52-582FEDFC5392,20,decoding,periodic,3024.239,23379442566,386077660,25176010104,6489538560,10205986816,39034236627,5994577920,0,0,153944064,
2026-09-12T21:10:01Z,72F8F09E-23AC-4E7A-BA52-582FEDFC5392,21,decoding,periodic,4038.373,23391058810,374461416,25175846264,6489538560,10205986816,39034236627,5994577920,0,0,153944064,
2026-09-12T21:10:02Z,72F8F09E-23AC-4E7A-BA52-582FEDFC5392,22,decoding,periodic,5044.689,23384505213,381015013,25175846264,6489538560,10205986816,39034236627,5994577920,0,0,153944064,
2026-09-12T21:10:03Z,72F8F09E-23AC-4E7A-BA52-582FEDFC5392,23,decoding,periodic,6046.002,23379229574,386307036,25176075640,6489538560,10205986816,39034236627,5994577920,0,0,153944064,
2026-09-12T21:10:04Z,72F8F09E-23AC-4E7A-BA52-582FEDFC5392,24,decoding,periodic,7059.753,23386880924,378656134,25175993720,6489522176,10205986816,39034236627,5994577920,0,0,153944064,
2026-09-12T21:10:05Z,72F8F09E-23AC-4E7A-BA52-582FEDFC5392,25,decoding,periodic,8107.534,23531076367,1833875637,26776350072,6489489408,10205986816,39034236627,5994577920,0,0,153944064,
2026-09-12T21:10:06Z,72F8F09E-23AC-4E7A-BA52-582FEDFC5392,26,decoding,periodic,9126.690,23411328717,1953646155,26776530296,6489489408,10205986816,39034236627,5994577920,0,0,153944064,
2026-09-12T21:10:07Z,72F8F09E-23AC-4E7A-BA52-582FEDFC5392,27,decoding,periodic,10135.944,23371593503,1993408689,26776612216,6489489408,10205986816,39034236627,5994577920,0,0,153944064,
2026-09-12T21:10:08Z,72F8F09E-23AC-4E7A-BA52-582FEDFC5392,28,decoding,periodic,11136.147,23546575657,1819853487,26777955704,6489489408,10205986816,39034236627,5994577920,0,0,153944064,
2026-09-12T21:10:09Z,72F8F09E-23AC-4E7A-BA52-582FEDFC5392,29,decoding,periodic,12138.704,23403378463,1955104449,26778070392,6489489408,10205986816,39034236627,5994577920,0,0,153944064,
2026-09-12T21:10:10Z,72F8F09E-23AC-4E7A-BA52-582FEDFC5392,30,decoding,periodic,13173.157,23415274394,1951154758,26778021240,6489489408,10205986816,39034236627,5994577920,0,0,153944064,
2026-09-12T21:10:11Z,72F8F09E-23AC-4E7A-BA52-582FEDFC5392,31,decoding,periodic,14184.758,23436835714,1929593438,26778021240,6489489408,10197598208,39034236627,5994577920,0,0,153944064,
2026-09-12T21:10:12Z,72F8F09E-23AC-4E7A-BA52-582FEDFC5392,32,decoding,periodic,15186.701,24439798566,1858011380,27632889208,6489489408,10197598208,39034236627,5994577920,0,0,153944064,
2026-09-12T21:10:13Z,72F8F09E-23AC-4E7A-BA52-582FEDFC5392,33,decoding,periodic,16195.070,23516904262,1910894709,26839346552,6489489408,10197598208,39034236627,5994577920,0,0,153944064,
2026-09-12T21:10:14Z,72F8F09E-23AC-4E7A-BA52-582FEDFC5392,34,decoding,periodic,17225.473,23428122286,1999676685,26839346552,6489489408,10197598208,39034236627,5994577920,0,0,153944064,
2026-09-12T21:10:15Z,72F8F09E-23AC-4E7A-BA52-582FEDFC5392,35,decoding,periodic,18259.904,23424580518,2003224597,26839346552,6489489408,10197598208,39034236627,5994577920,0,0,153944064,
2026-09-12T21:10:16Z,72F8F09E-23AC-4E7A-BA52-582FEDFC5392,36,decoding,periodic,19294.256,23493720926,1934084189,26839346552,6489489408,10197598208,39034236627,5994577920,0,0,153944064,
2026-09-12T21:10:17Z,72F8F09E-23AC-4E7A-BA52-582FEDFC5392,37,decoding,phaseEnd,20243.055,22892326595,2150191364,26537831800,6489489408,10197598208,39034236627,5994577920,0,0,153944064,
2026-09-12T21:10:17Z,72F8F09E-23AC-4E7A-BA52-582FEDFC5392,38,generationQuiescent,phaseBegin,20243.166,22892326595,2150191364,26531540344,6489489408,10197598208,39034236627,5994577920,0,0,153944064,
2026-09-12T21:10:17Z,72F8F09E-23AC-4E7A-BA52-582FEDFC5392,39,generationQuiescent,phaseEnd,20243.255,22892326595,2150191364,26530508152,6489489408,10197598208,39034236627,5994577920,0,0,153944064,
2026-09-12T21:10:17Z,72F8F09E-23AC-4E7A-BA52-582FEDFC5392,40,admittingCheckpoints,phaseBegin,20243.309,22892326595,2150191364,26530016632,6489489408,10197598208,39034236627,5994577920,0,0,153944064,
2026-09-12T21:10:17Z,72F8F09E-23AC-4E7A-BA52-582FEDFC5392,41,admittingCheckpoints,phaseEnd,20248.182,22892326595,2150191364,26508569976,6489489408,10197598208,39034236627,5994577920,0,0,153944064,
2026-09-12T21:10:17Z,72F8F09E-23AC-4E7A-BA52-582FEDFC5392,42,storingLeaf,phaseBegin,20248.265,22892326595,2150191364,26508569976,6489489408,10197598208,39034236627,5994577920,5994577920,1,153944064,
2026-09-12T21:10:17Z,72F8F09E-23AC-4E7A-BA52-582FEDFC5392,43,storingLeaf,phaseEnd,20253.199,22892326595,2150191364,26508569976,6489489408,10197598208,39034236627,5994577920,5994577920,1,153944064,
2026-09-12T21:10:17Z,72F8F09E-23AC-4E7A-BA52-582FEDFC5392,44,capturingLeaf,phaseBegin,20253.291,22892326595,2150191364,26508569976,6489489408,10197598208,39034236627,5994577920,5994577920,1,153944064,
2026-09-12T21:10:17Z,72F8F09E-23AC-4E7A-BA52-582FEDFC5392,45,capturingLeaf,phaseEnd,20253.550,22892326595,2150191364,26508569976,6489489408,10197598208,39034236627,5994577920,5994577920,1,153944064,
2026-09-12T21:10:17Z,72F8F09E-23AC-4E7A-BA52-582FEDFC5392,46,preparingPayload,phaseBegin,20253.636,22892326595,2150191364,26508569976,6489489408,10197598208,39034236627,5994577920,5994577920,1,153944064,
2026-09-12T21:10:17Z,72F8F09E-23AC-4E7A-BA52-582FEDFC5392,47,preparingPayload,phaseEnd,20256.637,23089131221,1811829056,26312502648,6489489408,10197598208,39034236627,5994577920,5994577920,1,153944064,
2026-09-12T21:10:17Z,72F8F09E-23AC-4E7A-BA52-582FEDFC5392,48,admittingLeaf,phaseBegin,20256.712,23089131203,1811829074,26312502648,6489489408,10197598208,39034236627,5994577920,5994577920,1,153944064,
2026-09-12T21:10:17Z,72F8F09E-23AC-4E7A-BA52-582FEDFC5392,49,admittingLeaf,observation,20257.103,22934286019,1966674258,26312502648,6489489408,10197598208,39034236627,5994577920,5994577920,1,0,
2026-09-12T21:10:17Z,72F8F09E-23AC-4E7A-BA52-582FEDFC5392,50,admittingLeaf,phaseEnd,20268.096,22931058371,3227648,24403651768,6489489408,10197598208,39034236627,5994577920,5994577920,1,0,
2026-09-12T21:10:17Z,72F8F09E-23AC-4E7A-BA52-582FEDFC5392,51,recordingRequest,phaseBegin,20268.187,22931058371,3227648,24403651768,6489489408,10197598208,39034236627,5994577920,5994577920,1,0,
2026-09-12T21:10:17Z,72F8F09E-23AC-4E7A-BA52-582FEDFC5392,52,recordingRequest,phaseEnd,20269.573,22915526339,18759680,24403651768,6489489408,10197598208,39034236627,5994577920,5994577920,1,0,
2026-09-12T21:10:17Z,72F8F09E-23AC-4E7A-BA52-582FEDFC5392,53,finishingStream,phaseBegin,20269.664,22912298691,21987328,24403651768,6489489408,10197598208,39034236627,6036193280,0,0,0,
2026-09-12T21:10:17Z,72F8F09E-23AC-4E7A-BA52-582FEDFC5392,54,finishingStream,cancelSignal,20269.748,22912298691,21987328,24403651768,6489489408,10197598208,39034236627,6036193280,0,0,0,
2026-09-12T21:10:17Z,72F8F09E-23AC-4E7A-BA52-582FEDFC5392,55,finishingStream,phaseEnd,20269.833,22912298691,21987328,24403651768,6489489408,10197598208,39034236627,6036193280,0,0,0,
2026-09-12T21:10:17Z,72F8F09E-23AC-4E7A-BA52-582FEDFC5392,56,releasingRequest,phaseBegin,20269.914,22912298691,21987328,24403651768,6489489408,10197598208,39034236627,6036193280,0,0,0,
2026-09-12T21:10:17Z,72F8F09E-23AC-4E7A-BA52-582FEDFC5392,57,releasingRequest,observation,20270.041,22909677251,24608768,24403651768,6489489408,10197598208,39034236627,6036193280,0,0,0,
2026-09-12T21:10:17Z,72F8F09E-23AC-4E7A-BA52-582FEDFC5392,58,releasingRequest,phaseEnd,20270.146,22909677251,24608768,24403651768,6489489408,10197598208,39034236627,6036193280,0,0,0,completed
2026-09-12T21:10:17Z,72F8F09E-23AC-4E7A-BA52-582FEDFC5392,59,finished,terminal,20270.236,22906449603,27836416,24403651768,6489489408,10197598208,39034236627,6036193280,0,0,0,completed
2026-09-12T21:10:18Z,72F8F09E-23AC-4E7A-BA52-582FEDFC5392,60,settled,afterRelease,21359.934,22737481411,196804608,24361643288,6489276416,10197598208,39034236627,6036193280,0,0,0,completed
2026-09-12T21:10:20Z,262DD456-11EF-40FA-B633-5008DD7DA0D7,1,preparing,observation,0.028,22737481411,196804608,24173325592,6489194496,10197598208,39034236627,,,,,
2026-09-12T21:10:20Z,262DD456-11EF-40FA-B633-5008DD7DA0D7,2,preparing,observation,0.119,22737481411,196804608,24173325592,6489194496,10197598208,39034236627,,,,,
2026-09-12T21:10:20Z,262DD456-11EF-40FA-B633-5008DD7DA0D7,3,preparing,observation,1.159,22737481411,196804608,24173325592,6489194496,10197598208,39034236627,,,,,
2026-09-12T21:10:20Z,262DD456-11EF-40FA-B633-5008DD7DA0D7,4,preparing,phaseEnd,115.317,22737841859,197525504,24342359320,6489178112,10197598208,39034236627,,,,,
2026-09-12T21:10:20Z,262DD456-11EF-40FA-B633-5008DD7DA0D7,5,restoring,phaseBegin,115.371,22737841859,197525504,24342359320,6489178112,10197598208,39034236627,6036193280,0,0,,
2026-09-12T21:10:20Z,262DD456-11EF-40FA-B633-5008DD7DA0D7,6,restoring,observation,115.424,22737841859,197525504,24342359320,6489178112,10197598208,39034236627,6036193280,0,0,,
2026-09-12T21:10:20Z,262DD456-11EF-40FA-B633-5008DD7DA0D7,7,restoring,phaseEnd,119.609,22892703427,42664416,24342998296,6489178112,10197598208,39034236627,6036193280,0,0,,
2026-09-12T21:10:20Z,262DD456-11EF-40FA-B633-5008DD7DA0D7,8,restored,phaseBegin,119.686,22892703427,42664416,24342998296,6489178112,10197598208,39034236627,6036193280,0,0,153944064,
2026-09-12T21:10:20Z,262DD456-11EF-40FA-B633-5008DD7DA0D7,9,restored,phaseEnd,127.456,22892703427,42664416,24343014680,6489178112,10197598208,39034236627,6036193280,0,0,153944064,
2026-09-12T21:10:20Z,262DD456-11EF-40FA-B633-5008DD7DA0D7,10,prefilling,phaseBegin,127.526,22892703427,42664416,24343014680,6489178112,10197598208,39034236627,6036193280,0,0,153944064,
2026-09-12T21:10:20Z,262DD456-11EF-40FA-B633-5008DD7DA0D7,11,prefilling,phaseEnd,127.600,22892703427,42664416,24343014680,6489178112,10197598208,39034236627,6036193280,0,0,153944064,
2026-09-12T21:10:20Z,262DD456-11EF-40FA-B633-5008DD7DA0D7,12,dflashPreparing,phaseBegin,127.660,22892703427,42664416,24343014680,6489178112,10197598208,39034236627,6036193280,0,0,153944064,
2026-09-12T21:10:21Z,262DD456-11EF-40FA-B633-5008DD7DA0D7,13,dflashPreparing,periodic,1005.768,24837419351,1657192808,27733847320,6489161728,10197598208,39034236627,6036193280,0,0,153944064,
2026-09-12T21:10:22Z,262DD456-11EF-40FA-B633-5008DD7DA0D7,14,dflashPreparing,phaseEnd,1950.546,23011373779,149963885,24351599896,6489161728,10197598208,39034236627,6036193280,0,0,153944064,
2026-09-12T21:10:22Z,262DD456-11EF-40FA-B633-5008DD7DA0D7,15,prefilled,phaseBegin,1950.706,23011373779,149963885,24351599896,6489161728,10197598208,39034236627,6036193280,0,0,153944064,
2026-09-12T21:10:22Z,262DD456-11EF-40FA-B633-5008DD7DA0D7,16,prefilled,phaseEnd,1969.615,22985880239,175457425,24594033944,6489161728,10197598208,39034236627,6036193280,0,0,153944064,
2026-09-12T21:10:22Z,262DD456-11EF-40FA-B633-5008DD7DA0D7,17,decoding,phaseBegin,1969.718,22985880239,175457425,24594033944,6489161728,10197598208,39034236627,6036193280,0,0,153944064,
2026-09-12T21:10:22Z,262DD456-11EF-40FA-B633-5008DD7DA0D7,18,decoding,observation,1969.861,22985519803,175817861,24594050328,6489161728,10197598208,39034236627,6036193280,0,0,153944064,
2026-09-12T21:10:22Z,262DD456-11EF-40FA-B633-5008DD7DA0D7,19,decoding,periodic,2006.459,23078779183,273032631,24784530712,6489161728,10197598208,39034236627,6036193280,0,0,153944064,
2026-09-12T21:10:23Z,262DD456-11EF-40FA-B633-5008DD7DA0D7,20,decoding,periodic,3016.517,23434738899,409289459,25276378392,6488997888,10197598208,39034236627,6036193280,0,0,153944064,
2026-09-12T21:10:24Z,262DD456-11EF-40FA-B633-5008DD7DA0D7,21,decoding,periodic,4026.215,23434952147,409076659,25276411160,6488997888,10197598208,39034236627,6036193280,0,0,153944064,
2026-09-12T21:10:25Z,262DD456-11EF-40FA-B633-5008DD7DA0D7,22,decoding,periodic,5039.591,23510399839,1899028031,26842492184,6488981504,10197598208,39034236627,6036193280,0,0,153944064,
2026-09-12T21:10:26Z,262DD456-11EF-40FA-B633-5008DD7DA0D7,23,decoding,periodic,6088.190,23444735663,1964696771,26842803480,6488915968,10189209600,39034236627,6036193280,0,0,153944064,
2026-09-12T21:10:27Z,262DD456-11EF-40FA-B633-5008DD7DA0D7,24,decoding,periodic,7095.678,23444735663,1964729667,26842574104,6488834048,10180820992,39034236627,6036193280,0,0,153944064,
2026-09-12T21:10:28Z,262DD456-11EF-40FA-B633-5008DD7DA0D7,25,decoding,periodic,8106.667,23465474975,2053523189,26952330520,6488784896,10180820992,39034236627,6036193280,0,0,153944064,
2026-09-12T21:10:29Z,262DD456-11EF-40FA-B633-5008DD7DA0D7,26,decoding,periodic,9123.082,23453842423,1975610101,26862791960,6488719360,10180820992,39034236627,6036193280,0,0,153944064,
2026-09-12T21:10:30Z,262DD456-11EF-40FA-B633-5008DD7DA0D7,27,decoding,periodic,10124.564,23461558163,1969305033,26864037144,6488719360,10180820992,39034236627,6036193280,0,0,153944064,
2026-09-12T21:10:31Z,262DD456-11EF-40FA-B633-5008DD7DA0D7,28,decoding,periodic,11128.266,23561894711,1868972429,26864233752,6488653824,10180820992,39034236627,6036193280,0,0,153944064,
2026-09-12T21:10:32Z,262DD456-11EF-40FA-B633-5008DD7DA0D7,29,decoding,periodic,12156.963,23585110891,1845756253,26864282904,6488621056,10180820992,39034236627,6036193280,0,0,153944064,
2026-09-12T21:10:33Z,262DD456-11EF-40FA-B633-5008DD7DA0D7,30,decoding,periodic,13173.761,23461562031,1969305113,26864282904,6488588288,10180820992,39034236627,6036193280,0,0,153944064,
2026-09-12T21:10:34Z,262DD456-11EF-40FA-B633-5008DD7DA0D7,31,decoding,periodic,14181.774,23461562111,2012591561,26907454744,6488588288,10180820992,39034236627,6036193280,0,0,153944064,
2026-09-12T21:10:35Z,262DD456-11EF-40FA-B633-5008DD7DA0D7,32,decoding,periodic,15191.556,23461562047,2012591625,26907405592,6488588288,10180820992,39034236627,6036193280,0,0,153944064,
2026-09-12T21:10:36Z,262DD456-11EF-40FA-B633-5008DD7DA0D7,33,decoding,periodic,16194.432,23580326763,1893826909,26907405592,6488555520,10180820992,39034236627,6036193280,0,0,153944064,
2026-09-12T21:10:37Z,262DD456-11EF-40FA-B633-5008DD7DA0D7,34,decoding,periodic,17206.903,23595547479,1878606193,26907405592,6488539136,10180820992,39034236627,6036193280,0,0,153944064,
2026-09-12T21:10:38Z,262DD456-11EF-40FA-B633-5008DD7DA0D7,35,decoding,periodic,18215.437,23591205739,1882947933,26907405592,6488506368,10172432384,39034236627,6036193280,0,0,153944064,
2026-09-12T21:10:39Z,262DD456-11EF-40FA-B633-5008DD7DA0D7,36,decoding,periodic,19219.108,23448814199,2043313607,26925395224,6488506368,10172432384,39034236627,6036193280,0,0,153944064,
2026-09-12T21:10:40Z,262DD456-11EF-40FA-B633-5008DD7DA0D7,37,decoding,periodic,20229.430,23468171580,2023956226,26925395224,6488489984,10172432384,39034236627,6036193280,0,0,153944064,
2026-09-12T21:10:41Z,262DD456-11EF-40FA-B633-5008DD7DA0D7,38,decoding,periodic,21236.849,23613586259,1878541547,26925395224,6488473600,10164043776,39034236627,6036193280,0,0,153944064,
2026-09-12T21:10:42Z,262DD456-11EF-40FA-B633-5008DD7DA0D7,39,decoding,periodic,22268.960,23478322863,2013808015,26925395224,6488457216,10164043776,39034236627,6036193280,0,0,153944064,
2026-09-12T21:10:43Z,262DD456-11EF-40FA-B633-5008DD7DA0D7,40,decoding,periodic,23295.337,23607442279,1884688599,26925395224,6488424448,10164043776,39034236627,6036193280,0,0,153944064,
2026-09-12T21:10:44Z,262DD456-11EF-40FA-B633-5008DD7DA0D7,41,decoding,periodic,24315.573,23478322927,2013807951,26925395224,6488342528,10164043776,39034236627,6036193280,0,0,153944064,
2026-09-12T21:10:45Z,262DD456-11EF-40FA-B633-5008DD7DA0D7,42,decoding,periodic,25351.328,23613586259,1878544619,26925395224,6488342528,10164043776,39034236627,6036193280,0,0,153944064,
2026-09-12T21:10:46Z,262DD456-11EF-40FA-B633-5008DD7DA0D7,43,decoding,periodic,26370.536,23601904479,1890226399,26925395224,6488244224,10164043776,39034236627,6036193280,0,0,153944064,
2026-09-12T21:10:47Z,262DD456-11EF-40FA-B633-5008DD7DA0D7,44,decoding,periodic,27378.644,23578688375,1913442503,26925247768,6488211456,10164043776,39034236627,6036193280,0,0,153944064,
2026-09-12T21:10:48Z,262DD456-11EF-40FA-B633-5008DD7DA0D7,45,decoding,periodic,28395.324,23580097391,1933631553,26946858264,6488211456,10164043776,39034236627,6036193280,0,0,153944064,
2026-09-12T21:10:49Z,262DD456-11EF-40FA-B633-5008DD7DA0D7,46,decoding,periodic,29402.993,23526013827,1987721437,26946858264,6488211456,10164043776,39034236627,6036193280,0,0,153944064,
2026-09-12T21:10:50Z,262DD456-11EF-40FA-B633-5008DD7DA0D7,47,decoding,periodic,30411.972,23529426354,1984308910,26946956568,6488145920,10164043776,39034236627,6036193280,0,0,153944064,
2026-09-12T21:10:51Z,262DD456-11EF-40FA-B633-5008DD7DA0D7,48,decoding,periodic,31418.343,23613307691,1900427573,26947005720,6488096768,10164043776,39034236627,6036193280,0,0,153944064,
2026-09-12T21:10:52Z,262DD456-11EF-40FA-B633-5008DD7DA0D7,49,decoding,periodic,32451.149,23630445331,1820561901,26884271384,6488096768,10164043776,39034236627,6036193280,0,0,153944064,
2026-09-12T21:10:53Z,262DD456-11EF-40FA-B633-5008DD7DA0D7,50,decoding,periodic,33470.374,23549164407,1922844245,26905259288,6487605248,10164043776,39034236627,6036193280,0,0,153944064,
2026-09-12T21:10:54Z,262DD456-11EF-40FA-B633-5008DD7DA0D7,51,decoding,periodic,34477.745,23491328935,1980679717,26905357592,6487572480,10164043776,39034236627,6036193280,0,0,153944064,
2026-09-12T21:10:55Z,262DD456-11EF-40FA-B633-5008DD7DA0D7,52,decoding,phaseEnd,35260.237,22959451843,2150125269,26597600536,6487572480,10155655168,39034236627,6036193280,0,0,153944064,
2026-09-12T21:10:55Z,262DD456-11EF-40FA-B633-5008DD7DA0D7,53,generationQuiescent,phaseBegin,35260.360,22959451843,2150125269,26597600536,6487572480,10155655168,39034236627,6036193280,0,0,153944064,
2026-09-12T21:10:55Z,262DD456-11EF-40FA-B633-5008DD7DA0D7,54,generationQuiescent,phaseEnd,35260.468,22959451843,2150125269,26597600536,6487572480,10155655168,39034236627,6036193280,0,0,153944064,
2026-09-12T21:10:55Z,262DD456-11EF-40FA-B633-5008DD7DA0D7,55,admittingCheckpoints,phaseBegin,35260.525,22959451843,2150125269,26597600536,6487572480,10155655168,39034236627,6036193280,0,0,153944064,
2026-09-12T21:10:55Z,262DD456-11EF-40FA-B633-5008DD7DA0D7,56,admittingCheckpoints,phaseEnd,35269.595,22959451843,2150125269,26597600536,6487572480,10155655168,39034236627,6036193280,0,0,153944064,
2026-09-12T21:10:55Z,262DD456-11EF-40FA-B633-5008DD7DA0D7,57,storingLeaf,phaseBegin,35269.744,22959451843,2150125269,26597600536,6487572480,10155655168,39034236627,6036193280,6036193280,1,153944064,
2026-09-12T21:10:55Z,262DD456-11EF-40FA-B633-5008DD7DA0D7,58,storingLeaf,phaseEnd,35275.970,22959451843,2150125269,26597600536,6487572480,10155655168,39034236627,6036193280,6036193280,1,153944064,
2026-09-12T21:10:55Z,262DD456-11EF-40FA-B633-5008DD7DA0D7,59,capturingLeaf,phaseBegin,35276.046,22959451843,2150125269,26597600536,6487572480,10155655168,39034236627,6036193280,6036193280,1,153944064,
2026-09-12T21:10:55Z,262DD456-11EF-40FA-B633-5008DD7DA0D7,60,capturingLeaf,phaseEnd,35276.295,22959451843,2150125269,26597600536,6487572480,10155655168,39034236627,6036193280,6036193280,1,153944064,
2026-09-12T21:10:55Z,262DD456-11EF-40FA-B633-5008DD7DA0D7,61,preparingPayload,phaseBegin,35276.370,22959451843,2150125269,26597600536,6487572480,10155655168,39034236627,6036193280,6036193280,1,153944064,
2026-09-12T21:10:55Z,262DD456-11EF-40FA-B633-5008DD7DA0D7,62,preparingPayload,phaseEnd,35280.106,23181422293,1809665793,26424339736,6487572480,10155655168,39034236627,6036193280,6036193280,1,153944064,
2026-09-12T21:10:55Z,262DD456-11EF-40FA-B633-5008DD7DA0D7,63,admittingLeaf,phaseBegin,35280.212,23181422275,1809665811,26424339736,6487572480,10155655168,39034236627,6036193280,6036193280,1,153944064,
2026-09-12T21:10:55Z,262DD456-11EF-40FA-B633-5008DD7DA0D7,64,admittingLeaf,observation,35280.610,23026560707,1964527379,26424339736,6487572480,10155655168,39034236627,6036193280,6036193280,1,0,
2026-09-12T21:10:55Z,262DD456-11EF-40FA-B633-5008DD7DA0D7,65,admittingLeaf,phaseEnd,35293.166,23023333059,3227648,24509803704,6487572480,10155655168,39034236627,6036193280,6036193280,1,0,
2026-09-12T21:10:55Z,262DD456-11EF-40FA-B633-5008DD7DA0D7,66,recordingRequest,phaseBegin,35293.261,23023333059,3227648,24509803704,6487572480,10155655168,39034236627,6036193280,6036193280,1,0,
2026-09-12T21:10:55Z,262DD456-11EF-40FA-B633-5008DD7DA0D7,67,recordingRequest,phaseEnd,35294.751,23009455811,17104896,24510917864,6487572480,10155655168,39034236627,6036193280,6036193280,1,0,
2026-09-12T21:10:55Z,262DD456-11EF-40FA-B633-5008DD7DA0D7,68,finishingStream,phaseBegin,35294.834,23006228163,20332544,24510917864,6487572480,10155655168,39034236627,6102974464,0,0,0,
2026-09-12T21:10:55Z,262DD456-11EF-40FA-B633-5008DD7DA0D7,69,finishingStream,cancelSignal,35294.915,23006228163,20332544,24510917864,6487572480,10155655168,39034236627,6102974464,0,0,0,
2026-09-12T21:10:55Z,262DD456-11EF-40FA-B633-5008DD7DA0D7,70,finishingStream,phaseEnd,35294.995,23006228163,20332544,24510917864,6487572480,10155655168,39034236627,6102974464,0,0,0,
2026-09-12T21:10:55Z,262DD456-11EF-40FA-B633-5008DD7DA0D7,71,releasingRequest,phaseBegin,35295.087,23003000515,23560192,24510999784,6487572480,10155655168,39034236627,6102974464,0,0,0,
2026-09-12T21:10:55Z,262DD456-11EF-40FA-B633-5008DD7DA0D7,72,releasingRequest,observation,35295.246,23003000515,23560192,24511458536,6487572480,10155655168,39034236627,6102974464,0,0,0,
2026-09-12T21:10:55Z,262DD456-11EF-40FA-B633-5008DD7DA0D7,73,releasingRequest,phaseEnd,35295.341,23003000515,23560192,24511507688,6487572480,10155655168,39034236627,6102974464,0,0,0,completed
2026-09-12T21:10:55Z,262DD456-11EF-40FA-B633-5008DD7DA0D7,74,finished,terminal,35295.426,23003000515,23560192,24511999208,6487572480,10155655168,39034236627,6102974464,0,0,0,completed
2026-09-12T21:10:56Z,262DD456-11EF-40FA-B633-5008DD7DA0D7,75,settled,afterRelease,36314.475,22804590275,221970432,24240270472,6487572480,10155655168,39034236627,6102974464,0,0,0,completed
2026-09-12T21:11:45Z,3180B80E-40D1-427B-BC38-9119B0F255B1,1,preparing,observation,0.031,22804459203,568201866,24606796936,6415319040,9505734656,39034236627,,,,,
2026-09-12T21:11:45Z,3180B80E-40D1-427B-BC38-9119B0F255B1,2,preparing,observation,0.145,22804459203,568201866,24606796936,6415319040,9505734656,39034236627,,,,,
2026-09-12T21:11:45Z,3180B80E-40D1-427B-BC38-9119B0F255B1,3,preparing,observation,1.472,22804459203,568201866,24606796936,6415319040,9505734656,39034236627,,,,,
2026-09-12T21:11:45Z,3180B80E-40D1-427B-BC38-9119B0F255B1,4,preparing,phaseEnd,47.361,22804836035,568939146,24607648904,6415220736,9505734656,39034236627,,,,,
2026-09-12T21:11:45Z,3180B80E-40D1-427B-BC38-9119B0F255B1,5,restoring,phaseBegin,47.408,22804836035,568939146,24607648904,6415220736,9505734656,39034236627,6102974464,0,0,,
2026-09-12T21:11:45Z,3180B80E-40D1-427B-BC38-9119B0F255B1,6,restoring,observation,47.471,22804836035,568939146,24607648904,6415220736,9505734656,39034236627,6102974464,0,0,,
2026-09-12T21:11:45Z,3180B80E-40D1-427B-BC38-9119B0F255B1,7,restoring,phaseEnd,52.821,22959664835,414110370,24607648904,6415220736,9505734656,39034236627,6102974464,0,0,,
2026-09-12T21:11:45Z,3180B80E-40D1-427B-BC38-9119B0F255B1,8,restored,phaseBegin,52.898,22959664835,414110370,24607648904,6415220736,9505734656,39034236627,6102974464,0,0,153944064,
2026-09-12T21:11:45Z,3180B80E-40D1-427B-BC38-9119B0F255B1,9,restored,phaseEnd,60.013,22959664835,414110370,24607665288,6415220736,9505734656,39034236627,6102974464,0,0,153944064,
2026-09-12T21:11:45Z,3180B80E-40D1-427B-BC38-9119B0F255B1,10,prefilling,phaseBegin,60.091,22959664835,414110370,24607665288,6415220736,9505734656,39034236627,6102974464,0,0,153944064,
2026-09-12T21:11:45Z,3180B80E-40D1-427B-BC38-9119B0F255B1,11,prefilling,phaseEnd,60.170,22959664835,414110370,24607665288,6415220736,9505734656,39034236627,6102974464,0,0,153944064,
2026-09-12T21:11:45Z,3180B80E-40D1-427B-BC38-9119B0F255B1,12,dflashPreparing,phaseBegin,60.225,22959664835,414110370,24607665288,6415220736,9505734656,39034236627,6102974464,0,0,153944064,
2026-09-12T21:11:46Z,3180B80E-40D1-427B-BC38-9119B0F255B1,13,dflashPreparing,phaseEnd,670.059,23067898535,106495493,24407796848,6415220736,9497346048,39034236627,6102974464,0,0,153944064,
2026-09-12T21:11:46Z,3180B80E-40D1-427B-BC38-9119B0F255B1,14,prefilled,phaseBegin,670.205,23067898535,106495493,24407796848,6415220736,9497346048,39034236627,6102974464,0,0,153944064,
2026-09-12T21:11:46Z,3180B80E-40D1-427B-BC38-9119B0F255B1,15,prefilled,phaseEnd,679.315,23051301507,123092521,24407813232,6415220736,9497346048,39034236627,6102974464,0,0,153944064,
2026-09-12T21:11:46Z,3180B80E-40D1-427B-BC38-9119B0F255B1,16,decoding,phaseBegin,679.410,23051301507,123092521,24407813232,6415220736,9497346048,39034236627,6102974464,0,0,153944064,
2026-09-12T21:11:46Z,3180B80E-40D1-427B-BC38-9119B0F255B1,17,decoding,observation,679.531,23050924687,123469341,24407813232,6415220736,9497346048,39034236627,6102974464,0,0,153944064,
2026-09-12T21:11:46Z,3180B80E-40D1-427B-BC38-9119B0F255B1,18,decoding,periodic,1011.104,23630101291,226817719,25091009648,6415073280,9497346048,39034236627,6102974464,0,0,153944064,
2026-09-12T21:11:47Z,3180B80E-40D1-427B-BC38-9119B0F255B1,19,decoding,periodic,2024.008,23514348399,346060555,25094089840,6415056896,9497346048,39034236627,6102974464,0,0,153944064,
2026-09-12T21:11:47Z,3180B80E-40D1-427B-BC38-9119B0F255B1,20,decoding,phaseEnd,2578.278,22959255235,901167543,25093270640,6415056896,9497346048,39034236627,6102974464,0,0,153944064,
2026-09-12T21:11:47Z,3180B80E-40D1-427B-BC38-9119B0F255B1,21,generationQuiescent,phaseBegin,2578.383,22959255235,901167543,25093270640,6415056896,9497346048,39034236627,6102974464,0,0,153944064,
2026-09-12T21:11:47Z,3180B80E-40D1-427B-BC38-9119B0F255B1,22,generationQuiescent,phaseEnd,2578.475,22959255235,901167543,25093270640,6415056896,9497346048,39034236627,6102974464,0,0,153944064,
2026-09-12T21:11:47Z,3180B80E-40D1-427B-BC38-9119B0F255B1,23,admittingCheckpoints,phaseBegin,2578.538,22959255235,901167543,25093270640,6415056896,9497346048,39034236627,6102974464,0,0,153944064,
2026-09-12T21:11:47Z,3180B80E-40D1-427B-BC38-9119B0F255B1,24,admittingCheckpoints,phaseEnd,2586.342,22959255235,901167543,25093287024,6415056896,9497346048,39034236627,6102974464,0,0,153944064,
2026-09-12T21:11:47Z,3180B80E-40D1-427B-BC38-9119B0F255B1,25,storingLeaf,phaseBegin,2586.451,22959255235,901167543,25093287024,6415056896,9497346048,39034236627,6102974464,6102974464,1,153944064,
2026-09-12T21:11:47Z,3180B80E-40D1-427B-BC38-9119B0F255B1,26,storingLeaf,phaseEnd,2589.251,22959255235,901167543,25093303408,6415040512,9497346048,39034236627,6102974464,6102974464,1,153944064,
2026-09-12T21:11:47Z,3180B80E-40D1-427B-BC38-9119B0F255B1,27,capturingLeaf,phaseBegin,2589.319,22959255235,901167543,25093303408,6415040512,9497346048,39034236627,6102974464,6102974464,1,153944064,
2026-09-12T21:11:47Z,3180B80E-40D1-427B-BC38-9119B0F255B1,28,capturingLeaf,phaseEnd,2589.539,22959255235,901167543,25093303408,6415040512,9497346048,39034236627,6102974464,6102974464,1,153944064,
2026-09-12T21:11:47Z,3180B80E-40D1-427B-BC38-9119B0F255B1,29,preparingPayload,phaseBegin,2589.613,22959255235,901167543,25093303408,6415040512,9497346048,39034236627,6102974464,6102974464,1,153944064,
2026-09-12T21:11:47Z,3180B80E-40D1-427B-BC38-9119B0F255B1,30,preparingPayload,phaseEnd,2591.674,23119605461,746584575,25099070576,6415040512,9497346048,39034236627,6102974464,6102974464,1,153944064,
2026-09-12T21:11:47Z,3180B80E-40D1-427B-BC38-9119B0F255B1,31,admittingLeaf,phaseBegin,2591.760,23119605443,746584593,25099070576,6415040512,9497346048,39034236627,6102974464,6102974464,1,153944064,
2026-09-12T21:11:47Z,3180B80E-40D1-427B-BC38-9119B0F255B1,32,admittingLeaf,observation,2592.141,22964776643,901413393,25099070576,6415040512,9497346048,39034236627,6102974464,6102974464,1,0,
2026-09-12T21:11:47Z,3180B80E-40D1-427B-BC38-9119B0F255B1,33,admittingLeaf,phaseEnd,2601.110,22961548995,3227648,24588266560,6414909440,9497346048,39034236627,6102974464,6102974464,1,0,
2026-09-12T21:11:47Z,3180B80E-40D1-427B-BC38-9119B0F255B1,34,recordingRequest,phaseBegin,2601.198,22961548995,3227648,24580615232,6414909440,9497346048,39034236627,6102974464,6102974464,1,0,
2026-09-12T21:11:47Z,3180B80E-40D1-427B-BC38-9119B0F255B1,35,recordingRequest,phaseEnd,2602.528,22948277955,16498688,24456997952,6414909440,9497346048,39034236627,6102974464,6102974464,1,0,
2026-09-12T21:11:47Z,3180B80E-40D1-427B-BC38-9119B0F255B1,36,finishingStream,phaseBegin,2602.601,22945050307,19726336,24450706496,6414909440,9497346048,39034236627,6108741632,0,0,0,
2026-09-12T21:11:47Z,3180B80E-40D1-427B-BC38-9119B0F255B1,37,finishingStream,cancelSignal,2602.679,22944689859,20086784,24444415040,6414909440,9497346048,39034236627,6108741632,0,0,0,
2026-09-12T21:11:47Z,3180B80E-40D1-427B-BC38-9119B0F255B1,38,finishingStream,phaseEnd,2602.764,22944689859,20086784,24435764288,6414909440,9497346048,39034236627,6108741632,0,0,0,
2026-09-12T21:11:47Z,3180B80E-40D1-427B-BC38-9119B0F255B1,39,releasingRequest,phaseBegin,2602.843,22944689859,20086784,24429472832,6414909440,9497346048,39034236627,6108741632,0,0,0,
2026-09-12T21:11:47Z,3180B80E-40D1-427B-BC38-9119B0F255B1,40,releasingRequest,observation,2602.971,22944689859,20086784,24416889920,6414909440,9497346048,39034236627,6108741632,0,0,0,
2026-09-12T21:11:47Z,3180B80E-40D1-427B-BC38-9119B0F255B1,41,releasingRequest,phaseEnd,2603.060,22941462211,23314432,24407551040,6414909440,9497346048,39034236627,6108741632,0,0,0,completed
2026-09-12T21:11:47Z,3180B80E-40D1-427B-BC38-9119B0F255B1,42,finished,terminal,2603.137,22941462211,23314432,24407895104,6414909440,9497346048,39034236627,6108741632,0,0,0,completed
2026-09-12T21:11:48Z,83FABB10-4E54-46FD-8C4E-6F3B0BFDCCBD,1,preparing,observation,0.032,22804426435,160350208,24374848744,6414860288,9488957440,39034236627,,,,,
2026-09-12T21:11:48Z,83FABB10-4E54-46FD-8C4E-6F3B0BFDCCBD,2,preparing,observation,0.107,22804426435,160350208,24374848744,6414860288,9488957440,39034236627,,,,,
2026-09-12T21:11:48Z,83FABB10-4E54-46FD-8C4E-6F3B0BFDCCBD,3,preparing,observation,1.031,22804426435,160350208,24374848744,6414860288,9488957440,39034236627,,,,,
2026-09-12T21:11:48Z,83FABB10-4E54-46FD-8C4E-6F3B0BFDCCBD,4,preparing,phaseEnd,366.103,22804803267,161087488,24367738088,6414499840,9430237184,39034236627,,,,,
2026-09-12T21:11:48Z,83FABB10-4E54-46FD-8C4E-6F3B0BFDCCBD,5,restoring,phaseBegin,366.203,22804803267,161087488,24367738088,6414499840,9430237184,39034236627,6108741632,0,0,,
2026-09-12T21:11:48Z,83FABB10-4E54-46FD-8C4E-6F3B0BFDCCBD,6,restoring,observation,366.283,22804803267,161087488,24367738088,6414499840,9430237184,39034236627,6108741632,0,0,,
2026-09-12T21:11:48Z,83FABB10-4E54-46FD-8C4E-6F3B0BFDCCBD,7,restoring,phaseEnd,369.985,22959386307,6504928,24367738088,6414499840,9430237184,39034236627,6108741632,0,0,,
2026-09-12T21:11:48Z,83FABB10-4E54-46FD-8C4E-6F3B0BFDCCBD,8,restored,phaseBegin,370.121,22959386307,6504928,24367738088,6414499840,9430237184,39034236627,6108741632,0,0,153944064,
2026-09-12T21:11:48Z,83FABB10-4E54-46FD-8C4E-6F3B0BFDCCBD,9,restored,phaseEnd,379.349,22959386307,6504928,24367754472,6414499840,9421848576,39034236627,6108741632,0,0,153944064,
2026-09-12T21:11:48Z,83FABB10-4E54-46FD-8C4E-6F3B0BFDCCBD,10,prefilling,phaseBegin,379.485,22959386307,6504928,24367754472,6414499840,9421848576,39034236627,6108741632,0,0,153944064,
2026-09-12T21:11:48Z,83FABB10-4E54-46FD-8C4E-6F3B0BFDCCBD,11,prefilling,phaseEnd,379.573,22959386307,6504928,24367754472,6414499840,9421848576,39034236627,6108741632,0,0,153944064,
2026-09-12T21:11:48Z,83FABB10-4E54-46FD-8C4E-6F3B0BFDCCBD,12,dflashPreparing,phaseBegin,379.624,22959386307,6504928,24367754472,6414499840,9421848576,39034236627,6108741632,0,0,153944064,
2026-09-12T21:11:49Z,83FABB10-4E54-46FD-8C4E-6F3B0BFDCCBD,13,dflashPreparing,periodic,1011.697,23064703783,2098611341,26564406504,6414483456,9405071360,39034236627,6108741632,0,0,153944064,
2026-09-12T21:11:49Z,83FABB10-4E54-46FD-8C4E-6F3B0BFDCCBD,14,dflashPreparing,phaseEnd,1088.664,23084200615,2104247565,26589539560,6414483456,9405071360,39034236627,6108741632,0,0,153944064,
2026-09-12T21:11:49Z,83FABB10-4E54-46FD-8C4E-6F3B0BFDCCBD,15,prefilled,phaseBegin,1088.811,23084200615,2104247565,26589539560,6414483456,9405071360,39034236627,6108741632,0,0,153944064,
2026-09-12T21:11:49Z,83FABB10-4E54-46FD-8C4E-6F3B0BFDCCBD,16,prefilled,phaseEnd,1097.750,23067619971,2120828209,26589555944,6414483456,9405071360,39034236627,6108741632,0,0,153944064,
2026-09-12T21:11:49Z,83FABB10-4E54-46FD-8C4E-6F3B0BFDCCBD,17,decoding,phaseBegin,1097.841,23067619971,2120828209,26589555944,6414483456,9405071360,39034236627,6108741632,0,0,153944064,
2026-09-12T21:11:49Z,83FABB10-4E54-46FD-8C4E-6F3B0BFDCCBD,18,decoding,observation,1097.955,23067243147,2121205033,26589555944,6414483456,9405071360,39034236627,6108741632,0,0,153944064,
2026-09-12T21:11:49Z,3180B80E-40D1-427B-BC38-9119B0F255B1,43,settled,afterRelease,3620.246,23748609847,2064013344,26839887080,6414483456,9405071360,39034236627,6108741632,0,0,0,completed
2026-09-12T21:11:50Z,83FABB10-4E54-46FD-8C4E-6F3B0BFDCCBD,19,decoding,periodic,2016.415,23511172907,1997583371,26910567656,6414434304,9405071360,39034236627,6108741632,0,0,153944064,
2026-09-12T21:11:51Z,83FABB10-4E54-46FD-8C4E-6F3B0BFDCCBD,20,decoding,periodic,3016.992,23596251985,1912515381,26910878952,6414417920,9405071360,39034236627,6108741632,0,0,153944064,
2026-09-12T21:11:52Z,83FABB10-4E54-46FD-8C4E-6F3B0BFDCCBD,21,decoding,periodic,4040.509,23576951635,1931817779,26910878952,6414401536,9405071360,39034236627,6108741632,0,0,153944064,
2026-09-12T21:11:53Z,83FABB10-4E54-46FD-8C4E-6F3B0BFDCCBD,22,decoding,periodic,5052.377,23530666893,1978102521,26910846184,6414368768,9405071360,39034236627,6108741632,0,0,153944064,
2026-09-12T21:11:54Z,83FABB10-4E54-46FD-8C4E-6F3B0BFDCCBD,23,decoding,periodic,6054.612,23442229030,2066540384,26910846184,6414368768,9405071360,39034236627,6108741632,0,0,153944064,
2026-09-12T21:11:55Z,83FABB10-4E54-46FD-8C4E-6F3B0BFDCCBD,24,decoding,periodic,7061.673,23634836307,1873950003,26910649576,6414336000,9405071360,39034236627,6108741632,0,0,153944064,
2026-09-12T21:11:56Z,83FABB10-4E54-46FD-8C4E-6F3B0BFDCCBD,25,decoding,periodic,8065.484,23600102199,1908684111,26910649576,6414336000,9396682752,39034236627,6108741632,0,0,153944064,
2026-09-12T21:11:57Z,83FABB10-4E54-46FD-8C4E-6F3B0BFDCCBD,26,decoding,periodic,9069.574,23600102217,1910060357,26912107752,6414336000,9396682752,39034236627,6108741632,0,0,153944064,
2026-09-12T21:11:57Z,83FABB10-4E54-46FD-8C4E-6F3B0BFDCCBD,27,decoding,phaseEnd,9781.709,22975786691,2149490195,26581855464,6414319616,9396682752,39034236627,6108741632,0,0,153944064,
2026-09-12T21:11:57Z,83FABB10-4E54-46FD-8C4E-6F3B0BFDCCBD,28,generationQuiescent,phaseBegin,9781.804,22975786691,2149490195,26581855464,6414319616,9396682752,39034236627,6108741632,0,0,153944064,
2026-09-12T21:11:57Z,83FABB10-4E54-46FD-8C4E-6F3B0BFDCCBD,29,generationQuiescent,phaseEnd,9781.901,22975786691,2149490195,26581855464,6414319616,9396682752,39034236627,6108741632,0,0,153944064,
2026-09-12T21:11:57Z,83FABB10-4E54-46FD-8C4E-6F3B0BFDCCBD,30,admittingCheckpoints,phaseBegin,9781.964,22975786691,2149490195,26581855464,6414319616,9396682752,39034236627,6108741632,0,0,153944064,
2026-09-12T21:11:57Z,83FABB10-4E54-46FD-8C4E-6F3B0BFDCCBD,31,admittingCheckpoints,phaseEnd,9789.400,22975786691,2149490195,26581855464,6414319616,9396682752,39034236627,6108741632,0,0,153944064,
2026-09-12T21:11:57Z,83FABB10-4E54-46FD-8C4E-6F3B0BFDCCBD,32,storingLeaf,phaseBegin,9789.485,22975786691,2149490195,26581855464,6414319616,9396682752,39034236627,6108741632,6108741632,1,153944064,
2026-09-12T21:11:57Z,83FABB10-4E54-46FD-8C4E-6F3B0BFDCCBD,33,storingLeaf,phaseEnd,9793.124,22975786691,2149490195,26581888232,6414319616,9396682752,39034236627,6108741632,6108741632,1,153944064,
2026-09-12T21:11:57Z,83FABB10-4E54-46FD-8C4E-6F3B0BFDCCBD,34,capturingLeaf,phaseBegin,9793.199,22975786691,2149490195,26581888232,6414319616,9396682752,39034236627,6108741632,6108741632,1,153944064,
2026-09-12T21:11:57Z,83FABB10-4E54-46FD-8C4E-6F3B0BFDCCBD,35,capturingLeaf,phaseEnd,9793.439,22975786691,2149490195,26581888232,6414319616,9396682752,39034236627,6108741632,6108741632,1,153944064,
2026-09-12T21:11:57Z,83FABB10-4E54-46FD-8C4E-6F3B0BFDCCBD,36,preparingPayload,phaseBegin,9793.505,22975786691,2149490195,26581888232,6414319616,9396682752,39034236627,6108741632,6108741632,1,153944064,
2026-09-12T21:11:57Z,83FABB10-4E54-46FD-8C4E-6F3B0BFDCCBD,37,preparingPayload,phaseEnd,9796.415,23145049813,1808784995,26355952872,6414319616,9396682752,39034236627,6108741632,6108741632,1,153944064,
2026-09-12T21:11:57Z,83FABB10-4E54-46FD-8C4E-6F3B0BFDCCBD,38,admittingLeaf,phaseBegin,9796.483,23145049795,1808785013,26355952872,6414319616,9396682752,39034236627,6108741632,6108741632,1,153944064,
2026-09-12T21:11:57Z,83FABB10-4E54-46FD-8C4E-6F3B0BFDCCBD,39,admittingLeaf,observation,9796.878,22990466755,1963368053,26355952872,6414319616,9396682752,39034236627,6108741632,6108741632,1,0,
2026-09-12T21:11:57Z,83FABB10-4E54-46FD-8C4E-6F3B0BFDCCBD,40,admittingLeaf,phaseEnd,9808.469,22987239107,3227648,24592215200,6414319616,9396682752,39034236627,6108741632,6108741632,1,0,
2026-09-12T21:11:57Z,83FABB10-4E54-46FD-8C4E-6F3B0BFDCCBD,41,recordingRequest,phaseBegin,9808.554,22987239107,3227648,24592460984,6414319616,9396682752,39034236627,6108741632,6108741632,1,0,
2026-09-12T21:11:57Z,83FABB10-4E54-46FD-8C4E-6F3B0BFDCCBD,42,recordingRequest,phaseEnd,9809.961,22969265859,21200896,24593411256,6414319616,9396682752,39034236627,6108741632,6108741632,1,0,
2026-09-12T21:11:57Z,83FABB10-4E54-46FD-8C4E-6F3B0BFDCCBD,43,finishingStream,phaseBegin,9810.054,22969265859,21200896,24593411256,6414319616,9396682752,39034236627,6123094016,0,0,0,
2026-09-12T21:11:57Z,83FABB10-4E54-46FD-8C4E-6F3B0BFDCCBD,44,finishingStream,cancelSignal,9810.136,22969265859,21200896,24593411256,6414319616,9396682752,39034236627,6123094016,0,0,0,
2026-09-12T21:11:57Z,83FABB10-4E54-46FD-8C4E-6F3B0BFDCCBD,45,finishingStream,phaseEnd,9810.220,22966038211,24428544,24593476792,6414319616,9396682752,39034236627,6123094016,0,0,0,
2026-09-12T21:11:57Z,83FABB10-4E54-46FD-8C4E-6F3B0BFDCCBD,46,releasingRequest,phaseBegin,9810.289,22966038211,24428544,24593476792,6414319616,9396682752,39034236627,6123094016,0,0,0,
2026-09-12T21:11:57Z,83FABB10-4E54-46FD-8C4E-6F3B0BFDCCBD,47,releasingRequest,observation,9810.395,22966038211,24428544,24593476792,6414319616,9396682752,39034236627,6123094016,0,0,0,
2026-09-12T21:11:57Z,83FABB10-4E54-46FD-8C4E-6F3B0BFDCCBD,48,releasingRequest,phaseEnd,9810.475,22962810563,27656192,24593542328,6414319616,9396682752,39034236627,6123094016,0,0,0,completed
2026-09-12T21:11:57Z,83FABB10-4E54-46FD-8C4E-6F3B0BFDCCBD,49,finished,terminal,9810.550,22962810563,27656192,24593542328,6414319616,9396682752,39034236627,6123094016,0,0,0,completed
2026-09-12T21:11:58Z,83FABB10-4E54-46FD-8C4E-6F3B0BFDCCBD,50,settled,afterRelease,10811.866,22821203651,169263104,24563101072,6413713408,9396682752,39034236627,6123094016,0,0,0,completed
2026-09-12T21:13:41Z,12269653-B62A-4F47-BB80-48FA0A1B749D,1,preparing,observation,0.025,22821252803,511948824,24906460560,6408912896,9237299200,39034236627,,,,,
2026-09-12T21:13:41Z,12269653-B62A-4F47-BB80-48FA0A1B749D,2,preparing,observation,0.124,22821252803,511948824,24906460560,6408912896,9237299200,39034236627,,,,,
2026-09-12T21:13:41Z,12269653-B62A-4F47-BB80-48FA0A1B749D,3,preparing,observation,1.370,22821252803,511948824,24906460560,6408912896,9237299200,39034236627,,,,,
2026-09-12T21:13:41Z,12269653-B62A-4F47-BB80-48FA0A1B749D,4,preparing,phaseEnd,44.280,22821629635,512686104,24907672976,6408912896,9237299200,39034236627,,,,,
2026-09-12T21:13:41Z,12269653-B62A-4F47-BB80-48FA0A1B749D,5,restoring,phaseBegin,44.335,22821629635,512686104,24907672976,6408912896,9237299200,39034236627,6123094016,0,0,,
2026-09-12T21:13:41Z,12269653-B62A-4F47-BB80-48FA0A1B749D,6,restoring,observation,44.384,22821629635,512686104,24907672976,6408912896,9237299200,39034236627,6123094016,0,0,,
2026-09-12T21:13:41Z,12269653-B62A-4F47-BB80-48FA0A1B749D,7,restoring,phaseEnd,48.916,22976212675,358299696,24907869584,6408912896,9237299200,39034236627,6123094016,0,0,,
2026-09-12T21:13:41Z,12269653-B62A-4F47-BB80-48FA0A1B749D,8,restored,phaseBegin,48.998,22976212675,358299696,24907869584,6408912896,9237299200,39034236627,6123094016,0,0,153944064,
2026-09-12T21:13:41Z,12269653-B62A-4F47-BB80-48FA0A1B749D,9,restored,phaseEnd,56.292,22976212675,358299696,24907885968,6408912896,9237299200,39034236627,6123094016,0,0,153944064,
2026-09-12T21:13:41Z,12269653-B62A-4F47-BB80-48FA0A1B749D,10,prefilling,phaseBegin,56.382,22976212675,358299696,24907885968,6408912896,9237299200,39034236627,6123094016,0,0,153944064,
2026-09-12T21:13:41Z,12269653-B62A-4F47-BB80-48FA0A1B749D,11,prefilling,phaseEnd,56.471,22976212675,358299696,24907885968,6408912896,9237299200,39034236627,6123094016,0,0,153944064,
2026-09-12T21:13:41Z,12269653-B62A-4F47-BB80-48FA0A1B749D,12,dflashPreparing,phaseBegin,56.531,22976212675,358299696,24907885968,6408912896,9237299200,39034236627,6123094016,0,0,153944064,
2026-09-12T21:13:41Z,12269653-B62A-4F47-BB80-48FA0A1B749D,13,dflashPreparing,phaseEnd,671.894,23084462803,105708675,24762625424,6408912896,9237299200,39034236627,6123094016,0,0,153944064,
2026-09-12T21:13:41Z,12269653-B62A-4F47-BB80-48FA0A1B749D,14,prefilled,phaseBegin,672.040,23084462803,105708675,24762625424,6408912896,9237299200,39034236627,6123094016,0,0,153944064,
2026-09-12T21:13:41Z,12269653-B62A-4F47-BB80-48FA0A1B749D,15,prefilled,phaseEnd,680.734,23067882159,122289319,24762641808,6408912896,9237299200,39034236627,6123094016,0,0,153944064,
2026-09-12T21:13:41Z,12269653-B62A-4F47-BB80-48FA0A1B749D,16,decoding,phaseBegin,680.833,23067882159,122289319,24762641808,6408912896,9237299200,39034236627,6123094016,0,0,153944064,
2026-09-12T21:13:41Z,12269653-B62A-4F47-BB80-48FA0A1B749D,17,decoding,observation,680.959,23067505339,122666139,24762641808,6408912896,9237299200,39034236627,6123094016,0,0,153944064,
2026-09-12T21:13:42Z,12269653-B62A-4F47-BB80-48FA0A1B749D,18,decoding,periodic,1004.233,23635115048,226306844,25434549648,6408880128,9237299200,39034236627,6123094016,0,0,153944064,
2026-09-12T21:13:43Z,12269653-B62A-4F47-BB80-48FA0A1B749D,19,decoding,periodic,2012.835,23509662783,2065055129,27148152208,6408830976,9237299200,39034236627,6123094016,0,0,153944064,
2026-09-12T21:13:44Z,12269653-B62A-4F47-BB80-48FA0A1B749D,20,decoding,periodic,3031.146,23524539379,1988488945,27086417296,6408830976,9237299200,39034236627,6123094016,0,0,153944064,
2026-09-12T21:13:45Z,12269653-B62A-4F47-BB80-48FA0A1B749D,21,decoding,periodic,4037.005,23525686288,1987277396,27086237072,6408798208,9237299200,39034236627,6123094016,0,0,153944064,
2026-09-12T21:13:46Z,12269653-B62A-4F47-BB80-48FA0A1B749D,22,decoding,periodic,5038.610,23519738896,1993293396,27086204304,6408781824,9237299200,39034236627,6123094016,0,0,153944064,
2026-09-12T21:13:47Z,12269653-B62A-4F47-BB80-48FA0A1B749D,23,decoding,periodic,6043.682,23532223459,1980808833,27086204304,6408749056,9237299200,39034236627,6123094016,0,0,153944064,
2026-09-12T21:13:48Z,12269653-B62A-4F47-BB80-48FA0A1B749D,24,decoding,periodic,7046.930,23524522976,1988509316,27086204304,6408732672,9237299200,39034236627,6123094016,0,0,153944064,
2026-09-12T21:13:49Z,12269653-B62A-4F47-BB80-48FA0A1B749D,25,decoding,periodic,8051.096,23524768675,1988305009,27086187920,6408716288,9237299200,39034236627,6123094016,0,0,153944064,
2026-09-12T21:13:50Z,12269653-B62A-4F47-BB80-48FA0A1B749D,26,decoding,periodic,9055.913,23526030243,1987062545,27086187920,6408667136,9237299200,39034236627,6123094016,0,0,153944064,
2026-09-12T21:13:51Z,12269653-B62A-4F47-BB80-48FA0A1B749D,27,decoding,periodic,10059.435,23524522919,1988593733,27086187920,6408634368,9237299200,39034236627,6123094016,0,0,153944064,
2026-09-12T21:13:51Z,12269653-B62A-4F47-BB80-48FA0A1B749D,28,decoding,phaseEnd,10492.353,22992645827,2150469877,26778529168,6408634368,9237299200,39034236627,6123094016,0,0,153944064,
2026-09-12T21:13:51Z,12269653-B62A-4F47-BB80-48FA0A1B749D,29,generationQuiescent,phaseBegin,10492.444,22992645827,2150469877,26778529168,6408634368,9237299200,39034236627,6123094016,0,0,153944064,
2026-09-12T21:13:51Z,12269653-B62A-4F47-BB80-48FA0A1B749D,30,generationQuiescent,phaseEnd,10492.534,22992645827,2150469877,26778529168,6408634368,9237299200,39034236627,6123094016,0,0,153944064,
2026-09-12T21:13:51Z,12269653-B62A-4F47-BB80-48FA0A1B749D,31,admittingCheckpoints,phaseBegin,10492.598,22992645827,2150469877,26778529168,6408634368,9237299200,39034236627,6123094016,0,0,153944064,
2026-09-12T21:13:51Z,12269653-B62A-4F47-BB80-48FA0A1B749D,32,admittingCheckpoints,phaseEnd,10500.650,22992645827,2150469877,26778529168,6408634368,9237299200,39034236627,6123094016,0,0,153944064,
2026-09-12T21:13:51Z,12269653-B62A-4F47-BB80-48FA0A1B749D,33,storingLeaf,phaseBegin,10500.736,22992645827,2150469877,26778529168,6408634368,9237299200,39034236627,6123094016,6123094016,1,153944064,
2026-09-12T21:13:51Z,12269653-B62A-4F47-BB80-48FA0A1B749D,34,storingLeaf,phaseEnd,10504.519,22992645827,2150469877,26778561936,6408634368,9237299200,39034236627,6123094016,6123094016,1,153944064,
2026-09-12T21:13:51Z,12269653-B62A-4F47-BB80-48FA0A1B749D,35,capturingLeaf,phaseBegin,10504.595,22992645827,2150469877,26778561936,6408634368,9237299200,39034236627,6123094016,6123094016,1,153944064,
2026-09-12T21:13:51Z,12269653-B62A-4F47-BB80-48FA0A1B749D,36,capturingLeaf,phaseEnd,10504.859,22992645827,2150469877,26778561936,6408634368,9237299200,39034236627,6123094016,6123094016,1,153944064,
2026-09-12T21:13:51Z,12269653-B62A-4F47-BB80-48FA0A1B749D,37,preparingPayload,phaseBegin,10504.943,22992645827,2150469877,26778561936,6408634368,9237299200,39034236627,6123094016,6123094016,1,153944064,
2026-09-12T21:13:51Z,12269653-B62A-4F47-BB80-48FA0A1B749D,38,preparingPayload,phaseEnd,10507.808,23161679573,1808945435,26546875792,6408634368,9237299200,39034236627,6123094016,6123094016,1,153944064,
2026-09-12T21:13:51Z,12269653-B62A-4F47-BB80-48FA0A1B749D,39,admittingLeaf,phaseBegin,10507.891,23161679555,1808945453,26543730064,6408634368,9237299200,39034236627,6123094016,6123094016,1,153944064,
2026-09-12T21:13:51Z,12269653-B62A-4F47-BB80-48FA0A1B749D,40,admittingLeaf,observation,10508.297,23007096515,1963528493,26543730064,6408634368,9237299200,39034236627,6123094016,6123094016,1,0,
2026-09-12T21:13:51Z,12269653-B62A-4F47-BB80-48FA0A1B749D,41,admittingLeaf,phaseEnd,10519.693,23003868867,3227648,24675691848,6408634368,9237299200,39034236627,6123094016,6123094016,1,0,
2026-09-12T21:13:51Z,12269653-B62A-4F47-BB80-48FA0A1B749D,42,recordingRequest,phaseBegin,10519.782,23003868867,3227648,24675691848,6408634368,9237299200,39034236627,6123094016,6123094016,1,0,
2026-09-12T21:13:51Z,12269653-B62A-4F47-BB80-48FA0A1B749D,43,recordingRequest,phaseEnd,10521.206,22985961155,21135360,24675691848,6408634368,9237299200,39034236627,6123094016,6123094016,1,0,
2026-09-12T21:13:51Z,12269653-B62A-4F47-BB80-48FA0A1B749D,44,finishingStream,phaseBegin,10521.280,22985961155,21135360,24675691848,6408634368,9237299200,39034236627,6136987648,0,0,0,
2026-09-12T21:13:51Z,12269653-B62A-4F47-BB80-48FA0A1B749D,45,finishingStream,cancelSignal,10521.361,22982733507,24363008,24675691848,6408634368,9237299200,39034236627,6136987648,0,0,0,
2026-09-12T21:13:51Z,12269653-B62A-4F47-BB80-48FA0A1B749D,46,finishingStream,phaseEnd,10521.455,22982733507,24363008,24675691848,6408634368,9237299200,39034236627,6136987648,0,0,0,
2026-09-12T21:13:51Z,12269653-B62A-4F47-BB80-48FA0A1B749D,47,releasingRequest,phaseBegin,10521.537,22982733507,24363008,24675691848,6408634368,9237299200,39034236627,6136987648,0,0,0,
2026-09-12T21:13:51Z,12269653-B62A-4F47-BB80-48FA0A1B749D,48,releasingRequest,observation,10521.673,22979505859,27590656,24675691848,6408634368,9237299200,39034236627,6136987648,0,0,0,
2026-09-12T21:13:51Z,12269653-B62A-4F47-BB80-48FA0A1B749D,49,releasingRequest,phaseEnd,10521.777,22979505859,27590656,24675691848,6408634368,9237299200,39034236627,6136987648,0,0,0,completed
2026-09-12T21:13:51Z,12269653-B62A-4F47-BB80-48FA0A1B749D,50,finished,terminal,10521.863,22979505859,27590656,24675691848,6408634368,9237299200,39034236627,6136987648,0,0,0,completed
2026-09-12T21:13:52Z,12269653-B62A-4F47-BB80-48FA0A1B749D,51,settled,afterRelease,11524.193,22838062787,169033728,24580386216,6408585216,9237299200,39034236627,6136987648,0,0,0,completed
